﻿100798;;Unkn;Äter mindre;Tränar inte;Somnar sent;Vilar;Bråkar;Sjukdomsoro;Fokuserar inte;Sociala medier;Stannar hemma;Skjuter upp;Alkohol/droger;Självskadar;Självmordstankar;Äter mer;Tvångar;Ältar;Orostankar;Flashbacks;Panikångest;Smärta;Social ångest;Ensam/ledsen;Trött;Stressad;Uttråkad;Arg;Modify?;Painful?;
;Relev?;;;1;1;;;;1;1;;1;1;;;1;;;;;;;;;1;1;1;;;;
Äter mindre;;;;;;;;;;;;;;;;;;;;;;;;;;;;;;;Äter mindre
Tränar inte;1;0;;;0;;;;0;0;;0;20;;;0;;;;;;;;;40;40;0;;100;30;Tränar inte
Somnar sent;1;0;;20;;;;;0;30;;0;0;;;0;;;;;;;;;0;50;0;;70;70;Somnar sent
Vilar;;;;;;;;;;;;;;;;;;;;;;;;;;;;;;;Vilar
Bråkar;;;;;;;;;;;;;;;;;;;;;;;;;;;;;;;Bråkar
Sjukdomstankar;;;;;;;;;;;;;;;;;;;;;;;;;;;;;;;Sjukdomsoro
Fokuserar inte;1;0;;0;20;;;;;0;;0;0;;;0;;;;;;;;;50;30;0;;60;80;Fokuserar inte
Sociala medier;1;0;;0;0;;;;20;;;0;0;;;0;;;;;;;;;20;0;60;;100;50;Sociala medier
Stannar hemma;;;;;;;;;;;;;;;;;;;;;;;;;;;;;;;Stannar hemma
Skjuter upp;1;0;;0;0;;;;60;25;;;0;;;0;;;;;;;;;15;0;0;;80;70;Skjuter upp
Alkohol/droger;1;0;;0;0;;;;0;0;;0;;;;0;;;;;;;;;40;40;20;;100;60;Alkohol/droger
Självskadar;;;;;;;;;;;;;;;;;;;;;;;;;;;;;;;Självskadar
Självmordstankar;;;;;;;;;;;;;;;;;;;;;;;;;;;;;;;Självmordstankar
Äter mer;1;0;;10;0;;;;0;0;;0;60;;;;;;;;;;;;0;0;30;;100;90;Äter mer
Tvångar;;;;;;;;;;;;;;;;;;;;;;;;;;;;;;;Tvångar
Ältar;;;;;;;;;;;;;;;;;;;;;;;;;;;;;;;Ältar
Orostankar;;;;;;;;;;;;;;;;;;;;;;;;;;;;;;;Oro
Flashbacks;;;;;;;;;;;;;;;;;;;;;;;;;;;;;;;Flashbacks
Panikångest;;;;;;;;;;;;;;;;;;;;;;;;;;;;;;;Panikångest
Smärta;;;;;;;;;;;;;;;;;;;;;;;;;;;;;;;Smärta
Social ångest;;;;;;;;;;;;;;;;;;;;;;;;;;;;;;;Social ångest
Ensam/ledsen;;;;;;;;;;;;;;;;;;;;;;;;;;;;;;;Ensam/ledsen
Trött;1;0;;30;0;;;;0;50;;20;0;;;0;;;;;;;;;;;;;40;40;Trött
Stressad;1;0;;0;0;;;;40;45;;15;0;;;0;;;;;;;;;;;;;40;90;Stressad
Uttråkad;1;0;;30;0;;;;50;0;;20;0;;;0;;;;;;;;;;;;;30;21;Uttråkad
Arg;;;;;;;;;;;;;;;;;;;;;;;;;;;;;;;Arg
SUMMA;;;0;90;20;0;0;0;170;150;0;55;80;0;0;0;0;0;0;0;0;0;0;0;165;160;110;0;;;
;;;;;;;;;;;;;;;;;;;;;;;;;;;;;;;
;Obs: följ en rad högerut för att se vad problemet ORSAKAS av;;;;;;;;;;;;;;;;;;;;;;;;;;;;;;
;Följ en kolumn neråt för att se vad problemen i översta raden LEDER TILL;;;;;;;;;;;;;;;;;;;;;;;;;;;;;;
