﻿104755;;Unkn;Äter mindre;Tränar inte;Somnar sent;Vilar;Bråkar;Sjukdomsoro;Fokuserar inte;Sociala medier;Stannar hemma;Skjuter upp;Alkohol/droger;Självskadar;Självmordstankar;Äter mer;Tvångar;Ältar;Oro;Flashbacks;Panikångest;Smärta;Social ångest;Ensam/ledsen;Trött;Stressad;Uttråkad;Arg;Modify?;Painful?;
;Relev?;;1;1;1;1;;;1;1;1;1;;;;;;;1;;;;;;1;;1;;;;
Äter mindre;1;37;;21;0;0;;;0;0;0;29;;;;;;;0;;;;;;13;;0;;98;51;Äter mindre
Tränar inte;1;0;39;;50;0;;;0;0;0;11;;;;;;;0;;;;;;0;;0;;98;52;Tränar inte
Somnar sent;1;0;0;0;;50;;;0;0;39;11;;;;;;;0;;;;;;0;;0;;97;85;Somnar sent
Vilar;1;0;0;0;47;;;;0;0;25;0;;;;;;;0;;;;;;28;;0;;97;47;Vilar
Bråkar;;;;;;;;;;;;;;;;;;;;;;;;;;;;;;;Bråkar
Sjukdomsoro;;;;;;;;;;;;;;;;;;;;;;;;;;;;;;;Sjukdomsoro
Fokuserar inte;1;0;28;0;53;0;;;;0;0;19;;;;;;;0;;;;;;0;;0;;52;97;Fokuserar inte
Sociala medier;1;0;0;0;41;0;;;0;;32;27;;;;;;;0;;;;;;0;;0;;98;46;Sociala medier
Stannar hemma;1;0;0;0;43;36;;;0;0;;0;;;;;;;0;;;;;;21;;0;;95;76;Stannar hemma
Skjuter upp;1;0;0;0;45;0;;;0;0;0;;;;;;;;41;;;;;;14;;0;;96;92;Skjuter upp
Alkohol/droger;;;;;;;;;;;;;;;;;;;;;;;;;;;;;;;Alkohol/droger
Självskadar;;;;;;;;;;;;;;;;;;;;;;;;;;;;;;;Självskadar
Självmordstankar;;;;;;;;;;;;;;;;;;;;;;;;;;;;;;;Självmordstankar
Äter mer;;;;;;;;;;;;;;;;;;;;;;;;;;;;;;;Äter mer
Tvångar;;;;;;;;;;;;;;;;;;;;;;;;;;;;;;;Tvångar
Ältar;;;;;;;;;;;;;;;;;;;;;;;;;;;;;;;Ältar
Oro;1;0;0;35;0;0;;;35;0;30;0;;;;;;;;;;;;;0;;0;;42;95;Oro
Flashbacks;;;;;;;;;;;;;;;;;;;;;;;;;;;;;;;Flashbacks
Panikångest;;;;;;;;;;;;;;;;;;;;;;;;;;;;;;;Panikångest
Smärta;;;;;;;;;;;;;;;;;;;;;;;;;;;;;;;Smärta
Social ångest;;;;;;;;;;;;;;;;;;;;;;;;;;;;;;;Social ångest
Ensam/ledsen;;;;;;;;;;;;;;;;;;;;;;;;;;;;;;;Ensam/ledsen
Trött;1;0;34;33;33;0;;;0;0;0;0;;;;;;;0;;;;;;;;;;100;96;Trött
Stressad;;;;;;;;;;;;;;;;;;;;;;;;;;;;;;;Stressad
Uttråkad;1;0;40;34;26;0;;;0;0;0;0;;;;;;;0;;;;;;;;;;95;67;Uttråkad
Arg;;;;;;;;;;;;;;;;;;;;;;;;;;;;;;;Arg
SUMMA;;;141;123;338;86;0;0;35;0;126;97;0;0;0;0;0;0;41;0;0;0;0;0;76;0;0;0;;;
;;;;;;;;;;;;;;;;;;;;;;;;;;;;;;;
;Obs: följ en rad högerut för att se vad problemet ORSAKAS av;;;;;;;;;;;;;;;;;;;;;;;;;;;;;;
;Följ en kolumn neråt för att se vad problemen i översta raden LEDER TILL;;;;;;;;;;;;;;;;;;;;;;;;;;;;;;
