﻿109287;;Unkn;Äter mindre;Tränar inte;Somnar sent;Vilar;Bråkar;Sjukdomsoro;Fokuserar inte;Sociala medier;Stannar hemma;Skjuter upp;Alkohol/droger;Självskadar;Självmordstankar;Äter mer;Tvångar;Ältar;Oro;Flashbacks;Panikångest;Smärta;Social ångest;Ensam/ledsen;Trött;Stressad;Uttråkad;Arg;Modify?;Painful?;
;Relev?;;;1;;1;;;1;1;1;1;;;;;;1;1;;;;;1;1;;1;;;;
Äter mindre;;;;;;;;;;;;;;;;;;;;;;;;;;;;;;;Äter mindre
Tränar inte;1;0;;;;0;;;0;0;0;14;;;;;;0;0;;;;;0;86;;0;;93;4;Tränar inte
Somnar sent;;;;;;;;;;;;;;;;;;;;;;;;;;;;;;;Somnar sent
Vilar;1;0;;0;;;;;5;0;0;0;;;;;;0;0;;;;;33;62;;0;;100;0;Vilar
Bråkar;;;;;;;;;;;;;;;;;;;;;;;;;;;;;;;Bråkar
Sjukdomsoro;;;;;;;;;;;;;;;;;;;;;;;;;;;;;;;Sjukdomsoro
Fokuserar inte;1;60;;0;;0;;;;0;0;0;;;;;;0;0;;;;;16;24;;0;;51;50;Fokuserar inte
Sociala medier;1;0;;0;;0;;;0;;0;0;;;;;;52;27;;;;;0;0;;21;;100;0;Sociala medier
Stannar hemma;1;0;;0;;69;;;0;0;;0;;;;;;0;0;;;;;12;19;;0;;52;69;Stannar hemma
Skjuter upp;1;0;;0;;62;;;12;0;0;;;;;;;0;0;;;;;0;26;;0;;86;4;Skjuter upp
Alkohol/droger;;;;;;;;;;;;;;;;;;;;;;;;;;;;;;;Alkohol/droger
Självskadar;;;;;;;;;;;;;;;;;;;;;;;;;;;;;;;Självskadar
Självmordstankar;;;;;;;;;;;;;;;;;;;;;;;;;;;;;;;Självmordstankar
Äter mer;;;;;;;;;;;;;;;;;;;;;;;;;;;;;;;Äter mer
Tvångar;;;;;;;;;;;;;;;;;;;;;;;;;;;;;;;Tvångar
Ältar;1;40;;0;;0;;;0;0;0;0;;;;;;;25;;;;;35;0;;0;;10;99;Ältar
Oro;1;100;;0;;0;;;0;0;0;0;;;;;;0;;;;;;0;0;;0;;4;96;Oro
Flashbacks;;;;;;;;;;;;;;;;;;;;;;;;;;;;;;;Flashbacks
Panikångest;;;;;;;;;;;;;;;;;;;;;;;;;;;;;;;Panikångest
Smärta;;;;;;;;;;;;;;;;;;;;;;;;;;;;;;;Smärta
Social ångest;;;;;;;;;;;;;;;;;;;;;;;;;;;;;;;Social ångest
Ensam/ledsen;1;49;;0;;0;;;0;0;23;0;;;;;;15;13;;;;;;;;;;71;82;Ensam/ledsen
Trött;1;100;;0;;0;;;0;0;0;0;;;;;;0;0;;;;;;;;;;61;52;Trött
Stressad;;;;;;;;;;;;;;;;;;;;;;;;;;;;;;;Stressad
Uttråkad;1;51;;0;;20;;;0;0;29;0;;;;;;0;0;;;;;;;;;;64;51;Uttråkad
Arg;;;;;;;;;;;;;;;;;;;;;;;;;;;;;;;Arg
SUMMA;;;0;0;0;151;0;0;17;0;52;14;0;0;0;0;0;67;65;0;0;0;0;96;217;0;21;0;;;
;;;;;;;;;;;;;;;;;;;;;;;;;;;;;;;
;Obs: följ en rad högerut för att se vad problemet ORSAKAS av;;;;;;;;;;;;;;;;;;;;;;;;;;;;;;
;Följ en kolumn neråt för att se vad problemen i översta raden LEDER TILL;;;;;;;;;;;;;;;;;;;;;;;;;;;;;;
