﻿110723;;Unkn;Äter mindre;Tränar inte;Somnar sent;Vilar;Bråkar;Sjukdomsoro;Fokuserar inte;Sociala medier;Stannar hemma;Skjuter upp;Alkohol/droger;Självskadar;Självmordstankar;Äter mer;Tvångar;Ältar;Orostankar;Flashbacks;Panikångest;Smärta;Social ångest;Ensam/ledsen;Trött;Stressad;Uttråkad;Arg;Modify?;Painful?;
;Relev?;;1;1;;1;;;1;1;1;1;1;;1;;;1;1;;;1;;1;;1;1;;;;
Äter mindre;1;0;;0;;0;;;8;0;0;0;34;;0;;;0;0;;;0;;0;;58;0;;74;7;Äter mindre
Tränar inte;1;0;0;;;0;;;0;0;0;0;0;;0;;;17;0;;;64;;19;;0;0;;72;95;Tränar inte
Somnar sent;;;;;;;;;;;;;;;;;;;;;;;;;;;;;;;Somnar sent
Vilar;1;0;0;0;;;;;0;11;0;0;0;;0;;;10;0;;;79;;0;;0;0;;39;40;Vilar
Bråkar;;;;;;;;;;;;;;;;;;;;;;;;;;;;;;;Bråkar
Sjukdomstankar;;;;;;;;;;;;;;;;;;;;;;;;;;;;;;;Sjukdomsoro
Fokuserar inte;1;0;0;0;;0;;;;0;0;0;0;;0;;;0;16;;;70;;14;;0;0;;21;87;Fokuserar inte
Sociala medier;1;0;0;0;;26;;;0;;0;0;0;;0;;;0;23;;;51;;0;;0;0;;54;20;Sociala medier
Stannar hemma;1;0;0;0;;0;;;0;0;;16;0;;0;;;0;0;;;62;;22;;0;0;;76;75;Stannar hemma
Skjuter upp;1;0;0;0;;0;;;33;0;0;;0;;0;;;33;34;;;0;;0;;0;0;;18;91;Skjuter upp
Alkohol/droger;1;28;0;0;;0;;;0;0;0;0;;;0;;;20;24;;;0;;28;;0;0;;53;82;Alkohol/droger
Självskadar;;;;;;;;;;;;;;;;;;;;;;;;;;;;;;;Självskadar
Självmordstankar;1;0;0;0;;0;;;0;0;0;0;0;;;;;0;30;;;37;;33;;0;0;;91;100;Självmordstankar
Äter mer;;;;;;;;;;;;;;;;;;;;;;;;;;;;;;;Äter mer
Tvångar;;;;;;;;;;;;;;;;;;;;;;;;;;;;;;;Tvångar
Ältar;1;0;0;0;;0;;;14;0;0;0;0;;0;;;;37;;;0;;49;;0;0;;18;100;Ältar
Orostankar;1;0;0;0;;0;;;0;0;0;0;0;;0;;;35;;;;25;;40;;0;0;;1;100;Oro
Flashbacks;;;;;;;;;;;;;;;;;;;;;;;;;;;;;;;Flashbacks
Panikångest;;;;;;;;;;;;;;;;;;;;;;;;;;;;;;;Panikångest
Smärta;1;0;0;75;;25;;;0;0;0;0;0;;0;;;0;0;;;;;;;;;;0;100;Smärta
Social ångest;;;;;;;;;;;;;;;;;;;;;;;;;;;;;;;Social ångest
Ensam/ledsen;1;0;0;0;;0;;;0;0;0;0;0;;39;;;22;39;;;;;;;;;;10;100;Ensam/ledsen
Trött;;;;;;;;;;;;;;;;;;;;;;;;;;;;;;;Trött
Stressad;1;0;0;0;;0;;;36;0;0;31;0;;0;;;0;33;;;;;;;;;;74;55;Stressad
Uttråkad;1;0;0;0;;17;;;0;0;0;0;0;;0;;;28;55;;;;;;;;;;12;21;Uttråkad
Arg;;;;;;;;;;;;;;;;;;;;;;;;;;;;;;;Arg
SUMMA;;;0;75;0;68;0;0;91;11;0;47;34;0;39;0;0;165;291;0;0;388;0;205;0;58;0;0;;;
;;;;;;;;;;;;;;;;;;;;;;;;;;;;;;;
;Obs: följ en rad högerut för att se vad problemet ORSAKAS av;;;;;;;;;;;;;;;;;;;;;;;;;;;;;;
;Följ en kolumn neråt för att se vad problemen i översta raden LEDER TILL;;;;;;;;;;;;;;;;;;;;;;;;;;;;;;
