﻿124241;;Unkn;Äter mindre;Tränar inte;Somnar sent;Vilar;Bråkar;Sjukdomsoro;Fokuserar inte;Sociala medier;Stannar hemma;Skjuter upp;Alkohol/droger;Självskadar;Självmordstankar;Äter mer;Tvångar;Ältar;Orostankar;Flashbacks;Panikångest;Smärta;Social ångest;Ensam/ledsen;Trött;Stressad;Uttråkad;Arg;Modify?;Painful?;
;Relev?;;;;1;1;1;;;1;;1;;;;1;;1;1;;1;;;;;1;1;1;;;
Äter mindre;;;;;;;;;;;;;;;;;;;;;;;;;;;;;;;Äter mindre
Tränar inte;;;;;;;;;;;;;;;;;;;;;;;;;;;;;;;Tränar inte
Somnar sent;1;0;;;;0;61;;;0;;0;;;;0;;16;0;;23;;;;;0;0;0;100;20;Somnar sent
Vilar;1;27;;;17;;44;;;12;;0;;;;0;;0;0;;0;;;;;0;0;0;100;14;Vilar
Bråkar;1;25;;;0;0;;;;0;;0;;;;0;;29;0;;24;;;;;22;0;0;70;60;Bråkar
Sjukdomstankar;;;;;;;;;;;;;;;;;;;;;;;;;;;;;;;Sjukdomsoro
Fokuserar inte;;;;;;;;;;;;;;;;;;;;;;;;;;;;;;;Fokuserar inte
Sociala medier;1;36;;;0;0;0;;;;;23;;;;0;;26;15;;0;;;;;0;0;0;80;11;Sociala medier
Stannar hemma;;;;;;;;;;;;;;;;;;;;;;;;;;;;;;;Stannar hemma
Skjuter upp;1;0;;;0;0;56;;;0;;;;;;0;;44;0;;0;;;;;0;0;0;70;88;Skjuter upp
Alkohol/droger;;;;;;;;;;;;;;;;;;;;;;;;;;;;;;;Alkohol/droger
Självskadar;;;;;;;;;;;;;;;;;;;;;;;;;;;;;;;Självskadar
Självmordstankar;;;;;;;;;;;;;;;;;;;;;;;;;;;;;;;Självmordstankar
Äter mer;1;38;;;13;0;22;;;0;;0;;;;;;0;0;;0;;;;;27;0;0;70;18;Äter mer
Tvångar;;;;;;;;;;;;;;;;;;;;;;;;;;;;;;;Tvångar
Ältar;1;8;;;0;0;38;;;17;;37;;;;0;;;0;;0;;;;;0;0;0;60;45;Ältar
Orostankar;1;35;;;0;0;22;;;0;;22;;;;0;;0;;;0;;;;;0;0;21;80;76;Oro
Flashbacks;;;;;;;;;;;;;;;;;;;;;;;;;;;;;;;Flashbacks
Panikångest;1;0;;;0;0;55;;;0;;45;;;;0;;0;0;;;;;;;;;;90;34;Panikångest
Smärta;;;;;;;;;;;;;;;;;;;;;;;;;;;;;;;Smärta
Social ångest;;;;;;;;;;;;;;;;;;;;;;;;;;;;;;;Social ångest
Ensam/ledsen;;;;;;;;;;;;;;;;;;;;;;;;;;;;;;;Ensam/ledsen
Trött;;;;;;;;;;;;;;;;;;;;;;;;;;;;;;;Trött
Stressad;1;0;;;0;0;42;;;18;;40;;;;0;;0;0;;;;;;;;;;80;36;Stressad
Uttråkad;1;29;;;0;0;20;;;0;;31;;;;0;;20;0;;;;;;;;;;60;48;Uttråkad
Arg;1;19;;;0;0;20;;;26;;0;;;;0;;35;0;;;;;;;;;;70;41;Arg
SUMMA;;;0;0;30;0;380;0;0;73;0;198;0;0;0;0;0;170;15;0;47;0;0;0;0;49;0;21;;;
;;;;;;;;;;;;;;;;;;;;;;;;;;;;;;;
;Obs: följ en rad högerut för att se vad problemet ORSAKAS av;;;;;;;;;;;;;;;;;;;;;;;;;;;;;;
;Följ en kolumn neråt för att se vad problemen i översta raden LEDER TILL;;;;;;;;;;;;;;;;;;;;;;;;;;;;;;
