﻿127130;;Unkn;Äter mindre;Tränar inte;Somnar sent;Vilar;Bråkar;Sjukdomsoro;Fokuserar inte;Sociala medier;Stannar hemma;Skjuter upp;Alkohol/droger;Självskadar;Självmordstankar;Äter mer;Tvångar;Ältar;Orostankar;Flashbacks;Panikångest;Smärta;Social ångest;Ensam/ledsen;Trött;Stressad;Uttråkad;Arg;Modify?;Painful?;
;Relev?;;;1;1;1;;;1;1;1;1;;;;;;;1;;;1;1;;1;1;1;1;;;
Äter mindre;;;;;;;;;;;;;;;;;;;;;;;;;;;;;;;Äter mindre
Tränar inte;1;10;;;0;0;;;0;0;0;18;;;;;;;0;;;0;0;;72;0;0;0;100;33;Tränar inte
Somnar sent;1;5;;0;;14;;;0;18;0;0;;;;;;;0;;;0;0;;0;63;0;0;100;32;Somnar sent
Vilar;1;0;;0;50;;;;0;0;0;0;;;;;;;0;;;0;0;;50;0;0;0;100;9;Vilar
Bråkar;;;;;;;;;;;;;;;;;;;;;;;;;;;;;;;Bråkar
Sjukdomstankar;;;;;;;;;;;;;;;;;;;;;;;;;;;;;;;Sjukdomsoro
Fokuserar inte;1;0;;10;0;0;;;;0;0;0;;;;;;;0;;;36;0;;54;0;0;0;73;58;Fokuserar inte
Sociala medier;1;5;;0;0;0;;;33;;0;32;;;;;;;0;;;0;0;;30;0;0;0;100;32;Sociala medier
Stannar hemma;1;0;;0;19;0;;;0;0;;0;;;;;;;0;;;32;0;;49;0;0;0;100;18;Stannar hemma
Skjuter upp;1;0;;0;0;0;;;52;0;0;;;;;;;;0;;;0;0;;48;0;0;0;100;19;Skjuter upp
Alkohol/droger;;;;;;;;;;;;;;;;;;;;;;;;;;;;;;;Alkohol/droger
Självskadar;;;;;;;;;;;;;;;;;;;;;;;;;;;;;;;Självskadar
Självmordstankar;;;;;;;;;;;;;;;;;;;;;;;;;;;;;;;Självmordstankar
Äter mer;;;;;;;;;;;;;;;;;;;;;;;;;;;;;;;Äter mer
Tvångar;;;;;;;;;;;;;;;;;;;;;;;;;;;;;;;Tvångar
Ältar;;;;;;;;;;;;;;;;;;;;;;;;;;;;;;;Ältar
Orostankar;1;100;;0;0;0;;;0;0;0;0;;;;;;;;;;0;0;;0;0;0;0;61;52;Oro
Flashbacks;;;;;;;;;;;;;;;;;;;;;;;;;;;;;;;Flashbacks
Panikångest;;;;;;;;;;;;;;;;;;;;;;;;;;;;;;;Panikångest
Smärta;1;100;;0;0;0;;;0;0;0;0;;;;;;;0;;;;;;;;;;26;17;Smärta
Social ångest;1;100;;0;0;0;;;0;0;0;0;;;;;;;0;;;;;;;;;;64;33;Social ångest
Ensam/ledsen;;;;;;;;;;;;;;;;;;;;;;;;;;;;;;;Ensam/ledsen
Trött;1;0;;15;85;0;;;0;0;0;0;;;;;;;0;;;;;;;;;;84;55;Trött
Stressad;1;0;;10;0;56;;;34;0;0;0;;;;;;;0;;;;;;;;;;88;18;Stressad
Uttråkad;1;0;;26;52;0;;;22;0;0;0;;;;;;;0;;;;;;;;;;97;47;Uttråkad
Arg;1;71;;8;21;0;;;0;0;0;0;;;;;;;0;;;;;;;;;;93;41;Arg
SUMMA;;;0;69;227;70;0;0;141;18;0;50;0;0;0;0;0;0;0;0;0;68;0;0;303;63;0;0;;;
;;;;;;;;;;;;;;;;;;;;;;;;;;;;;;;
;Obs: följ en rad högerut för att se vad problemet ORSAKAS av;;;;;;;;;;;;;;;;;;;;;;;;;;;;;;
;Följ en kolumn neråt för att se vad problemen i översta raden LEDER TILL;;;;;;;;;;;;;;;;;;;;;;;;;;;;;;
