﻿140707;;Unkn;Äter mindre;Tränar inte;Somnar sent;Vilar;Bråkar;Sjukdomsoro;Fokuserar inte;Sociala medier;Stannar hemma;Skjuter upp;Alkohol/droger;Självskadar;Självmordstankar;Äter mer;Tvångar;Ältar;Orostankar;Flashbacks;Panikångest;Smärta;Social ångest;Ensam/ledsen;Trött;Stressad;Uttråkad;Arg;Modify?;Painful?;
;Relev?;;1;1;1;;;;1;;;1;;;1;1;;;1;1;;;;1;1;;;1;;;
Äter mindre;1;0;;48;0;;;;0;;;0;;;0;52;;;0;0;;;;0;0;;;0;100;50;Äter mindre
Tränar inte;1;0;0;;17;;;;0;;;0;;;0;83;;;0;0;;;;0;0;;;0;81;100;Tränar inte
Somnar sent;1;0;0;22;;;;;0;;;47;;;0;31;;;0;0;;;;0;0;;;0;55;100;Somnar sent
Vilar;;;;;;;;;;;;;;;;;;;;;;;;;;;;;;;Vilar
Bråkar;;;;;;;;;;;;;;;;;;;;;;;;;;;;;;;Bråkar
Sjukdomstankar;;;;;;;;;;;;;;;;;;;;;;;;;;;;;;;Sjukdomsoro
Fokuserar inte;1;0;0;30;34;;;;;;;0;;;0;0;;;36;0;;;;0;0;;;0;57;99;Fokuserar inte
Sociala medier;;;;;;;;;;;;;;;;;;;;;;;;;;;;;;;Sociala medier
Stannar hemma;;;;;;;;;;;;;;;;;;;;;;;;;;;;;;;Stannar hemma
Skjuter upp;1;0;0;0;0;;;;19;;;;;;0;0;;;0;0;;;;0;66;;;15;52;93;Skjuter upp
Alkohol/droger;;;;;;;;;;;;;;;;;;;;;;;;;;;;;;;Alkohol/droger
Självskadar;;;;;;;;;;;;;;;;;;;;;;;;;;;;;;;Självskadar
Självmordstankar;1;0;0;5;0;;;;0;;;0;;;;0;;;50;0;;;;45;0;;;0;100;100;Självmordstankar
Äter mer;1;0;45;0;9;;;;46;;;0;;;0;;;;0;0;;;;0;0;;;0;83;100;Äter mer
Tvångar;;;;;;;;;;;;;;;;;;;;;;;;;;;;;;;Tvångar
Ältar;;;;;;;;;;;;;;;;;;;;;;;;;;;;;;;Ältar
Orostankar;1;0;0;32;0;;;;0;;;0;;;26;0;;;;0;;;;42;0;;;0;68;100;Oro
Flashbacks;1;100;0;0;0;;;;0;;;0;;;0;0;;;0;;;;;;;;;;100;100;Flashbacks
Panikångest;;;;;;;;;;;;;;;;;;;;;;;;;;;;;;;Panikångest
Smärta;;;;;;;;;;;;;;;;;;;;;;;;;;;;;;;Smärta
Social ångest;;;;;;;;;;;;;;;;;;;;;;;;;;;;;;;Social ångest
Ensam/ledsen;1;100;0;0;0;;;;0;;;0;;;0;0;;;0;;;;;;;;;;97;65;Ensam/ledsen
Trött;1;100;0;0;0;;;;0;;;0;;;0;0;;;0;;;;;;;;;;100;100;Trött
Stressad;;;;;;;;;;;;;;;;;;;;;;;;;;;;;;;Stressad
Uttråkad;;;;;;;;;;;;;;;;;;;;;;;;;;;;;;;Uttråkad
Arg;1;100;0;0;0;;;;0;;;0;;;0;0;;;0;;;;;;;;;;75;100;Arg
SUMMA;;;45;137;60;0;0;0;65;0;0;47;0;0;26;166;0;0;86;0;0;0;0;87;66;0;0;15;;;
;;;;;;;;;;;;;;;;;;;;;;;;;;;;;;;
;Obs: följ en rad högerut för att se vad problemet ORSAKAS av;;;;;;;;;;;;;;;;;;;;;;;;;;;;;;
;Följ en kolumn neråt för att se vad problemen i översta raden LEDER TILL;;;;;;;;;;;;;;;;;;;;;;;;;;;;;;
