﻿141756;;Unkn;Äter mindre;Tränar inte;Somnar sent;Vilar;Bråkar;Sjukdomsoro;Fokuserar inte;Sociala medier;Stannar hemma;Skjuter upp;Alkohol/droger;Självskadar;Självmordstankar;Äter mer;Tvångar;Ältar;Orostankar;Flashbacks;Panikångest;Smärta;Social ångest;Ensam/ledsen;Trött;Stressad;Uttråkad;Arg;Modify?;Painful?;
;Relev?;;1;1;1;;;;;1;1;1;;;;;1;1;1;;;1;1;1;1;1;;1;;;
Äter mindre;1;100;;0;0;;;;;0;0;0;;;;;0;0;0;;;0;0;0;0;0;;0;77;5;Äter mindre
Tränar inte;1;5;5;;0;;;;;0;0;0;;;;;0;0;0;;;0;0;0;48;42;;0;69;15;Tränar inte
Somnar sent;1;25;0;0;;;;;;0;0;5;;;;;0;0;35;;;0;0;0;0;35;;0;87;79;Somnar sent
Vilar;;;;;;;;;;;;;;;;;;;;;;;;;;;;;;;Vilar
Bråkar;;;;;;;;;;;;;;;;;;;;;;;;;;;;;;;Bråkar
Sjukdomstankar;;;;;;;;;;;;;;;;;;;;;;;;;;;;;;;Sjukdomsoro
Fokuserar inte;;;;;;;;;;;;;;;;;;;;;;;;;;;;;;;Fokuserar inte
Sociala medier;1;45;0;0;0;;;;;;0;0;;;;;0;19;0;;;0;0;36;0;0;;0;95;39;Sociala medier
Stannar hemma;1;100;0;0;0;;;;;0;;0;;;;;0;0;0;;;0;0;0;0;0;;0;55;10;Stannar hemma
Skjuter upp;1;5;0;0;0;;;;;0;0;;;;;;5;0;45;;;0;0;0;45;0;;0;81;69;Skjuter upp
Alkohol/droger;;;;;;;;;;;;;;;;;;;;;;;;;;;;;;;Alkohol/droger
Självskadar;;;;;;;;;;;;;;;;;;;;;;;;;;;;;;;Självskadar
Självmordstankar;;;;;;;;;;;;;;;;;;;;;;;;;;;;;;;Självmordstankar
Äter mer;;;;;;;;;;;;;;;;;;;;;;;;;;;;;;;Äter mer
Tvångar;1;100;0;0;0;;;;;0;0;0;;;;;;0;0;;;0;0;0;0;0;;0;61;19;Tvångar
Ältar;1;10;0;0;0;;;;;0;0;0;;;;;0;;30;;;0;0;30;0;30;;0;21;91;Ältar
Orostankar;1;10;0;0;0;;;;;0;0;0;;;;;0;20;;;;0;0;0;35;35;;0;25;99;Oro
Flashbacks;;;;;;;;;;;;;;;;;;;;;;;;;;;;;;;Flashbacks
Panikångest;;;;;;;;;;;;;;;;;;;;;;;;;;;;;;;Panikångest
Smärta;1;10;0;0;10;;;;;0;0;0;;;;;0;40;40;;;;;;;;;;15;55;Smärta
Social ångest;1;30;0;0;0;;;;;0;0;5;;;;;0;50;15;;;;;;;;;;75;21;Social ångest
Ensam/ledsen;1;20;0;0;0;;;;;0;0;0;;;;;0;40;40;;;;;;;;;;19;79;Ensam/ledsen
Trött;1;10;0;0;30;;;;;0;0;0;;;;;0;20;40;;;;;;;;;;15;93;Trött
Stressad;1;25;0;0;0;;;;;0;0;30;;;;;0;15;30;;;;;;;;;;19;93;Stressad
Uttråkad;;;;;;;;;;;;;;;;;;;;;;;;;;;;;;;Uttråkad
Arg;1;30;0;0;15;;;;;0;0;0;;;;;0;40;15;;;;;;;;;;55;65;Arg
SUMMA;;;5;0;55;0;0;0;0;0;0;40;0;0;0;0;5;244;290;0;0;0;0;66;128;142;0;0;;;
;;;;;;;;;;;;;;;;;;;;;;;;;;;;;;;
;Obs: följ en rad högerut för att se vad problemet ORSAKAS av;;;;;;;;;;;;;;;;;;;;;;;;;;;;;;
;Följ en kolumn neråt för att se vad problemen i översta raden LEDER TILL;;;;;;;;;;;;;;;;;;;;;;;;;;;;;;
