﻿143586;;Unkn;Äter mindre;Tränar inte;Somnar sent;Vilar;Bråkar;Sjukdomsoro;Fokuserar inte;Sociala medier;Stannar hemma;Skjuter upp;Alkohol/droger;Självskadar;Självmordstankar;Äter mer;Tvångar;Ältar;Oro;Flashbacks;Panikångest;Smärta;Social ångest;Ensam/ledsen;Trött;Stressad;Uttråkad;Arg;Modify?;Painful?;
;Relev?;;1;;1;;;;1;;1;1;1;;;;;;;;1;1;1;;1;;;;;;
Äter mindre;1;9;;;34;;;;0;;0;0;0;;;;;;;;34;23;0;;0;;;;20;21;Äter mindre
Tränar inte;;;;;;;;;;;;;;;;;;;;;;;;;;;;;;;Tränar inte
Somnar sent;1;10;0;;;;;;0;;0;42;0;;;;;;;;0;48;0;;0;;;;4;51;Somnar sent
Vilar;;;;;;;;;;;;;;;;;;;;;;;;;;;;;;;Vilar
Bråkar;;;;;;;;;;;;;;;;;;;;;;;;;;;;;;;Bråkar
Sjukdomsoro;;;;;;;;;;;;;;;;;;;;;;;;;;;;;;;Sjukdomsoro
Fokuserar inte;1;15;0;;39;;;;;;0;0;0;;;;;;;;0;24;22;;0;;;;9;24;Fokuserar inte
Sociala medier;;;;;;;;;;;;;;;;;;;;;;;;;;;;;;;Sociala medier
Stannar hemma;1;2;0;;17;;;;0;;;0;0;;;;;;;;40;0;41;;0;;;;14;29;Stannar hemma
Skjuter upp;1;12;0;;39;;;;49;;0;;0;;;;;;;;0;0;0;;0;;;;64;33;Skjuter upp
Alkohol/droger;1;19;0;;0;;;;0;;0;0;;;;;;;;;81;0;0;;0;;;;86;3;Alkohol/droger
Självskadar;;;;;;;;;;;;;;;;;;;;;;;;;;;;;;;Självskadar
Självmordstankar;;;;;;;;;;;;;;;;;;;;;;;;;;;;;;;Självmordstankar
Äter mer;;;;;;;;;;;;;;;;;;;;;;;;;;;;;;;Äter mer
Tvångar;;;;;;;;;;;;;;;;;;;;;;;;;;;;;;;Tvångar
Ältar;;;;;;;;;;;;;;;;;;;;;;;;;;;;;;;Ältar
Oro;;;;;;;;;;;;;;;;;;;;;;;;;;;;;;;Oro
Flashbacks;;;;;;;;;;;;;;;;;;;;;;;;;;;;;;;Flashbacks
Panikångest;1;100;0;;0;;;;0;;0;0;0;;;;;;;;;;;;;;;;22;45;Panikångest
Smärta;1;100;0;;0;;;;0;;0;0;0;;;;;;;;;;;;;;;;10;45;Smärta
Social ångest;1;100;0;;0;;;;0;;0;0;0;;;;;;;;;;;;;;;;7;46;Social ångest
Ensam/ledsen;;;;;;;;;;;;;;;;;;;;;;;;;;;;;;;Ensam/ledsen
Trött;1;43;0;;57;;;;0;;0;0;0;;;;;;;;;;;;;;;;50;6;Trött
Stressad;;;;;;;;;;;;;;;;;;;;;;;;;;;;;;;Stressad
Uttråkad;;;;;;;;;;;;;;;;;;;;;;;;;;;;;;;Uttråkad
Arg;;;;;;;;;;;;;;;;;;;;;;;;;;;;;;;Arg
SUMMA;;;0;0;186;0;0;0;49;0;0;42;0;0;0;0;0;0;0;0;155;95;63;0;0;0;0;0;;;
;;;;;;;;;;;;;;;;;;;;;;;;;;;;;;;
;Obs: följ en rad högerut för att se vad problemet ORSAKAS av;;;;;;;;;;;;;;;;;;;;;;;;;;;;;;
;Följ en kolumn neråt för att se vad problemen i översta raden LEDER TILL;;;;;;;;;;;;;;;;;;;;;;;;;;;;;;
