﻿159921;;Unkn;Äter mindre;Tränar inte;Somnar sent;Vilar;Bråkar;Sjukdomsoro;Fokuserar inte;Sociala medier;Stannar hemma;Skjuter upp;Alkohol/droger;Självskadar;Självmordstankar;Äter mer;Tvångar;Ältar;Oro;Flashbacks;Panikångest;Smärta;Social ångest;Ensam/ledsen;Trött;Stressad;Uttråkad;Arg;Modify?;Painful?;
;Relev?;;;1;;;;;1;;;1;1;1;1;;1;1;1;;;;1;1;1;1;1;1;;;
Äter mindre;;;;;;;;;;;;;;;;;;;;;;;;;;;;;;;Äter mindre
Tränar inte;1;5;;;;;;;0;;;16;0;0;0;;0;0;0;;;;0;0;79;0;0;0;90;0;Tränar inte
Somnar sent;;;;;;;;;;;;;;;;;;;;;;;;;;;;;;;Somnar sent
Vilar;;;;;;;;;;;;;;;;;;;;;;;;;;;;;;;Vilar
Bråkar;;;;;;;;;;;;;;;;;;;;;;;;;;;;;;;Bråkar
Sjukdomsoro;;;;;;;;;;;;;;;;;;;;;;;;;;;;;;;Sjukdomsoro
Fokuserar inte;1;0;;0;;;;;;;;0;0;0;0;;14;50;0;;;;36;0;0;0;0;0;20;70;Fokuserar inte
Sociala medier;;;;;;;;;;;;;;;;;;;;;;;;;;;;;;;Sociala medier
Stannar hemma;;;;;;;;;;;;;;;;;;;;;;;;;;;;;;;Stannar hemma
Skjuter upp;1;0;;0;;;;;70;;;;0;0;0;;0;0;30;;;;0;0;0;0;0;0;80;50;Skjuter upp
Alkohol/droger;1;0;;0;;;;;25;;;0;;0;0;;0;0;51;;;;0;24;0;0;0;0;35;0;Alkohol/droger
Självskadar;1;0;;0;;;;;0;;;0;0;;44;;0;56;0;;;;0;0;0;0;0;0;60;80;Självskadar
Självmordstankar;1;0;;0;;;;;0;;;0;0;0;;;0;82;10;;;;0;0;8;0;0;0;40;95;Självmordstankar
Äter mer;;;;;;;;;;;;;;;;;;;;;;;;;;;;;;;Äter mer
Tvångar;1;0;;0;;;;;0;;;0;0;0;0;;;68;16;;;;16;0;0;0;0;0;20;30;Tvångar
Ältar;1;0;;0;;;;;0;;;40;0;0;26;;0;;0;;;;0;0;0;34;0;0;50;85;Ältar
Oro;1;0;;0;;;;;0;;;0;0;0;20;;0;53;;;;;27;0;0;0;0;0;50;85;Oro
Flashbacks;;;;;;;;;;;;;;;;;;;;;;;;;;;;;;;Flashbacks
Panikångest;;;;;;;;;;;;;;;;;;;;;;;;;;;;;;;Panikångest
Smärta;;;;;;;;;;;;;;;;;;;;;;;;;;;;;;;Smärta
Social ångest;1;100;;0;;;;;0;;;0;0;0;0;;0;0;0;;;;;;;;;;20;70;Social ångest
Ensam/ledsen;1;100;;0;;;;;0;;;0;0;0;0;;0;0;0;;;;;;;;;;40;50;Ensam/ledsen
Trött;1;100;;0;;;;;0;;;0;0;0;0;;0;0;0;;;;;;;;;;60;50;Trött
Stressad;1;0;;0;;;;;26;;;25;0;0;0;;0;0;49;;;;;;;;;;50;30;Stressad
Uttråkad;1;100;;0;;;;;0;;;0;0;0;0;;0;0;0;;;;;;;;;;30;40;Uttråkad
Arg;1;100;;0;;;;;0;;;0;0;0;0;;0;0;0;;;;;;;;;;80;25;Arg
SUMMA;;;0;0;0;0;0;0;121;0;0;81;0;0;90;0;14;309;156;0;0;0;79;24;87;34;0;0;;;
;;;;;;;;;;;;;;;;;;;;;;;;;;;;;;;
;Obs: följ en rad högerut för att se vad problemet ORSAKAS av;;;;;;;;;;;;;;;;;;;;;;;;;;;;;;
;Följ en kolumn neråt för att se vad problemen i översta raden LEDER TILL;;;;;;;;;;;;;;;;;;;;;;;;;;;;;;
