﻿176277;;Unkn;Äter mindre;Tränar inte;Somnar sent;Vilar;Bråkar;Sjukdomsoro;Fokuserar inte;Sociala medier;Stannar hemma;Skjuter upp;Alkohol/droger;Självskadar;Självmordstankar;Äter mer;Tvångar;Ältar;Orostankar;Flashbacks;Panikångest;Smärta;Social ångest;Ensam/ledsen;Trött;Stressad;Uttråkad;Arg;Modify?;Painful?;
;Relev?;;;;1;;1;;;;;1;;;;;1;1;1;1;;1;1;1;1;;;;;;
Äter mindre;;;;;;;;;;;;;;;;;;;;;;;;;;;;;;;Äter mindre
Tränar inte;;;;;;;;;;;;;;;;;;;;;;;;;;;;;;;Tränar inte
Somnar sent;1;50;;;;;0;;;;;30;;;;;0;0;20;0;;0;0;0;0;;;;40;8;Somnar sent
Vilar;;;;;;;;;;;;;;;;;;;;;;;;;;;;;;;Vilar
Bråkar;1;40;;;0;;;;;;;20;;;;;0;20;0;0;;0;20;0;0;;;;20;80;Bråkar
Sjukdomstankar;;;;;;;;;;;;;;;;;;;;;;;;;;;;;;;Sjukdomsoro
Fokuserar inte;;;;;;;;;;;;;;;;;;;;;;;;;;;;;;;Fokuserar inte
Sociala medier;;;;;;;;;;;;;;;;;;;;;;;;;;;;;;;Sociala medier
Stannar hemma;;;;;;;;;;;;;;;;;;;;;;;;;;;;;;;Stannar hemma
Skjuter upp;1;50;;;0;;0;;;;;;;;;;0;0;0;0;;0;0;0;50;;;;60;10;Skjuter upp
Alkohol/droger;;;;;;;;;;;;;;;;;;;;;;;;;;;;;;;Alkohol/droger
Självskadar;;;;;;;;;;;;;;;;;;;;;;;;;;;;;;;Självskadar
Självmordstankar;;;;;;;;;;;;;;;;;;;;;;;;;;;;;;;Självmordstankar
Äter mer;;;;;;;;;;;;;;;;;;;;;;;;;;;;;;;Äter mer
Tvångar;1;0;;;0;;0;;;;;0;;;;;;50;50;0;;0;0;0;0;;;;13;70;Tvångar
Ältar;1;0;;;0;;25;;;;;0;;;;;0;;0;40;;0;0;35;0;;;;37;80;Ältar
Orostankar;1;0;;;0;;0;;;;;0;;;;;5;0;;50;;0;0;45;0;;;;5;95;Oro
Flashbacks;1;0;;;0;;10;;;;;0;;;;;0;35;55;;;;;;;;;;20;95;Flashbacks
Panikångest;;;;;;;;;;;;;;;;;;;;;;;;;;;;;;;Panikångest
Smärta;1;100;;;0;;0;;;;;0;;;;;0;0;0;;;;;;;;;;80;50;Smärta
Social ångest;1;0;;;0;;0;;;;;0;;;;;0;50;50;;;;;;;;;;50;90;Social ångest
Ensam/ledsen;1;0;;;0;;0;;;;;0;;;;;0;50;50;;;;;;;;;;55;95;Ensam/ledsen
Trött;1;50;;;50;;0;;;;;0;;;;;0;0;0;;;;;;;;;;40;50;Trött
Stressad;;;;;;;;;;;;;;;;;;;;;;;;;;;;;;;Stressad
Uttråkad;;;;;;;;;;;;;;;;;;;;;;;;;;;;;;;Uttråkad
Arg;;;;;;;;;;;;;;;;;;;;;;;;;;;;;;;Arg
SUMMA;;;0;0;50;0;35;0;0;0;0;50;0;0;0;0;5;205;225;90;0;0;20;80;50;0;0;0;;;
;;;;;;;;;;;;;;;;;;;;;;;;;;;;;;;
;Obs: följ en rad högerut för att se vad problemet ORSAKAS av;;;;;;;;;;;;;;;;;;;;;;;;;;;;;;
;Följ en kolumn neråt för att se vad problemen i översta raden LEDER TILL;;;;;;;;;;;;;;;;;;;;;;;;;;;;;;
