﻿194762;;Unkn;Äter mindre;Tränar inte;Somnar sent;Vilar;Bråkar;Sjukdomsoro;Fokuserar inte;Sociala medier;Stannar hemma;Skjuter upp;Alkohol/droger;Självskadar;Självmordstankar;Äter mer;Tvångar;Ältar;Oro;Flashbacks;Panikångest;Smärta;Social ångest;Ensam/ledsen;Trött;Stressad;Uttråkad;Arg;Modify?;Painful?;
;Relev?;;;;1;1;;;1;;1;1;1;;1;;1;;1;;;1;1;;1;1;;;;;
Äter mindre;;;;;;;;;;;;;;;;;;;;;;;;;;;;;;;Äter mindre
Tränar inte;;;;;;;;;;;;;;;;;;;;;;;;;;;;;;;Tränar inte
Somnar sent;1;50;;;;0;;;0;;0;0;0;;0;;50;;0;;;0;0;;0;0;;;70;20;Somnar sent
Vilar;1;0;;;0;;;;0;;0;0;0;;0;;50;;0;;;0;0;;0;50;;;70;20;Vilar
Bråkar;;;;;;;;;;;;;;;;;;;;;;;;;;;;;;;Bråkar
Sjukdomsoro;;;;;;;;;;;;;;;;;;;;;;;;;;;;;;;Sjukdomsoro
Fokuserar inte;1;0;;;0;0;;;;;0;0;0;;0;;70;;10;;;0;0;;0;20;;;41;50;Fokuserar inte
Sociala medier;;;;;;;;;;;;;;;;;;;;;;;;;;;;;;;Sociala medier
Stannar hemma;1;0;;;0;0;;;0;;;0;0;;0;;100;;0;;;0;0;;0;0;;;30;50;Stannar hemma
Skjuter upp;1;0;;;0;0;;;0;;0;;0;;0;;100;;0;;;0;0;;0;0;;;30;50;Skjuter upp
Alkohol/droger;1;0;;;0;0;;;0;;0;0;;;0;;100;;0;;;0;0;;0;0;;;50;20;Alkohol/droger
Självskadar;;;;;;;;;;;;;;;;;;;;;;;;;;;;;;;Självskadar
Självmordstankar;1;0;;;0;0;;;0;;0;0;0;;;;100;;0;;;0;0;;0;0;;;50;70;Självmordstankar
Äter mer;;;;;;;;;;;;;;;;;;;;;;;;;;;;;;;Äter mer
Tvångar;1;100;;;0;0;;;0;;0;0;0;;0;;;;0;;;0;0;;0;0;;;5;100;Tvångar
Ältar;;;;;;;;;;;;;;;;;;;;;;;;;;;;;;;Ältar
Oro;1;0;;;0;0;;;0;;0;0;0;;0;;100;;;;;0;0;;0;0;;;50;100;Oro
Flashbacks;;;;;;;;;;;;;;;;;;;;;;;;;;;;;;;Flashbacks
Panikångest;;;;;;;;;;;;;;;;;;;;;;;;;;;;;;;Panikångest
Smärta;1;100;;;0;0;;;0;;0;0;0;;0;;0;;0;;;;;;;;;;70;40;Smärta
Social ångest;1;0;;;0;0;;;0;;0;0;0;;0;;0;;100;;;;;;;;;;40;40;Social ångest
Ensam/ledsen;;;;;;;;;;;;;;;;;;;;;;;;;;;;;;;Ensam/ledsen
Trött;1;0;;;0;0;;;0;;0;0;0;;0;;100;;0;;;;;;;;;;40;100;Trött
Stressad;1;0;;;0;0;;;0;;0;0;0;;0;;70;;30;;;;;;;;;;20;100;Stressad
Uttråkad;;;;;;;;;;;;;;;;;;;;;;;;;;;;;;;Uttråkad
Arg;;;;;;;;;;;;;;;;;;;;;;;;;;;;;;;Arg
SUMMA;;;0;0;0;0;0;0;0;0;0;0;0;0;0;0;840;0;140;0;0;0;0;0;0;70;0;0;;;
;;;;;;;;;;;;;;;;;;;;;;;;;;;;;;;
;Obs: följ en rad högerut för att se vad problemet ORSAKAS av;;;;;;;;;;;;;;;;;;;;;;;;;;;;;;
;Följ en kolumn neråt för att se vad problemen i översta raden LEDER TILL;;;;;;;;;;;;;;;;;;;;;;;;;;;;;;
