﻿200234;;Unkn;Äter mindre;Tränar inte;Somnar sent;Vilar;Bråkar;Sjukdomsoro;Fokuserar inte;Sociala medier;Stannar hemma;Skjuter upp;Alkohol/droger;Självskadar;Självmordstankar;Äter mer;Tvångar;Ältar;Orostankar;Flashbacks;Panikångest;Smärta;Social ångest;Ensam/ledsen;Trött;Stressad;Uttråkad;Arg;Modify?;Painful?;
;Relev?;;1;;1;1;;;1;;;;1;;1;;;1;1;;1;1;1;1;;1;1;1;;;
Äter mindre;1;0;;;0;0;;;0;;;;0;;0;;;0;0;;8;0;0;0;;67;0;25;72;24;Äter mindre
Tränar inte;;;;;;;;;;;;;;;;;;;;;;;;;;;;;;;Tränar inte
Somnar sent;1;0;0;;;0;;;0;;;;0;;0;;;0;0;;14;0;0;30;;56;0;0;49;99;Somnar sent
Vilar;1;0;0;;9;;;;0;;;;0;;0;;;0;0;;0;66;0;0;;25;0;0;83;47;Vilar
Bråkar;;;;;;;;;;;;;;;;;;;;;;;;;;;;;;;Bråkar
Sjukdomstankar;;;;;;;;;;;;;;;;;;;;;;;;;;;;;;;Sjukdomsoro
Fokuserar inte;1;0;0;;0;0;;;;;;;0;;0;;;0;0;;0;0;19;19;;62;0;0;32;82;Fokuserar inte
Sociala medier;;;;;;;;;;;;;;;;;;;;;;;;;;;;;;;Sociala medier
Stannar hemma;;;;;;;;;;;;;;;;;;;;;;;;;;;;;;;Stannar hemma
Skjuter upp;;;;;;;;;;;;;;;;;;;;;;;;;;;;;;;Skjuter upp
Alkohol/droger;1;0;0;;0;0;;;0;;;;;;0;;;60;0;;27;0;0;0;;0;13;0;47;63;Alkohol/droger
Självskadar;;;;;;;;;;;;;;;;;;;;;;;;;;;;;;;Självskadar
Självmordstankar;1;0;0;;0;0;;;0;;;;0;;;;;75;0;;0;0;0;25;;0;0;0;80;78;Självmordstankar
Äter mer;;;;;;;;;;;;;;;;;;;;;;;;;;;;;;;Äter mer
Tvångar;;;;;;;;;;;;;;;;;;;;;;;;;;;;;;;Tvångar
Ältar;1;0;0;;0;0;;;0;;;;0;;0;;;;0;;0;0;0;56;;26;0;18;17;100;Ältar
Orostankar;1;0;0;;0;0;;;0;;;;0;;0;;;0;;;49;0;0;44;;7;0;0;21;69;Oro
Flashbacks;;;;;;;;;;;;;;;;;;;;;;;;;;;;;;;Flashbacks
Panikångest;1;0;0;;0;0;;;19;;;;18;;0;;;63;0;;;;;;;;;;37;80;Panikångest
Smärta;1;0;30;;36;0;;;0;;;;0;;0;;;34;0;;;;;;;;;;33;52;Smärta
Social ångest;1;0;0;;0;0;;;44;;;;0;;0;;;30;26;;;;;;;;;;45;55;Social ångest
Ensam/ledsen;1;0;0;;0;0;;;0;;;;25;;0;;;57;18;;;;;;;;;;32;66;Ensam/ledsen
Trött;;;;;;;;;;;;;;;;;;;;;;;;;;;;;;;Trött
Stressad;1;0;0;;0;0;;;25;;;;0;;0;;;52;23;;;;;;;;;;18;79;Stressad
Uttråkad;1;0;0;;25;0;;;42;;;;0;;0;;;33;0;;;;;;;;;;15;95;Uttråkad
Arg;1;0;0;;0;0;;;17;;;;0;;0;;;60;23;;;;;;;;;;35;65;Arg
SUMMA;;;30;0;70;0;0;0;147;0;0;0;43;0;0;0;0;464;90;0;98;66;19;174;0;243;13;43;;;
;;;;;;;;;;;;;;;;;;;;;;;;;;;;;;;
;Obs: följ en rad högerut för att se vad problemet ORSAKAS av;;;;;;;;;;;;;;;;;;;;;;;;;;;;;;
;Följ en kolumn neråt för att se vad problemen i översta raden LEDER TILL;;;;;;;;;;;;;;;;;;;;;;;;;;;;;;
