﻿203126;;Unkn;Äter mindre;Tränar inte;Somnar sent;Vilar;Bråkar;Sjukdomsoro;Fokuserar inte;Sociala medier;Stannar hemma;Skjuter upp;Alkohol/droger;Självskadar;Självmordstankar;Äter mer;Tvångar;Ältar;Oro;Flashbacks;Panikångest;Smärta;Social ångest;Ensam/ledsen;Trött;Stressad;Uttråkad;Arg;Modify?;Painful?;
;Relev?;;;;1;;;;;;1;1;;;;;;1;1;;;;;1;1;1;1;1;;;
Äter mindre;;;;;;;;;;;;;;;;;;;;;;;;;;;;;;;Äter mindre
Tränar inte;;;;;;;;;;;;;;;;;;;;;;;;;;;;;;;Tränar inte
Somnar sent;1;0;;;;;;;;;0;0;;;;;;40;0;;;;;40;0;0;0;20;0;90;Somnar sent
Vilar;;;;;;;;;;;;;;;;;;;;;;;;;;;;;;;Vilar
Bråkar;;;;;;;;;;;;;;;;;;;;;;;;;;;;;;;Bråkar
Sjukdomsoro;;;;;;;;;;;;;;;;;;;;;;;;;;;;;;;Sjukdomsoro
Fokuserar inte;;;;;;;;;;;;;;;;;;;;;;;;;;;;;;;Fokuserar inte
Sociala medier;;;;;;;;;;;;;;;;;;;;;;;;;;;;;;;Sociala medier
Stannar hemma;1;0;;;0;;;;;;;0;;;;;;20;0;;;;;20;0;0;60;0;82;5;Stannar hemma
Skjuter upp;1;0;;;0;;;;;;0;;;;;;;33;0;;;;;0;33;0;34;0;32;30;Skjuter upp
Alkohol/droger;;;;;;;;;;;;;;;;;;;;;;;;;;;;;;;Alkohol/droger
Självskadar;;;;;;;;;;;;;;;;;;;;;;;;;;;;;;;Självskadar
Självmordstankar;;;;;;;;;;;;;;;;;;;;;;;;;;;;;;;Självmordstankar
Äter mer;;;;;;;;;;;;;;;;;;;;;;;;;;;;;;;Äter mer
Tvångar;;;;;;;;;;;;;;;;;;;;;;;;;;;;;;;Tvångar
Ältar;1;0;;;0;;;;;;0;0;;;;;;;0;;;;;50;0;0;0;50;75;90;Ältar
Oro;1;0;;;0;;;;;;0;0;;;;;;50;;;;;;50;0;0;0;0;80;90;Oro
Flashbacks;;;;;;;;;;;;;;;;;;;;;;;;;;;;;;;Flashbacks
Panikångest;;;;;;;;;;;;;;;;;;;;;;;;;;;;;;;Panikångest
Smärta;;;;;;;;;;;;;;;;;;;;;;;;;;;;;;;Smärta
Social ångest;;;;;;;;;;;;;;;;;;;;;;;;;;;;;;;Social ångest
Ensam/ledsen;1;0;;;0;;;;;;0;0;;;;;;50;50;;;;;;;;;;5;90;Ensam/ledsen
Trött;1;0;;;100;;;;;;0;0;;;;;;0;0;;;;;;;;;;0;5;Trött
Stressad;1;0;;;35;;;;;;0;0;;;;;;65;0;;;;;;;;;;30;50;Stressad
Uttråkad;1;0;;;0;;;;;;0;0;;;;;;50;50;;;;;;;;;;75;20;Uttråkad
Arg;1;0;;;0;;;;;;0;0;;;;;;50;50;;;;;;;;;;85;70;Arg
SUMMA;;;0;0;135;0;0;0;0;0;0;0;0;0;0;0;0;358;150;0;0;0;0;160;33;0;94;70;;;
;;;;;;;;;;;;;;;;;;;;;;;;;;;;;;;
;Obs: följ en rad högerut för att se vad problemet ORSAKAS av;;;;;;;;;;;;;;;;;;;;;;;;;;;;;;
;Följ en kolumn neråt för att se vad problemen i översta raden LEDER TILL;;;;;;;;;;;;;;;;;;;;;;;;;;;;;;
