﻿215183;;Unkn;Äter mindre;Tränar inte;Somnar sent;Vilar;Bråkar;Sjukdomsoro;Fokuserar inte;Sociala medier;Stannar hemma;Skjuter upp;Alkohol/droger;Självskadar;Självmordstankar;Äter mer;Tvångar;Ältar;Oro;Flashbacks;Panikångest;Smärta;Social ångest;Ensam/ledsen;Trött;Stressad;Uttråkad;Arg;Modify?;Painful?;
;Relev?;;1;1;1;1;1;;;1;;1;1;;1;1;;;;;;1;1;;1;;1;1;;;
Äter mindre;1;18;;0;0;0;0;;;0;;0;0;;0;82;;;;;;0;0;;0;;0;0;8;54;Äter mindre
Tränar inte;1;15;0;;0;35;0;;;0;;21;0;;0;0;;;;;;0;0;;29;;0;0;12;94;Tränar inte
Somnar sent;1;10;0;0;;23;20;;;0;;0;0;;47;0;;;;;;0;0;;0;;0;0;42;31;Somnar sent
Vilar;1;13;0;0;14;;0;;;0;;0;0;;0;0;;;;;;0;12;;61;;0;0;24;71;Vilar
Bråkar;1;14;0;0;0;33;;;;19;;34;0;;0;0;;;;;;0;0;;0;;0;0;2;95;Bråkar
Sjukdomsoro;;;;;;;;;;;;;;;;;;;;;;;;;;;;;;;Sjukdomsoro
Fokuserar inte;;;;;;;;;;;;;;;;;;;;;;;;;;;;;;;Fokuserar inte
Sociala medier;1;100;0;0;0;0;0;;;;;0;0;;0;0;;;;;;0;0;;0;;0;0;5;52;Sociala medier
Stannar hemma;;;;;;;;;;;;;;;;;;;;;;;;;;;;;;;Stannar hemma
Skjuter upp;1;0;0;0;33;42;0;;;0;;;0;;25;0;;;;;;0;0;;0;;0;0;4;79;Skjuter upp
Alkohol/droger;1;26;0;0;0;0;0;;;0;;0;;;43;9;;;;;;22;0;;0;;0;0;3;0;Alkohol/droger
Självskadar;;;;;;;;;;;;;;;;;;;;;;;;;;;;;;;Självskadar
Självmordstankar;1;0;0;49;0;0;35;;;0;;0;0;;;0;;;;;;0;0;;16;;0;0;40;100;Självmordstankar
Äter mer;1;35;30;0;0;0;0;;;0;;0;0;;35;;;;;;;0;0;;0;;0;0;58;100;Äter mer
Tvångar;;;;;;;;;;;;;;;;;;;;;;;;;;;;;;;Tvångar
Ältar;;;;;;;;;;;;;;;;;;;;;;;;;;;;;;;Ältar
Oro;;;;;;;;;;;;;;;;;;;;;;;;;;;;;;;Oro
Flashbacks;;;;;;;;;;;;;;;;;;;;;;;;;;;;;;;Flashbacks
Panikångest;;;;;;;;;;;;;;;;;;;;;;;;;;;;;;;Panikångest
Smärta;1;100;0;0;0;0;0;;;0;;0;0;;0;0;;;;;;;;;;;;;35;83;Smärta
Social ångest;1;100;0;0;0;0;0;;;0;;0;0;;0;0;;;;;;;;;;;;;6;78;Social ångest
Ensam/ledsen;;;;;;;;;;;;;;;;;;;;;;;;;;;;;;;Ensam/ledsen
Trött;1;100;0;0;0;0;0;;;0;;0;0;;0;0;;;;;;;;;;;;;13;79;Trött
Stressad;;;;;;;;;;;;;;;;;;;;;;;;;;;;;;;Stressad
Uttråkad;1;100;0;0;0;0;0;;;0;;0;0;;0;0;;;;;;;;;;;;;7;61;Uttråkad
Arg;1;100;0;0;0;0;0;;;0;;0;0;;0;0;;;;;;;;;;;;;9;56;Arg
SUMMA;;;30;49;47;133;55;0;0;19;0;55;0;0;150;91;0;0;0;0;0;22;12;0;106;0;0;0;;;
;;;;;;;;;;;;;;;;;;;;;;;;;;;;;;;
;Obs: följ en rad högerut för att se vad problemet ORSAKAS av;;;;;;;;;;;;;;;;;;;;;;;;;;;;;;
;Följ en kolumn neråt för att se vad problemen i översta raden LEDER TILL;;;;;;;;;;;;;;;;;;;;;;;;;;;;;;
