﻿223086;;Unkn;Äter mindre;Tränar inte;Somnar sent;Vilar;Bråkar;Sjukdomsoro;Fokuserar inte;Sociala medier;Stannar hemma;Skjuter upp;Alkohol/droger;Självskadar;Självmordstankar;Äter mer;Tvångar;Ältar;Orostankar;Flashbacks;Panikångest;Smärta;Social ångest;Ensam/ledsen;Trött;Stressad;Uttråkad;Arg;Modify?;Painful?;
;Relev?;;;1;;1;;1;1;;;1;1;;;;;1;1;;1;1;1;1;;1;1;1;;;
Äter mindre;;;;;;;;;;;;;;;;;;;;;;;;;;;;;;;Äter mindre
Tränar inte;1;0;;;;0;;0;69;;;0;0;;;;;31;0;;0;0;0;0;;0;0;0;97;22;Tränar inte
Somnar sent;;;;;;;;;;;;;;;;;;;;;;;;;;;;;;;Somnar sent
Vilar;1;0;;0;;;;0;25;;;0;0;;;;;0;0;;25;0;0;0;;50;0;0;97;3;Vilar
Bråkar;;;;;;;;;;;;;;;;;;;;;;;;;;;;;;;Bråkar
Sjukdomstankar;1;50;;0;;0;;;0;;;0;0;;;;;0;0;;0;0;0;0;;50;0;0;95;96;Sjukdomsoro
Fokuserar inte;1;0;;0;;0;;0;;;;10;0;;;;;0;0;;45;0;0;0;;45;0;0;95;98;Fokuserar inte
Sociala medier;;;;;;;;;;;;;;;;;;;;;;;;;;;;;;;Sociala medier
Stannar hemma;;;;;;;;;;;;;;;;;;;;;;;;;;;;;;;Stannar hemma
Skjuter upp;1;0;;0;;0;;0;0;;;;0;;;;;0;0;;49;0;0;2;;49;0;0;93;97;Skjuter upp
Alkohol/droger;1;0;;0;;0;;0;0;;;0;;;;;;0;0;;40;0;20;0;;40;0;0;90;10;Alkohol/droger
Självskadar;;;;;;;;;;;;;;;;;;;;;;;;;;;;;;;Självskadar
Självmordstankar;;;;;;;;;;;;;;;;;;;;;;;;;;;;;;;Självmordstankar
Äter mer;;;;;;;;;;;;;;;;;;;;;;;;;;;;;;;Äter mer
Tvångar;;;;;;;;;;;;;;;;;;;;;;;;;;;;;;;Tvångar
Ältar;1;0;;0;;0;;0;25;;;0;0;;;;;;0;;25;0;0;0;;50;0;0;94;97;Ältar
Orostankar;1;0;;0;;0;;0;0;;;0;0;;;;;0;;;34;0;0;0;;33;33;0;95;96;Oro
Flashbacks;;;;;;;;;;;;;;;;;;;;;;;;;;;;;;;Flashbacks
Panikångest;1;0;;0;;0;;0;20;;;0;0;;;;;40;40;;;;;;;;;;84;100;Panikångest
Smärta;1;0;;0;;0;;0;20;;;0;0;;;;;40;40;;;;;;;;;;96;4;Smärta
Social ångest;1;0;;0;;0;;0;20;;;0;0;;;;;30;50;;;;;;;;;;92;97;Social ångest
Ensam/ledsen;1;20;;0;;0;;0;0;;;0;0;;;;;40;40;;;;;;;;;;96;80;Ensam/ledsen
Trött;;;;;;;;;;;;;;;;;;;;;;;;;;;;;;;Trött
Stressad;1;0;;0;;0;;0;20;;;0;0;;;;;40;40;;;;;;;;;;90;88;Stressad
Uttråkad;1;0;;0;;0;;0;50;;;0;0;;;;;25;25;;;;;;;;;;82;97;Uttråkad
Arg;1;0;;0;;0;;0;20;;;0;0;;;;;40;40;;;;;;;;;;95;22;Arg
SUMMA;;;0;0;0;0;0;0;269;0;0;10;0;0;0;0;0;286;275;0;218;0;20;2;0;317;33;0;;;
;;;;;;;;;;;;;;;;;;;;;;;;;;;;;;;
;Obs: följ en rad högerut för att se vad problemet ORSAKAS av;;;;;;;;;;;;;;;;;;;;;;;;;;;;;;
;Följ en kolumn neråt för att se vad problemen i översta raden LEDER TILL;;;;;;;;;;;;;;;;;;;;;;;;;;;;;;
