﻿235883;;Unkn;Äter mindre;Tränar inte;Somnar sent;Vilar;Bråkar;Sjukdomsoro;Fokuserar inte;Sociala medier;Stannar hemma;Skjuter upp;Alkohol/droger;Självskadar;Självmordstankar;Äter mer;Tvångar;Ältar;Orostankar;Flashbacks;Panikångest;Smärta;Social ångest;Ensam/ledsen;Trött;Stressad;Uttråkad;Arg;Modify?;Painful?;
;Relev?;;;1;;1;;;;1;;1;;;;;;1;1;;;1;1;1;1;1;;;;;
Äter mindre;;;;;;;;;;;;;;;;;;;;;;;;;;;;;;;Äter mindre
Tränar inte;1;0;;;;60;;;;40;;0;;;;;;0;0;;;0;0;0;0;0;;;80;50;Tränar inte
Somnar sent;;;;;;;;;;;;;;;;;;;;;;;;;;;;;;;Somnar sent
Vilar;1;0;;100;;;;;;0;;0;;;;;;0;0;;;0;0;0;0;0;;;80;100;Vilar
Bråkar;;;;;;;;;;;;;;;;;;;;;;;;;;;;;;;Bråkar
Sjukdomstankar;;;;;;;;;;;;;;;;;;;;;;;;;;;;;;;Sjukdomsoro
Fokuserar inte;;;;;;;;;;;;;;;;;;;;;;;;;;;;;;;Fokuserar inte
Sociala medier;1;100;;0;;0;;;;;;0;;;;;;0;0;;;0;0;0;0;0;;;0;100;Sociala medier
Stannar hemma;;;;;;;;;;;;;;;;;;;;;;;;;;;;;;;Stannar hemma
Skjuter upp;1;0;;0;;50;;;;50;;;;;;;;0;0;;;0;0;0;0;0;;;1;51;Skjuter upp
Alkohol/droger;;;;;;;;;;;;;;;;;;;;;;;;;;;;;;;Alkohol/droger
Självskadar;;;;;;;;;;;;;;;;;;;;;;;;;;;;;;;Självskadar
Självmordstankar;;;;;;;;;;;;;;;;;;;;;;;;;;;;;;;Självmordstankar
Äter mer;;;;;;;;;;;;;;;;;;;;;;;;;;;;;;;Äter mer
Tvångar;;;;;;;;;;;;;;;;;;;;;;;;;;;;;;;Tvångar
Ältar;1;100;;0;;0;;;;0;;0;;;;;;;0;;;0;0;0;0;0;;;100;100;Ältar
Orostankar;1;100;;0;;0;;;;0;;0;;;;;;0;;;;0;0;0;0;0;;;100;100;Oro
Flashbacks;;;;;;;;;;;;;;;;;;;;;;;;;;;;;;;Flashbacks
Panikångest;;;;;;;;;;;;;;;;;;;;;;;;;;;;;;;Panikångest
Smärta;1;0;;0;;0;;;;0;;0;;;;;;100;0;;;;;;;;;;100;100;Smärta
Social ångest;1;100;;0;;0;;;;0;;0;;;;;;0;0;;;;;;;;;;10;71;Social ångest
Ensam/ledsen;1;100;;0;;0;;;;0;;0;;;;;;0;0;;;;;;;;;;60;69;Ensam/ledsen
Trött;1;0;;40;;0;;;;0;;0;;;;;;20;40;;;;;;;;;;79;57;Trött
Stressad;1;0;;0;;0;;;;0;;0;;;;;;40;60;;;;;;;;;;100;100;Stressad
Uttråkad;;;;;;;;;;;;;;;;;;;;;;;;;;;;;;;Uttråkad
Arg;;;;;;;;;;;;;;;;;;;;;;;;;;;;;;;Arg
SUMMA;;;0;140;0;110;0;0;0;90;0;0;0;0;0;0;0;160;100;0;0;0;0;0;0;0;0;0;;;
;;;;;;;;;;;;;;;;;;;;;;;;;;;;;;;
;Obs: följ en rad högerut för att se vad problemet ORSAKAS av;;;;;;;;;;;;;;;;;;;;;;;;;;;;;;
;Följ en kolumn neråt för att se vad problemen i översta raden LEDER TILL;;;;;;;;;;;;;;;;;;;;;;;;;;;;;;
