﻿241756;;Unkn;Äter mindre;Tränar inte;Somnar sent;Vilar;Bråkar;Sjukdomsoro;Fokuserar inte;Sociala medier;Stannar hemma;Skjuter upp;Alkohol/droger;Självskadar;Självmordstankar;Äter mer;Tvångar;Ältar;Orostankar;Flashbacks;Panikångest;Smärta;Social ångest;Ensam/ledsen;Trött;Stressad;Uttråkad;Arg;Modify?;Painful?;
;Relev?;;1;;;1;;;1;;1;1;1;1;;;;1;1;1;1;;1;1;1;;;;;;
Äter mindre;1;0;;;;0;;;0;;0;0;0;94;;;;0;0;0;6;;0;0;0;;;;88;98;Äter mindre
Tränar inte;;;;;;;;;;;;;;;;;;;;;;;;;;;;;;;Tränar inte
Somnar sent;;;;;;;;;;;;;;;;;;;;;;;;;;;;;;;Somnar sent
Vilar;1;0;0;;;;;;84;;0;0;0;0;;;;0;0;0;16;;0;0;0;;;;87;22;Vilar
Bråkar;;;;;;;;;;;;;;;;;;;;;;;;;;;;;;;Bråkar
Sjukdomstankar;;;;;;;;;;;;;;;;;;;;;;;;;;;;;;;Sjukdomsoro
Fokuserar inte;1;0;97;;;0;;;;;0;0;0;0;;;;0;0;3;0;;0;0;0;;;;87;48;Fokuserar inte
Sociala medier;;;;;;;;;;;;;;;;;;;;;;;;;;;;;;;Sociala medier
Stannar hemma;1;0;81;;;12;;;0;;;0;0;0;;;;0;0;0;0;;0;0;7;;;;86;19;Stannar hemma
Skjuter upp;1;0;95;;;5;;;0;;0;;0;0;;;;0;0;0;0;;0;0;0;;;;86;31;Skjuter upp
Alkohol/droger;1;0;0;;;0;;;0;;0;0;;0;;;;0;0;100;0;;0;0;0;;;;86;22;Alkohol/droger
Självskadar;1;100;0;;;0;;;0;;0;0;0;;;;;0;0;0;0;;0;0;0;;;;86;97;Självskadar
Självmordstankar;;;;;;;;;;;;;;;;;;;;;;;;;;;;;;;Självmordstankar
Äter mer;;;;;;;;;;;;;;;;;;;;;;;;;;;;;;;Äter mer
Tvångar;;;;;;;;;;;;;;;;;;;;;;;;;;;;;;;Tvångar
Ältar;1;100;0;;;0;;;0;;0;0;0;0;;;;;0;0;0;;0;0;0;;;;85;28;Ältar
Orostankar;1;100;0;;;0;;;0;;0;0;0;0;;;;0;;0;0;;0;0;0;;;;86;49;Oro
Flashbacks;1;100;0;;;0;;;0;;0;0;0;0;;;;0;0;;;;;;;;;;86;74;Flashbacks
Panikångest;1;0;0;;;0;;;0;;0;0;0;86;;;;14;0;;;;;;;;;;85;56;Panikångest
Smärta;;;;;;;;;;;;;;;;;;;;;;;;;;;;;;;Smärta
Social ångest;1;100;0;;;0;;;0;;0;0;0;0;;;;0;0;;;;;;;;;;85;88;Social ångest
Ensam/ledsen;1;100;0;;;0;;;0;;0;0;0;0;;;;0;0;;;;;;;;;;85;96;Ensam/ledsen
Trött;1;0;89;;;0;;;11;;0;0;0;0;;;;0;0;;;;;;;;;;85;31;Trött
Stressad;;;;;;;;;;;;;;;;;;;;;;;;;;;;;;;Stressad
Uttråkad;;;;;;;;;;;;;;;;;;;;;;;;;;;;;;;Uttråkad
Arg;;;;;;;;;;;;;;;;;;;;;;;;;;;;;;;Arg
SUMMA;;;362;0;0;17;0;0;95;0;0;0;0;180;0;0;0;14;0;103;22;0;0;0;7;0;0;0;;;
;;;;;;;;;;;;;;;;;;;;;;;;;;;;;;;
;Obs: följ en rad högerut för att se vad problemet ORSAKAS av;;;;;;;;;;;;;;;;;;;;;;;;;;;;;;
;Följ en kolumn neråt för att se vad problemen i översta raden LEDER TILL;;;;;;;;;;;;;;;;;;;;;;;;;;;;;;
