﻿255231;;Unkn;Äter mindre;Tränar inte;Somnar sent;Vilar;Bråkar;Sjukdomsoro;Fokuserar inte;Sociala medier;Stannar hemma;Skjuter upp;Alkohol/droger;Självskadar;Självmordstankar;Äter mer;Tvångar;Ältar;Orostankar;Flashbacks;Panikångest;Smärta;Social ångest;Ensam/ledsen;Trött;Stressad;Uttråkad;Arg;Modify?;Painful?;
;Relev?;;1;;1;;;;1;;;1;;;;;;1;1;1;1;1;1;;1;1;;;;;
Äter mindre;1;100;;;0;;;;0;;;0;;;;;;0;0;0;0;0;0;;0;0;;;61;11;Äter mindre
Tränar inte;;;;;;;;;;;;;;;;;;;;;;;;;;;;;;;Tränar inte
Somnar sent;1;0;0;;;;;;0;;;0;;;;;;0;26;74;0;0;0;;0;0;;;77;90;Somnar sent
Vilar;;;;;;;;;;;;;;;;;;;;;;;;;;;;;;;Vilar
Bråkar;;;;;;;;;;;;;;;;;;;;;;;;;;;;;;;Bråkar
Sjukdomstankar;;;;;;;;;;;;;;;;;;;;;;;;;;;;;;;Sjukdomsoro
Fokuserar inte;1;0;0;;0;;;;;;;0;;;;;;0;57;0;0;0;0;;43;0;;;74;100;Fokuserar inte
Sociala medier;;;;;;;;;;;;;;;;;;;;;;;;;;;;;;;Sociala medier
Stannar hemma;;;;;;;;;;;;;;;;;;;;;;;;;;;;;;;Stannar hemma
Skjuter upp;1;0;0;;0;;;;30;;;;;;;;;0;70;0;0;0;0;;0;0;;;82;70;Skjuter upp
Alkohol/droger;;;;;;;;;;;;;;;;;;;;;;;;;;;;;;;Alkohol/droger
Självskadar;;;;;;;;;;;;;;;;;;;;;;;;;;;;;;;Självskadar
Självmordstankar;;;;;;;;;;;;;;;;;;;;;;;;;;;;;;;Självmordstankar
Äter mer;;;;;;;;;;;;;;;;;;;;;;;;;;;;;;;Äter mer
Tvångar;;;;;;;;;;;;;;;;;;;;;;;;;;;;;;;Tvångar
Ältar;1;0;0;;56;;;;44;;;0;;;;;;;0;0;0;0;0;;0;0;;;90;100;Ältar
Orostankar;1;0;0;;0;;;;80;;;0;;;;;;0;;0;0;0;20;;0;0;;;81;100;Oro
Flashbacks;1;0;0;;0;;;;0;;;0;;;;;;100;0;;;;;;;;;;93;100;Flashbacks
Panikångest;1;0;0;;0;;;;0;;;0;;;;;;0;100;;;;;;;;;;89;90;Panikångest
Smärta;1;0;0;;51;;;;0;;;0;;;;;;0;49;;;;;;;;;;18;79;Smärta
Social ångest;1;100;0;;0;;;;0;;;0;;;;;;0;0;;;;;;;;;;76;98;Social ångest
Ensam/ledsen;;;;;;;;;;;;;;;;;;;;;;;;;;;;;;;Ensam/ledsen
Trött;1;0;0;;0;;;;0;;;0;;;;;;46;54;;;;;;;;;;17;91;Trött
Stressad;1;100;0;;0;;;;0;;;0;;;;;;0;0;;;;;;;;;;55;90;Stressad
Uttråkad;;;;;;;;;;;;;;;;;;;;;;;;;;;;;;;Uttråkad
Arg;;;;;;;;;;;;;;;;;;;;;;;;;;;;;;;Arg
SUMMA;;;0;0;107;0;0;0;154;0;0;0;0;0;0;0;0;146;356;74;0;0;20;0;43;0;0;0;;;
;;;;;;;;;;;;;;;;;;;;;;;;;;;;;;;
;Obs: följ en rad högerut för att se vad problemet ORSAKAS av;;;;;;;;;;;;;;;;;;;;;;;;;;;;;;
;Följ en kolumn neråt för att se vad problemen i översta raden LEDER TILL;;;;;;;;;;;;;;;;;;;;;;;;;;;;;;
