﻿258395;;Unkn;Äter mindre;Tränar inte;Somnar sent;Vilar;Bråkar;Sjukdomsoro;Fokuserar inte;Sociala medier;Stannar hemma;Skjuter upp;Alkohol/droger;Självskadar;Självmordstankar;Äter mer;Tvångar;Ältar;Orostankar;Flashbacks;Panikångest;Smärta;Social ångest;Ensam/ledsen;Trött;Stressad;Uttråkad;Arg;Modify?;Painful?;
;Relev?;;;;1;;;1;;1;;1;;;;;;;1;;1;1;;;1;1;1;;;;
Äter mindre;;;;;;;;;;;;;;;;;;;;;;;;;;;;;;;Äter mindre
Tränar inte;;;;;;;;;;;;;;;;;;;;;;;;;;;;;;;Tränar inte
Somnar sent;1;43;;;;;;0;;0;;31;;;;;;;0;;0;0;;;0;26;0;;67;49;Somnar sent
Vilar;;;;;;;;;;;;;;;;;;;;;;;;;;;;;;;Vilar
Bråkar;;;;;;;;;;;;;;;;;;;;;;;;;;;;;;;Bråkar
Sjukdomstankar;1;0;;;0;;;;;0;;0;;;;;;;0;;53;0;;;0;15;32;;50;17;Sjukdomsoro
Fokuserar inte;;;;;;;;;;;;;;;;;;;;;;;;;;;;;;;Fokuserar inte
Sociala medier;1;21;;;0;;;0;;;;0;;;;;;;0;;0;0;;;0;0;79;;100;34;Sociala medier
Stannar hemma;;;;;;;;;;;;;;;;;;;;;;;;;;;;;;;Stannar hemma
Skjuter upp;1;0;;;0;;;0;;0;;;;;;;;;0;;0;0;;;48;52;0;;64;95;Skjuter upp
Alkohol/droger;;;;;;;;;;;;;;;;;;;;;;;;;;;;;;;Alkohol/droger
Självskadar;;;;;;;;;;;;;;;;;;;;;;;;;;;;;;;Självskadar
Självmordstankar;;;;;;;;;;;;;;;;;;;;;;;;;;;;;;;Självmordstankar
Äter mer;;;;;;;;;;;;;;;;;;;;;;;;;;;;;;;Äter mer
Tvångar;;;;;;;;;;;;;;;;;;;;;;;;;;;;;;;Tvångar
Ältar;;;;;;;;;;;;;;;;;;;;;;;;;;;;;;;Ältar
Orostankar;1;10;;;0;;;0;;0;;0;;;;;;;;;0;0;;;0;0;90;;86;70;Oro
Flashbacks;;;;;;;;;;;;;;;;;;;;;;;;;;;;;;;Flashbacks
Panikångest;1;32;;;0;;;0;;0;;47;;;;;;;21;;;;;;;;;;48;52;Panikångest
Smärta;1;0;;;0;;;0;;0;;65;;;;;;;35;;;;;;;;;;54;40;Smärta
Social ångest;;;;;;;;;;;;;;;;;;;;;;;;;;;;;;;Social ångest
Ensam/ledsen;;;;;;;;;;;;;;;;;;;;;;;;;;;;;;;Ensam/ledsen
Trött;1;0;;;0;;;0;;42;;48;;;;;;;10;;;;;;;;;;41;80;Trött
Stressad;1;0;;;0;;;0;;20;;65;;;;;;;15;;;;;;;;;;36;81;Stressad
Uttråkad;1;0;;;29;;;0;;0;;63;;;;;;;8;;;;;;;;;;36;98;Uttråkad
Arg;;;;;;;;;;;;;;;;;;;;;;;;;;;;;;;Arg
SUMMA;;;0;0;29;0;0;0;0;62;0;319;0;0;0;0;0;0;89;0;53;0;0;0;48;93;201;0;;;
;;;;;;;;;;;;;;;;;;;;;;;;;;;;;;;
;Obs: följ en rad högerut för att se vad problemet ORSAKAS av;;;;;;;;;;;;;;;;;;;;;;;;;;;;;;
;Följ en kolumn neråt för att se vad problemen i översta raden LEDER TILL;;;;;;;;;;;;;;;;;;;;;;;;;;;;;;
