﻿270648;;Unkn;Äter mindre;Tränar inte;Somnar sent;Vilar;Bråkar;Sjukdomsoro;Fokuserar inte;Sociala medier;Stannar hemma;Skjuter upp;Alkohol/droger;Självskadar;Självmordstankar;Äter mer;Tvångar;Ältar;Oro;Flashbacks;Panikångest;Smärta;Social ångest;Ensam/ledsen;Trött;Stressad;Uttråkad;Arg;Modify?;Painful?;
;Relev?;;;;1;;1;1;;1;;;1;;;1;;;1;1;;;1;1;1;;1;1;;;
Äter mindre;;;;;;;;;;;;;;;;;;;;;;;;;;;;;;;Äter mindre
Tränar inte;;;;;;;;;;;;;;;;;;;;;;;;;;;;;;;Tränar inte
Somnar sent;1;0;;;;;0;0;;0;;;78;;;0;;;0;0;;;0;0;22;;0;0;74;100;Somnar sent
Vilar;;;;;;;;;;;;;;;;;;;;;;;;;;;;;;;Vilar
Bråkar;1;21;;;0;;;0;;0;;;0;;;0;;;79;0;;;0;0;0;;0;0;61;46;Bråkar
Sjukdomsoro;1;65;;;0;;0;;;0;;;0;;;35;;;0;0;;;0;0;0;;0;0;37;53;Sjukdomsoro
Fokuserar inte;;;;;;;;;;;;;;;;;;;;;;;;;;;;;;;Fokuserar inte
Sociala medier;1;34;;;0;;0;0;;;;;0;;;0;;;0;0;;;0;25;0;;41;0;18;22;Sociala medier
Stannar hemma;;;;;;;;;;;;;;;;;;;;;;;;;;;;;;;Stannar hemma
Skjuter upp;;;;;;;;;;;;;;;;;;;;;;;;;;;;;;;Skjuter upp
Alkohol/droger;1;61;;;39;;0;0;;0;;;;;;0;;;0;0;;;0;0;0;;0;0;19;54;Alkohol/droger
Självskadar;;;;;;;;;;;;;;;;;;;;;;;;;;;;;;;Självskadar
Självmordstankar;;;;;;;;;;;;;;;;;;;;;;;;;;;;;;;Självmordstankar
Äter mer;1;43;;;0;;0;0;;0;;;0;;;;;;0;0;;;17;0;0;;40;0;56;75;Äter mer
Tvångar;;;;;;;;;;;;;;;;;;;;;;;;;;;;;;;Tvångar
Ältar;;;;;;;;;;;;;;;;;;;;;;;;;;;;;;;Ältar
Oro;1;33;;;18;;0;49;;0;;;0;;;0;;;;0;;;0;0;0;;0;0;18;60;Oro
Flashbacks;1;41;;;40;;0;0;;0;;;0;;;0;;;19;;;;;;;;;;19;79;Flashbacks
Panikångest;;;;;;;;;;;;;;;;;;;;;;;;;;;;;;;Panikångest
Smärta;;;;;;;;;;;;;;;;;;;;;;;;;;;;;;;Smärta
Social ångest;1;25;;;38;;0;0;;0;;;0;;;37;;;0;;;;;;;;;;82;25;Social ångest
Ensam/ledsen;1;84;;;0;;0;0;;0;;;0;;;16;;;0;;;;;;;;;;78;40;Ensam/ledsen
Trött;1;21;;;35;;0;0;;0;;;44;;;0;;;0;;;;;;;;;;72;100;Trött
Stressad;;;;;;;;;;;;;;;;;;;;;;;;;;;;;;;Stressad
Uttråkad;1;33;;;67;;0;0;;0;;;0;;;0;;;0;;;;;;;;;;75;68;Uttråkad
Arg;1;46;;;39;;0;0;;0;;;0;;;15;;;0;;;;;;;;;;71;19;Arg
SUMMA;;;0;0;276;0;0;49;0;0;0;0;122;0;0;103;0;0;98;0;0;0;17;25;22;0;81;0;;;
;;;;;;;;;;;;;;;;;;;;;;;;;;;;;;;
;Obs: följ en rad högerut för att se vad problemet ORSAKAS av;;;;;;;;;;;;;;;;;;;;;;;;;;;;;;
;Följ en kolumn neråt för att se vad problemen i översta raden LEDER TILL;;;;;;;;;;;;;;;;;;;;;;;;;;;;;;
