﻿273672;;Unkn;Äter mindre;Tränar inte;Somnar sent;Vilar;Bråkar;Sjukdomsoro;Fokuserar inte;Sociala medier;Stannar hemma;Skjuter upp;Alkohol/droger;Självskadar;Självmordstankar;Äter mer;Tvångar;Ältar;Oro;Flashbacks;Panikångest;Smärta;Social ångest;Ensam/ledsen;Trött;Stressad;Uttråkad;Arg;Modify?;Painful?;
;Relev?;;1;;;1;1;;1;;;1;;;;;;1;1;;1;;;1;;1;1;1;;;
Äter mindre;1;0;0;;;11;0;;28;;;0;;;;;;0;0;;0;;;0;;61;0;0;81;17;Äter mindre
Tränar inte;;;;;;;;;;;;;;;;;;;;;;;;;;;;;;;Tränar inte
Somnar sent;;;;;;;;;;;;;;;;;;;;;;;;;;;;;;;Somnar sent
Vilar;1;0;0;;;0;0;;0;;;0;;;;;;27;0;;28;;;45;;0;0;0;72;7;Vilar
Bråkar;1;0;32;;;0;0;;0;;;0;;;;;;0;30;;0;;;38;;0;0;0;14;57;Bråkar
Sjukdomsoro;;;;;;;;;;;;;;;;;;;;;;;;;;;;;;;Sjukdomsoro
Fokuserar inte;1;0;25;;;0;48;;0;;;0;;;;;;0;0;;0;;;0;;27;0;0;86;33;Fokuserar inte
Sociala medier;;;;;;;;;;;;;;;;;;;;;;;;;;;;;;;Sociala medier
Stannar hemma;;;;;;;;;;;;;;;;;;;;;;;;;;;;;;;Stannar hemma
Skjuter upp;1;0;0;;;0;25;;28;;;0;;;;;;0;0;;0;;;0;;47;0;0;93;49;Skjuter upp
Alkohol/droger;;;;;;;;;;;;;;;;;;;;;;;;;;;;;;;Alkohol/droger
Självskadar;;;;;;;;;;;;;;;;;;;;;;;;;;;;;;;Självskadar
Självmordstankar;;;;;;;;;;;;;;;;;;;;;;;;;;;;;;;Självmordstankar
Äter mer;;;;;;;;;;;;;;;;;;;;;;;;;;;;;;;Äter mer
Tvångar;;;;;;;;;;;;;;;;;;;;;;;;;;;;;;;Tvångar
Ältar;1;0;0;;;0;41;;0;;;0;;;;;;0;36;;0;;;23;;0;0;0;92;53;Ältar
Oro;1;0;26;;;0;31;;0;;;0;;;;;;0;0;;0;;;43;;0;0;0;98;51;Oro
Flashbacks;;;;;;;;;;;;;;;;;;;;;;;;;;;;;;;Flashbacks
Panikångest;1;0;17;;;0;60;;0;;;0;;;;;;23;0;;0;;;0;;0;0;0;21;92;Panikångest
Smärta;;;;;;;;;;;;;;;;;;;;;;;;;;;;;;;Smärta
Social ångest;;;;;;;;;;;;;;;;;;;;;;;;;;;;;;;Social ångest
Ensam/ledsen;1;0;0;;;0;45;;0;;;0;;;;;;34;21;;0;;;0;;0;0;0;10;93;Ensam/ledsen
Trött;;;;;;;;;;;;;;;;;;;;;;;;;;;;;;;Trött
Stressad;1;0;0;;;0;0;;22;;;14;;;;;;64;0;;0;;;0;;0;0;0;7;100;Stressad
Uttråkad;1;0;0;;;0;40;;26;;;0;;;;;;34;0;;0;;;0;;0;0;0;5;95;Uttråkad
Arg;1;;0;;;0;0;;0;;;0;;;;;;0;0;;0;;;0;;0;0;0;9;93;Arg
SUMMA;;;100;0;0;11;290;0;104;0;0;14;0;0;0;0;0;182;87;0;28;0;0;149;0;135;0;0;;;
;;;;;;;;;;;;;;;;;;;;;;;;;;;;;;;
;Obs: följ en rad högerut för att se vad problemet ORSAKAS av;;;;;;;;;;;;;;;;;;;;;;;;;;;;;;
;Följ en kolumn neråt för att se vad problemen i översta raden LEDER TILL;;;;;;;;;;;;;;;;;;;;;;;;;;;;;;
