﻿273872;;Unkn;Äter mindre;Tränar inte;Somnar sent;Vilar;Bråkar;Sjukdomsoro;Fokuserar inte;Sociala medier;Stannar hemma;Skjuter upp;Alkohol/droger;Självskadar;Självmordstankar;Äter mer;Tvångar;Ältar;Oro;Flashbacks;Panikångest;Smärta;Social ångest;Ensam/ledsen;Trött;Stressad;Uttråkad;Arg;Modify?;Painful?;
;Relev?;;;;;;;;1;;;;;;;;;1;1;;;1;;;;1;1;1;;;
Äter mindre;;;;;;;;;;;;;;;;;;;;;;;;;;;;;;;Äter mindre
Tränar inte;;;;;;;;;;;;;;;;;;;;;;;;;;;;;;;Tränar inte
Somnar sent;;;;;;;;;;;;;;;;;;;;;;;;;;;;;;;Somnar sent
Vilar;;;;;;;;;;;;;;;;;;;;;;;;;;;;;;;Vilar
Bråkar;;;;;;;;;;;;;;;;;;;;;;;;;;;;;;;Bråkar
Sjukdomsoro;;;;;;;;;;;;;;;;;;;;;;;;;;;;;;;Sjukdomsoro
Fokuserar inte;1;0;;;;;;;;;;;;;;;;50;30;;;0;;;;20;0;0;90;40;Fokuserar inte
Sociala medier;;;;;;;;;;;;;;;;;;;;;;;;;;;;;;;Sociala medier
Stannar hemma;;;;;;;;;;;;;;;;;;;;;;;;;;;;;;;Stannar hemma
Skjuter upp;;;;;;;;;;;;;;;;;;;;;;;;;;;;;;;Skjuter upp
Alkohol/droger;;;;;;;;;;;;;;;;;;;;;;;;;;;;;;;Alkohol/droger
Självskadar;;;;;;;;;;;;;;;;;;;;;;;;;;;;;;;Självskadar
Självmordstankar;;;;;;;;;;;;;;;;;;;;;;;;;;;;;;;Självmordstankar
Äter mer;;;;;;;;;;;;;;;;;;;;;;;;;;;;;;;Äter mer
Tvångar;;;;;;;;;;;;;;;;;;;;;;;;;;;;;;;Tvångar
Ältar;1;0;;;;;;;0;;;;;;;;;;24;;;0;;;;32;0;44;90;60;Ältar
Oro;1;0;;;;;;;34;;;;;;;;;44;;;;0;;;;22;0;0;90;60;Oro
Flashbacks;;;;;;;;;;;;;;;;;;;;;;;;;;;;;;;Flashbacks
Panikångest;;;;;;;;;;;;;;;;;;;;;;;;;;;;;;;Panikångest
Smärta;1;100;;;;;;;0;;;;;;;;;0;0;;;;;;;;;;50;4;Smärta
Social ångest;;;;;;;;;;;;;;;;;;;;;;;;;;;;;;;Social ångest
Ensam/ledsen;;;;;;;;;;;;;;;;;;;;;;;;;;;;;;;Ensam/ledsen
Trött;;;;;;;;;;;;;;;;;;;;;;;;;;;;;;;Trött
Stressad;1;0;;;;;;;0;;;;;;;;;0;100;;;;;;;;;;81;50;Stressad
Uttråkad;1;0;;;;;;;33;;;;;;;;;40;27;;;;;;;;;;50;6;Uttråkad
Arg;1;45;;;;;;;0;;;;;;;;;55;0;;;;;;;;;;59;1;Arg
SUMMA;;;0;0;0;0;0;0;67;0;0;0;0;0;0;0;0;189;181;0;0;0;0;0;0;74;0;44;;;
;;;;;;;;;;;;;;;;;;;;;;;;;;;;;;;
;Obs: följ en rad högerut för att se vad problemet ORSAKAS av;;;;;;;;;;;;;;;;;;;;;;;;;;;;;;
;Följ en kolumn neråt för att se vad problemen i översta raden LEDER TILL;;;;;;;;;;;;;;;;;;;;;;;;;;;;;;
