﻿276199;;Unkn;Äter mindre;Tränar inte;Somnar sent;Vilar;Bråkar;Sjukdomsoro;Fokuserar inte;Sociala medier;Stannar hemma;Skjuter upp;Alkohol/droger;Självskadar;Självmordstankar;Äter mer;Tvångar;Ältar;Oro;Flashbacks;Panikångest;Smärta;Social ångest;Ensam/ledsen;Trött;Stressad;Uttråkad;Arg;Modify?;Painful?;
;Relev?;;1;1;1;1;;1;1;1;;;;;;1;;1;1;;1;1;1;1;1;;;;;;
Äter mindre;1;0;;0;0;69;;0;0;0;;;;;;0;;0;0;;0;28;0;0;3;;;;100;23;Äter mindre
Tränar inte;1;0;0;;0;0;;0;0;0;;;;;;0;;0;0;;88;12;0;0;0;;;;47;45;Tränar inte
Somnar sent;1;0;0;0;;44;;0;0;0;;;;;;0;;0;33;;23;0;0;0;0;;;;49;84;Somnar sent
Vilar;1;0;0;0;53;;;0;0;0;;;;;;0;;0;0;;40;0;0;0;7;;;;48;42;Vilar
Bråkar;;;;;;;;;;;;;;;;;;;;;;;;;;;;;;;Bråkar
Sjukdomsoro;1;0;0;0;0;0;;;0;0;;;;;;0;;35;0;;34;31;0;0;0;;;;35;89;Sjukdomsoro
Fokuserar inte;1;0;0;0;33;0;;0;;0;;;;;;0;;0;0;;36;0;0;0;31;;;;75;51;Fokuserar inte
Sociala medier;1;0;0;0;0;28;;0;0;;;;;;;0;;0;0;;0;0;0;72;0;;;;55;64;Sociala medier
Stannar hemma;;;;;;;;;;;;;;;;;;;;;;;;;;;;;;;Stannar hemma
Skjuter upp;;;;;;;;;;;;;;;;;;;;;;;;;;;;;;;Skjuter upp
Alkohol/droger;;;;;;;;;;;;;;;;;;;;;;;;;;;;;;;Alkohol/droger
Självskadar;;;;;;;;;;;;;;;;;;;;;;;;;;;;;;;Självskadar
Självmordstankar;;;;;;;;;;;;;;;;;;;;;;;;;;;;;;;Självmordstankar
Äter mer;1;0;0;0;0;0;;0;34;0;;;;;;;;0;0;;0;29;0;0;37;;;;75;45;Äter mer
Tvångar;;;;;;;;;;;;;;;;;;;;;;;;;;;;;;;Tvångar
Ältar;1;0;0;0;0;0;;0;0;0;;;;;;0;;;69;;0;0;31;0;0;;;;55;79;Ältar
Oro;1;0;0;0;0;0;;0;0;0;;;;;;0;;0;;;100;0;0;0;0;;;;32;83;Oro
Flashbacks;;;;;;;;;;;;;;;;;;;;;;;;;;;;;;;Flashbacks
Panikångest;1;0;0;56;18;0;;26;0;0;;;;;;0;;0;0;;;;;;;;;;42;94;Panikångest
Smärta;1;0;0;32;0;0;;0;0;0;;;;;;19;;0;49;;;;;;;;;;41;51;Smärta
Social ångest;1;0;0;0;0;0;;0;0;0;;;;;;0;;8;92;;;;;;;;;;45;43;Social ångest
Ensam/ledsen;1;0;0;0;0;0;;49;0;0;;;;;;0;;31;20;;;;;;;;;;48;68;Ensam/ledsen
Trött;1;0;0;0;49;0;;0;0;0;;;;;;0;;14;37;;;;;;;;;;45;68;Trött
Stressad;;;;;;;;;;;;;;;;;;;;;;;;;;;;;;;Stressad
Uttråkad;;;;;;;;;;;;;;;;;;;;;;;;;;;;;;;Uttråkad
Arg;;;;;;;;;;;;;;;;;;;;;;;;;;;;;;;Arg
SUMMA;;;0;88;153;141;0;75;34;0;0;0;0;0;0;19;0;88;300;0;321;100;31;72;78;0;0;0;;;
;;;;;;;;;;;;;;;;;;;;;;;;;;;;;;;
;Obs: följ en rad högerut för att se vad problemet ORSAKAS av;;;;;;;;;;;;;;;;;;;;;;;;;;;;;;
;Följ en kolumn neråt för att se vad problemen i översta raden LEDER TILL;;;;;;;;;;;;;;;;;;;;;;;;;;;;;;
