﻿297335;;Unkn;Äter mindre;Tränar inte;Somnar sent;Vilar;Bråkar;Sjukdomsoro;Fokuserar inte;Sociala medier;Stannar hemma;Skjuter upp;Alkohol/droger;Självskadar;Självmordstankar;Äter mer;Tvångar;Ältar;Oro;Flashbacks;Panikångest;Smärta;Social ångest;Ensam/ledsen;Trött;Stressad;Uttråkad;Arg;Modify?;Painful?;
;Relev?;;;1;;;;;1;;;1;;;;;;1;;;;1;1;;;1;;;;;
Äter mindre;;;;;;;;;;;;;;;;;;;;;;;;;;;;;;;Äter mindre
Tränar inte;1;63;;;;;;;37;;;0;;;;;;0;;;;0;0;;;0;;;90;61;Tränar inte
Somnar sent;;;;;;;;;;;;;;;;;;;;;;;;;;;;;;;Somnar sent
Vilar;;;;;;;;;;;;;;;;;;;;;;;;;;;;;;;Vilar
Bråkar;;;;;;;;;;;;;;;;;;;;;;;;;;;;;;;Bråkar
Sjukdomsoro;;;;;;;;;;;;;;;;;;;;;;;;;;;;;;;Sjukdomsoro
Fokuserar inte;1;53;;0;;;;;;;;47;;;;;;0;;;;0;0;;;0;;;100;69;Fokuserar inte
Sociala medier;;;;;;;;;;;;;;;;;;;;;;;;;;;;;;;Sociala medier
Stannar hemma;;;;;;;;;;;;;;;;;;;;;;;;;;;;;;;Stannar hemma
Skjuter upp;1;26;;0;;;;;0;;;;;;;;;17;;;;0;57;;;0;;;100;56;Skjuter upp
Alkohol/droger;;;;;;;;;;;;;;;;;;;;;;;;;;;;;;;Alkohol/droger
Självskadar;;;;;;;;;;;;;;;;;;;;;;;;;;;;;;;Självskadar
Självmordstankar;;;;;;;;;;;;;;;;;;;;;;;;;;;;;;;Självmordstankar
Äter mer;;;;;;;;;;;;;;;;;;;;;;;;;;;;;;;Äter mer
Tvångar;;;;;;;;;;;;;;;;;;;;;;;;;;;;;;;Tvångar
Ältar;1;6;;0;;;;;0;;;0;;;;;;;;;;0;32;;;62;;;88;42;Ältar
Oro;;;;;;;;;;;;;;;;;;;;;;;;;;;;;;;Oro
Flashbacks;;;;;;;;;;;;;;;;;;;;;;;;;;;;;;;Flashbacks
Panikångest;;;;;;;;;;;;;;;;;;;;;;;;;;;;;;;Panikångest
Smärta;1;39;;61;;;;;0;;;0;;;;;;0;;;;;;;;;;;61;61;Smärta
Social ångest;1;6;;0;;;;;35;;;0;;;;;;59;;;;;;;;;;;100;70;Social ångest
Ensam/ledsen;;;;;;;;;;;;;;;;;;;;;;;;;;;;;;;Ensam/ledsen
Trött;;;;;;;;;;;;;;;;;;;;;;;;;;;;;;;Trött
Stressad;1;8;;0;;;;;54;;;38;;;;;;0;;;;;;;;;;;100;70;Stressad
Uttråkad;;;;;;;;;;;;;;;;;;;;;;;;;;;;;;;Uttråkad
Arg;;;;;;;;;;;;;;;;;;;;;;;;;;;;;;;Arg
SUMMA;;;0;61;0;0;0;0;126;0;0;85;0;0;0;0;0;76;0;0;0;0;89;0;0;62;0;0;;;
;;;;;;;;;;;;;;;;;;;;;;;;;;;;;;;
;Obs: följ en rad högerut för att se vad problemet ORSAKAS av;;;;;;;;;;;;;;;;;;;;;;;;;;;;;;
;Följ en kolumn neråt för att se vad problemen i översta raden LEDER TILL;;;;;;;;;;;;;;;;;;;;;;;;;;;;;;
