﻿304400;;Unkn;Äter mindre;Tränar inte;Somnar sent;Vilar;Bråkar;Sjukdomsoro;Fokuserar inte;Sociala medier;Stannar hemma;Skjuter upp;Alkohol/droger;Självskadar;Självmordstankar;Äter mer;Tvångar;Ältar;Orostankar;Flashbacks;Panikångest;Smärta;Social ångest;Ensam/ledsen;Trött;Stressad;Uttråkad;Arg;Modify?;Painful?;
;Relev?;;1;;1;1;;;;1;;;;;;1;;1;1;;1;1;;1;1;1;;;;;
Äter mindre;1;0;;;0;0;;;;0;;;;;;0;;0;12;;31;57;;0;0;0;;;81;36;Äter mindre
Tränar inte;;;;;;;;;;;;;;;;;;;;;;;;;;;;;;;Tränar inte
Somnar sent;1;0;0;;;33;;;;32;;;;;;0;;0;0;;35;0;;0;0;0;;;63;83;Somnar sent
Vilar;1;0;0;;30;;;;;0;;;;;;0;;0;0;;39;0;;0;31;0;;;59;70;Vilar
Bråkar;;;;;;;;;;;;;;;;;;;;;;;;;;;;;;;Bråkar
Sjukdomstankar;;;;;;;;;;;;;;;;;;;;;;;;;;;;;;;Sjukdomsoro
Fokuserar inte;;;;;;;;;;;;;;;;;;;;;;;;;;;;;;;Fokuserar inte
Sociala medier;1;0;0;;0;0;;;;;;;;;;0;;28;31;;0;0;;0;41;0;;;60;43;Sociala medier
Stannar hemma;;;;;;;;;;;;;;;;;;;;;;;;;;;;;;;Stannar hemma
Skjuter upp;;;;;;;;;;;;;;;;;;;;;;;;;;;;;;;Skjuter upp
Alkohol/droger;;;;;;;;;;;;;;;;;;;;;;;;;;;;;;;Alkohol/droger
Självskadar;;;;;;;;;;;;;;;;;;;;;;;;;;;;;;;Självskadar
Självmordstankar;;;;;;;;;;;;;;;;;;;;;;;;;;;;;;;Självmordstankar
Äter mer;1;0;0;;0;0;;;;0;;;;;;;;37;0;;0;0;;30;33;0;;;59;84;Äter mer
Tvångar;;;;;;;;;;;;;;;;;;;;;;;;;;;;;;;Tvångar
Ältar;1;100;0;;0;0;;;;0;;;;;;0;;;0;;0;0;;0;0;0;;;34;87;Ältar
Orostankar;1;0;0;;0;0;;;;0;;;;;;0;;0;;;50;0;;50;0;0;;;33;100;Oro
Flashbacks;;;;;;;;;;;;;;;;;;;;;;;;;;;;;;;Flashbacks
Panikångest;1;0;0;;32;0;;;;0;;;;;;0;;32;36;;;;;;;;;;39;100;Panikångest
Smärta;1;0;0;;42;0;;;;0;;;;;;0;;31;27;;;;;;;;;;89;78;Smärta
Social ångest;;;;;;;;;;;;;;;;;;;;;;;;;;;;;;;Social ångest
Ensam/ledsen;1;0;0;;11;0;;;;0;;;;;;0;;41;48;;;;;;;;;;34;82;Ensam/ledsen
Trött;1;0;0;;54;0;;;;0;;;;;;0;;29;17;;;;;;;;;;37;58;Trött
Stressad;1;0;0;;50;0;;;;0;;;;;;0;;38;12;;;;;;;;;;45;73;Stressad
Uttråkad;;;;;;;;;;;;;;;;;;;;;;;;;;;;;;;Uttråkad
Arg;;;;;;;;;;;;;;;;;;;;;;;;;;;;;;;Arg
SUMMA;;;0;0;219;33;0;0;0;32;0;0;0;0;0;0;0;236;183;0;155;57;0;80;105;0;0;0;;;
;;;;;;;;;;;;;;;;;;;;;;;;;;;;;;;
;Obs: följ en rad högerut för att se vad problemet ORSAKAS av;;;;;;;;;;;;;;;;;;;;;;;;;;;;;;
;Följ en kolumn neråt för att se vad problemen i översta raden LEDER TILL;;;;;;;;;;;;;;;;;;;;;;;;;;;;;;
