﻿304679;;Unkn;Äter mindre;Tränar inte;Somnar sent;Vilar;Bråkar;Sjukdomsoro;Fokuserar inte;Sociala medier;Stannar hemma;Skjuter upp;Alkohol/droger;Självskadar;Självmordstankar;Äter mer;Tvångar;Ältar;Orostankar;Flashbacks;Panikångest;Smärta;Social ångest;Ensam/ledsen;Trött;Stressad;Uttråkad;Arg;Modify?;Painful?;
;Relev?;;;;1;;;;1;1;1;1;;;;;;;1;;;;1;1;1;1;1;;;;
Äter mindre;;;;;;;;;;;;;;;;;;;;;;;;;;;;;;;Äter mindre
Tränar inte;;;;;;;;;;;;;;;;;;;;;;;;;;;;;;;Tränar inte
Somnar sent;1;19;;;;;;;0;81;0;0;;;;;;;0;;;;0;0;0;0;0;;26;49;Somnar sent
Vilar;;;;;;;;;;;;;;;;;;;;;;;;;;;;;;;Vilar
Bråkar;;;;;;;;;;;;;;;;;;;;;;;;;;;;;;;Bråkar
Sjukdomstankar;;;;;;;;;;;;;;;;;;;;;;;;;;;;;;;Sjukdomsoro
Fokuserar inte;1;67;;;0;;;;;0;0;0;;;;;;;0;;;;0;0;33;0;0;;76;75;Fokuserar inte
Sociala medier;1;17;;;0;;;;24;;47;12;;;;;;;0;;;;0;0;0;0;0;;57;0;Sociala medier
Stannar hemma;1;31;;;0;;;;0;0;;0;;;;;;;0;;;;0;45;0;24;0;;99;44;Stannar hemma
Skjuter upp;1;0;;;0;;;;17;0;56;;;;;;;;27;;;;0;0;0;0;0;;18;43;Skjuter upp
Alkohol/droger;;;;;;;;;;;;;;;;;;;;;;;;;;;;;;;Alkohol/droger
Självskadar;;;;;;;;;;;;;;;;;;;;;;;;;;;;;;;Självskadar
Självmordstankar;;;;;;;;;;;;;;;;;;;;;;;;;;;;;;;Självmordstankar
Äter mer;;;;;;;;;;;;;;;;;;;;;;;;;;;;;;;Äter mer
Tvångar;;;;;;;;;;;;;;;;;;;;;;;;;;;;;;;Tvångar
Ältar;;;;;;;;;;;;;;;;;;;;;;;;;;;;;;;Ältar
Orostankar;1;8;;;17;;;;0;0;0;0;;;;;;;;;;;57;0;0;0;18;;38;53;Oro
Flashbacks;;;;;;;;;;;;;;;;;;;;;;;;;;;;;;;Flashbacks
Panikångest;;;;;;;;;;;;;;;;;;;;;;;;;;;;;;;Panikångest
Smärta;;;;;;;;;;;;;;;;;;;;;;;;;;;;;;;Smärta
Social ångest;1;18;;;53;;;;29;0;0;0;;;;;;;0;;;;;;;;;;59;43;Social ångest
Ensam/ledsen;1;19;;;0;;;;0;0;32;49;;;;;;;0;;;;;;;;;;47;93;Ensam/ledsen
Trött;1;14;;;0;;;;0;0;0;54;;;;;;;32;;;;;;;;;;19;15;Trött
Stressad;1;57;;;0;;;;18;10;15;0;;;;;;;0;;;;;;;;;;96;58;Stressad
Uttråkad;1;76;;;8;;;;8;8;0;0;;;;;;;0;;;;;;;;;;98;70;Uttråkad
Arg;;;;;;;;;;;;;;;;;;;;;;;;;;;;;;;Arg
SUMMA;;;0;0;78;0;0;0;96;99;150;115;0;0;0;0;0;0;59;0;0;0;57;45;33;24;18;0;;;
;;;;;;;;;;;;;;;;;;;;;;;;;;;;;;;
;Obs: följ en rad högerut för att se vad problemet ORSAKAS av;;;;;;;;;;;;;;;;;;;;;;;;;;;;;;
;Följ en kolumn neråt för att se vad problemen i översta raden LEDER TILL;;;;;;;;;;;;;;;;;;;;;;;;;;;;;;
