﻿307118;;Unkn;Äter mindre;Tränar inte;Somnar sent;Vilar;Bråkar;Sjukdomsoro;Fokuserar inte;Sociala medier;Stannar hemma;Skjuter upp;Alkohol/droger;Självskadar;Självmordstankar;Äter mer;Tvångar;Ältar;Orostankar;Flashbacks;Panikångest;Smärta;Social ångest;Ensam/ledsen;Trött;Stressad;Uttråkad;Arg;Modify?;Painful?;
;Relev?;;1;;;1;;1;1;1;1;1;;;;;;;;;;1;1;;1;1;1;1;;;
Äter mindre;1;0;;;;0;;0;0;0;0;0;;;;;;;;;;0;21;;0;41;38;0;91;99;Äter mindre
Tränar inte;;;;;;;;;;;;;;;;;;;;;;;;;;;;;;;Tränar inte
Somnar sent;;;;;;;;;;;;;;;;;;;;;;;;;;;;;;;Somnar sent
Vilar;1;0;0;;;;;0;0;0;0;0;;;;;;;;;;33;0;;67;0;0;0;91;19;Vilar
Bråkar;;;;;;;;;;;;;;;;;;;;;;;;;;;;;;;Bråkar
Sjukdomstankar;1;0;100;;;0;;;0;0;0;0;;;;;;;;;;0;0;;0;0;0;0;50;45;Sjukdomsoro
Fokuserar inte;1;0;0;;;0;;0;;0;0;0;;;;;;;;;;0;19;;48;33;0;0;72;72;Fokuserar inte
Sociala medier;1;0;0;;;0;;0;22;;0;0;;;;;;;;;;0;0;;52;0;26;0;86;72;Sociala medier
Stannar hemma;1;0;48;;;0;;0;0;0;;0;;;;;;;;;;0;0;;26;0;0;26;71;19;Stannar hemma
Skjuter upp;1;0;0;;;0;;0;0;32;0;;;;;;;;;;;0;0;;34;34;0;0;70;73;Skjuter upp
Alkohol/droger;;;;;;;;;;;;;;;;;;;;;;;;;;;;;;;Alkohol/droger
Självskadar;;;;;;;;;;;;;;;;;;;;;;;;;;;;;;;Självskadar
Självmordstankar;;;;;;;;;;;;;;;;;;;;;;;;;;;;;;;Självmordstankar
Äter mer;;;;;;;;;;;;;;;;;;;;;;;;;;;;;;;Äter mer
Tvångar;;;;;;;;;;;;;;;;;;;;;;;;;;;;;;;Tvångar
Ältar;;;;;;;;;;;;;;;;;;;;;;;;;;;;;;;Ältar
Orostankar;;;;;;;;;;;;;;;;;;;;;;;;;;;;;;;Oro
Flashbacks;;;;;;;;;;;;;;;;;;;;;;;;;;;;;;;Flashbacks
Panikångest;;;;;;;;;;;;;;;;;;;;;;;;;;;;;;;Panikångest
Smärta;1;100;0;;;0;;0;0;0;0;0;;;;;;;;;;;;;;;;;70;33;Smärta
Social ångest;1;33;67;;;0;;0;0;0;0;0;;;;;;;;;;;;;;;;;70;19;Social ångest
Ensam/ledsen;;;;;;;;;;;;;;;;;;;;;;;;;;;;;;;Ensam/ledsen
Trött;1;0;100;;;0;;0;0;0;0;0;;;;;;;;;;;;;;;;;88;71;Trött
Stressad;1;0;0;;;0;;0;34;34;0;32;;;;;;;;;;;;;;;;;88;37;Stressad
Uttråkad;1;0;50;;;0;;0;0;50;0;0;;;;;;;;;;;;;;;;;88;85;Uttråkad
Arg;1;13;0;;;0;;0;30;29;0;28;;;;;;;;;;;;;;;;;86;20;Arg
SUMMA;;;365;0;0;0;0;0;86;145;0;60;0;0;0;0;0;0;0;0;0;33;40;0;227;108;64;26;;;
;;;;;;;;;;;;;;;;;;;;;;;;;;;;;;;
;Obs: följ en rad högerut för att se vad problemet ORSAKAS av;;;;;;;;;;;;;;;;;;;;;;;;;;;;;;
;Följ en kolumn neråt för att se vad problemen i översta raden LEDER TILL;;;;;;;;;;;;;;;;;;;;;;;;;;;;;;
