﻿327975;;Unkn;Äter mindre;Tränar inte;Somnar sent;Vilar;Bråkar;Sjukdomsoro;Fokuserar inte;Sociala medier;Stannar hemma;Skjuter upp;Alkohol/droger;Självskadar;Självmordstankar;Äter mer;Tvångar;Ältar;Orostankar;Flashbacks;Panikångest;Smärta;Social ångest;Ensam/ledsen;Trött;Stressad;Uttråkad;Arg;Modify?;Painful?;
;Relev?;;1;;;1;;;1;;;1;;1;1;1;;1;1;1;1;1;;1;1;1;;;;;
Äter mindre;1;10;;;;45;;;0;;;26;;0;0;19;;0;0;0;0;0;;0;0;0;;;84;53;Äter mindre
Tränar inte;;;;;;;;;;;;;;;;;;;;;;;;;;;;;;;Tränar inte
Somnar sent;;;;;;;;;;;;;;;;;;;;;;;;;;;;;;;Somnar sent
Vilar;1;0;0;;;;;;0;;;0;;0;0;0;;0;65;0;0;7;;28;0;0;;;79;18;Vilar
Bråkar;;;;;;;;;;;;;;;;;;;;;;;;;;;;;;;Bråkar
Sjukdomstankar;;;;;;;;;;;;;;;;;;;;;;;;;;;;;;;Sjukdomsoro
Fokuserar inte;1;0;0;;;0;;;;;;0;;0;0;0;;40;44;0;16;0;;0;0;0;;;90;11;Fokuserar inte
Sociala medier;;;;;;;;;;;;;;;;;;;;;;;;;;;;;;;Sociala medier
Stannar hemma;;;;;;;;;;;;;;;;;;;;;;;;;;;;;;;Stannar hemma
Skjuter upp;1;0;0;;;42;;;15;;;;;0;0;0;;0;43;0;0;0;;0;0;0;;;57;11;Skjuter upp
Alkohol/droger;;;;;;;;;;;;;;;;;;;;;;;;;;;;;;;Alkohol/droger
Självskadar;1;0;0;;;0;;;0;;;0;;;62;0;;0;0;23;15;0;;0;0;0;;;100;100;Självskadar
Självmordstankar;1;0;0;;;0;;;0;;;0;;0;;0;;0;22;37;41;0;;0;0;0;;;100;100;Självmordstankar
Äter mer;1;0;47;;;0;;;0;;;0;;0;0;;;28;25;0;0;0;;0;0;0;;;78;20;Äter mer
Tvångar;;;;;;;;;;;;;;;;;;;;;;;;;;;;;;;Tvångar
Ältar;1;0;0;;;0;;;0;;;28;;39;0;0;;;33;0;0;0;;0;0;0;;;43;22;Ältar
Orostankar;1;0;0;;;0;;;0;;;0;;47;0;0;;0;;27;26;0;;0;0;0;;;47;20;Oro
Flashbacks;1;0;0;;;0;;;0;;;0;;51;40;0;;9;0;;;;;;;;;;100;54;Flashbacks
Panikångest;1;0;37;;;25;;;0;;;0;;38;0;0;;0;0;;;;;;;;;;73;28;Panikångest
Smärta;1;0;45;;;42;;;13;;;0;;0;0;0;;0;0;;;;;;;;;;40;7;Smärta
Social ångest;;;;;;;;;;;;;;;;;;;;;;;;;;;;;;;Social ångest
Ensam/ledsen;1;0;0;;;0;;;0;;;0;;47;32;0;;0;21;;;;;;;;;;12;24;Ensam/ledsen
Trött;1;0;30;;;0;;;47;;;23;;0;0;0;;0;0;;;;;;;;;;15;18;Trött
Stressad;1;0;35;;;28;;;0;;;0;;37;0;0;;0;0;;;;;;;;;;60;19;Stressad
Uttråkad;;;;;;;;;;;;;;;;;;;;;;;;;;;;;;;Uttråkad
Arg;;;;;;;;;;;;;;;;;;;;;;;;;;;;;;;Arg
SUMMA;;;194;0;0;182;0;0;75;0;0;77;0;259;134;19;0;77;253;87;98;7;0;28;0;0;0;0;;;
;;;;;;;;;;;;;;;;;;;;;;;;;;;;;;;
;Obs: följ en rad högerut för att se vad problemet ORSAKAS av;;;;;;;;;;;;;;;;;;;;;;;;;;;;;;
;Följ en kolumn neråt för att se vad problemen i översta raden LEDER TILL;;;;;;;;;;;;;;;;;;;;;;;;;;;;;;
