﻿339500;;Unkn;Äter mindre;Tränar inte;Somnar sent;Vilar;Bråkar;Sjukdomsoro;Fokuserar inte;Sociala medier;Stannar hemma;Skjuter upp;Alkohol/droger;Självskadar;Självmordstankar;Äter mer;Tvångar;Ältar;Oro;Flashbacks;Panikångest;Smärta;Social ångest;Ensam/ledsen;Trött;Stressad;Uttråkad;Arg;Modify?;Painful?;
;Relev?;;;;;;;;1;1;1;1;1;1;1;;;1;1;;;1;1;1;1;1;1;;;;
Äter mindre;;;;;;;;;;;;;;;;;;;;;;;;;;;;;;;Äter mindre
Tränar inte;;;;;;;;;;;;;;;;;;;;;;;;;;;;;;;Tränar inte
Somnar sent;;;;;;;;;;;;;;;;;;;;;;;;;;;;;;;Somnar sent
Vilar;;;;;;;;;;;;;;;;;;;;;;;;;;;;;;;Vilar
Bråkar;;;;;;;;;;;;;;;;;;;;;;;;;;;;;;;Bråkar
Sjukdomsoro;;;;;;;;;;;;;;;;;;;;;;;;;;;;;;;Sjukdomsoro
Fokuserar inte;1;1;;;;;;;;0;0;0;0;0;0;;;0;33;;;0;0;0;33;33;0;;50;60;Fokuserar inte
Sociala medier;1;46;;;;;;;0;;2;0;0;0;0;;;0;1;;;0;0;0;0;0;51;;80;0;Sociala medier
Stannar hemma;1;0;;;;;;;0;0;;0;0;0;0;;;0;0;;;0;100;0;0;0;0;;65;50;Stannar hemma
Skjuter upp;1;0;;;;;;;8;0;0;;0;0;0;;;0;0;;;0;0;0;92;0;0;;90;25;Skjuter upp
Alkohol/droger;1;0;;;;;;;0;0;0;0;;0;22;;;0;78;;;0;0;0;0;0;0;;60;25;Alkohol/droger
Självskadar;1;18;;;;;;;0;0;0;0;0;;0;;;37;45;;;0;0;0;0;0;0;;80;50;Självskadar
Självmordstankar;1;0;;;;;;;0;0;0;0;0;0;;;;0;26;;;0;2;72;0;0;0;;40;100;Självmordstankar
Äter mer;;;;;;;;;;;;;;;;;;;;;;;;;;;;;;;Äter mer
Tvångar;;;;;;;;;;;;;;;;;;;;;;;;;;;;;;;Tvångar
Ältar;1;37;;;;;;;12;0;0;0;0;0;0;;;;36;;;0;0;0;0;15;0;;0;100;Ältar
Oro;1;100;;;;;;;0;0;0;0;0;0;0;;;0;;;;0;0;0;0;0;0;;0;100;Oro
Flashbacks;;;;;;;;;;;;;;;;;;;;;;;;;;;;;;;Flashbacks
Panikångest;;;;;;;;;;;;;;;;;;;;;;;;;;;;;;;Panikångest
Smärta;1;100;;;;;;;0;0;0;0;0;0;0;;;0;0;;;;;;;;;;10;15;Smärta
Social ångest;1;93;;;;;;;0;0;0;0;0;0;0;;;0;7;;;;;;;;;;55;95;Social ångest
Ensam/ledsen;1;100;;;;;;;0;0;0;0;0;0;0;;;0;0;;;;;;;;;;15;50;Ensam/ledsen
Trött;1;55;;;;;;;8;0;0;0;0;0;0;;;5;32;;;;;;;;;;40;50;Trött
Stressad;1;41;;;;;;;0;0;0;0;0;0;0;;;0;59;;;;;;;;;;50;50;Stressad
Uttråkad;1;100;;;;;;;0;0;0;0;0;0;0;;;0;0;;;;;;;;;;60;40;Uttråkad
Arg;;;;;;;;;;;;;;;;;;;;;;;;;;;;;;;Arg
SUMMA;;;0;0;0;0;0;0;28;0;2;0;0;0;22;0;0;42;317;0;0;0;102;72;125;48;51;0;;;
;;;;;;;;;;;;;;;;;;;;;;;;;;;;;;;
;Obs: följ en rad högerut för att se vad problemet ORSAKAS av;;;;;;;;;;;;;;;;;;;;;;;;;;;;;;
;Följ en kolumn neråt för att se vad problemen i översta raden LEDER TILL;;;;;;;;;;;;;;;;;;;;;;;;;;;;;;
