﻿340887;;Unkn;Äter mindre;Tränar inte;Somnar sent;Vilar;Bråkar;Sjukdomsoro;Fokuserar inte;Sociala medier;Stannar hemma;Skjuter upp;Alkohol/droger;Självskadar;Självmordstankar;Äter mer;Tvångar;Ältar;Orostankar;Flashbacks;Panikångest;Smärta;Social ångest;Ensam/ledsen;Trött;Stressad;Uttråkad;Arg;Modify?;Painful?;
;Relev?;;;;;1;;;1;1;;1;;;;;1;1;1;;;1;;;1;1;1;;;;
Äter mindre;;;;;;;;;;;;;;;;;;;;;;;;;;;;;;;Äter mindre
Tränar inte;;;;;;;;;;;;;;;;;;;;;;;;;;;;;;;Tränar inte
Somnar sent;;;;;;;;;;;;;;;;;;;;;;;;;;;;;;;Somnar sent
Vilar;1;4;;;;;;;0;0;;0;;;;;0;0;0;;;31;;;65;0;0;;60;23;Vilar
Bråkar;;;;;;;;;;;;;;;;;;;;;;;;;;;;;;;Bråkar
Sjukdomstankar;;;;;;;;;;;;;;;;;;;;;;;;;;;;;;;Sjukdomsoro
Fokuserar inte;1;0;;;;0;;;;0;;0;;;;;0;17;0;;;0;;;44;39;0;;75;25;Fokuserar inte
Sociala medier;1;0;;;;0;;;0;;;0;;;;;0;36;43;;;0;;;0;0;21;;100;6;Sociala medier
Stannar hemma;;;;;;;;;;;;;;;;;;;;;;;;;;;;;;;Stannar hemma
Skjuter upp;1;0;;;;0;;;20;0;;;;;;;0;0;0;;;0;;;46;34;0;;85;29;Skjuter upp
Alkohol/droger;;;;;;;;;;;;;;;;;;;;;;;;;;;;;;;Alkohol/droger
Självskadar;;;;;;;;;;;;;;;;;;;;;;;;;;;;;;;Självskadar
Självmordstankar;;;;;;;;;;;;;;;;;;;;;;;;;;;;;;;Självmordstankar
Äter mer;;;;;;;;;;;;;;;;;;;;;;;;;;;;;;;Äter mer
Tvångar;1;100;;;;0;;;0;0;;0;;;;;;0;0;;;0;;;0;0;0;;64;38;Tvångar
Ältar;1;22;;;;0;;;0;0;;35;;;;;0;;0;;;0;;;0;43;0;;63;62;Ältar
Orostankar;1;0;;;;0;;;0;0;;58;;;;;0;0;;;;0;;;20;22;0;;60;64;Oro
Flashbacks;;;;;;;;;;;;;;;;;;;;;;;;;;;;;;;Flashbacks
Panikångest;;;;;;;;;;;;;;;;;;;;;;;;;;;;;;;Panikångest
Smärta;1;100;;;;0;;;0;0;;0;;;;;0;0;0;;;;;;;;;;71;50;Smärta
Social ångest;;;;;;;;;;;;;;;;;;;;;;;;;;;;;;;Social ångest
Ensam/ledsen;;;;;;;;;;;;;;;;;;;;;;;;;;;;;;;Ensam/ledsen
Trött;1;100;;;;0;;;0;0;;0;;;;;0;0;0;;;;;;;;;;74;50;Trött
Stressad;1;0;;;;0;;;40;5;;55;;;;;0;0;0;;;;;;;;;;66;58;Stressad
Uttråkad;1;0;;;;0;;;0;0;;0;;;;;6;49;45;;;;;;;;;;55;23;Uttråkad
Arg;;;;;;;;;;;;;;;;;;;;;;;;;;;;;;;Arg
SUMMA;;;0;0;0;0;0;0;60;5;0;148;0;0;0;0;6;102;88;0;0;31;0;0;175;138;21;0;;;
;;;;;;;;;;;;;;;;;;;;;;;;;;;;;;;
;Obs: följ en rad högerut för att se vad problemet ORSAKAS av;;;;;;;;;;;;;;;;;;;;;;;;;;;;;;
;Följ en kolumn neråt för att se vad problemen i översta raden LEDER TILL;;;;;;;;;;;;;;;;;;;;;;;;;;;;;;
