﻿347026;;Unkn;Äter mindre;Tränar inte;Somnar sent;Vilar;Bråkar;Sjukdomsoro;Fokuserar inte;Sociala medier;Stannar hemma;Skjuter upp;Alkohol/droger;Självskadar;Självmordstankar;Äter mer;Tvångar;Ältar;Oro;Flashbacks;Panikångest;Smärta;Social ångest;Ensam/ledsen;Trött;Stressad;Uttråkad;Arg;Modify?;Painful?;
;Relev?;;1;1;;;;;;1;1;1;;;;1;;1;1;;1;1;;1;1;1;1;1;;;
Äter mindre;1;0;;0;;;;;;0;0;16;;;;0;;0;0;;0;0;;42;42;0;0;0;90;76;Äter mindre
Tränar inte;1;0;0;;;;;;;0;0;0;;;;0;;0;15;;0;0;;25;60;0;0;0;89;75;Tränar inte
Somnar sent;;;;;;;;;;;;;;;;;;;;;;;;;;;;;;;Somnar sent
Vilar;;;;;;;;;;;;;;;;;;;;;;;;;;;;;;;Vilar
Bråkar;;;;;;;;;;;;;;;;;;;;;;;;;;;;;;;Bråkar
Sjukdomsoro;;;;;;;;;;;;;;;;;;;;;;;;;;;;;;;Sjukdomsoro
Fokuserar inte;;;;;;;;;;;;;;;;;;;;;;;;;;;;;;;Fokuserar inte
Sociala medier;1;0;0;0;;;;;;;19;0;;;;0;;0;0;;0;0;;41;40;0;0;0;54;29;Sociala medier
Stannar hemma;1;0;0;0;;;;;;0;;0;;;;0;;15;0;;0;0;;22;63;0;0;0;31;52;Stannar hemma
Skjuter upp;1;0;0;0;;;;;;0;0;;;;;0;;11;0;;0;0;;21;68;0;0;0;51;88;Skjuter upp
Alkohol/droger;;;;;;;;;;;;;;;;;;;;;;;;;;;;;;;Alkohol/droger
Självskadar;;;;;;;;;;;;;;;;;;;;;;;;;;;;;;;Självskadar
Självmordstankar;;;;;;;;;;;;;;;;;;;;;;;;;;;;;;;Självmordstankar
Äter mer;1;0;0;0;;;;;;0;0;0;;;;;;17;0;;0;0;;41;42;0;0;0;31;83;Äter mer
Tvångar;;;;;;;;;;;;;;;;;;;;;;;;;;;;;;;Tvångar
Ältar;1;0;0;0;;;;;;0;0;0;;;;0;;;0;;0;35;;34;31;0;0;0;73;88;Ältar
Oro;1;0;0;0;;;;;;0;0;0;;;;0;;0;;;0;28;;29;43;0;0;0;74;84;Oro
Flashbacks;;;;;;;;;;;;;;;;;;;;;;;;;;;;;;;Flashbacks
Panikångest;1;0;0;0;;;;;;0;0;13;;;;0;;47;40;;;;;;;;;;74;86;Panikångest
Smärta;1;0;20;0;;;;;;0;0;0;;;;0;;43;37;;;;;;;;;;75;83;Smärta
Social ångest;;;;;;;;;;;;;;;;;;;;;;;;;;;;;;;Social ångest
Ensam/ledsen;1;0;0;0;;;;;;0;0;0;;;;0;;45;55;;;;;;;;;;23;100;Ensam/ledsen
Trött;1;0;49;0;;;;;;0;0;0;;;;0;;26;25;;;;;;;;;;60;85;Trött
Stressad;1;0;31;0;;;;;;0;0;0;;;;0;;32;37;;;;;;;;;;50;88;Stressad
Uttråkad;1;0;0;0;;;;;;0;0;0;;;;0;;56;44;;;;;;;;;;50;85;Uttråkad
Arg;1;0;0;0;;;;;;0;0;0;;;;0;;59;41;;;;;;;;;;75;33;Arg
SUMMA;;;100;0;0;0;0;0;0;0;19;29;0;0;0;0;0;351;294;0;0;63;0;255;389;0;0;0;;;
;;;;;;;;;;;;;;;;;;;;;;;;;;;;;;;
;Obs: följ en rad högerut för att se vad problemet ORSAKAS av;;;;;;;;;;;;;;;;;;;;;;;;;;;;;;
;Följ en kolumn neråt för att se vad problemen i översta raden LEDER TILL;;;;;;;;;;;;;;;;;;;;;;;;;;;;;;
