﻿349807;;Unkn;Äter mindre;Tränar inte;Somnar sent;Vilar;Bråkar;Sjukdomsoro;Fokuserar inte;Sociala medier;Stannar hemma;Skjuter upp;Alkohol/droger;Självskadar;Självmordstankar;Äter mer;Tvångar;Ältar;Oro;Flashbacks;Panikångest;Smärta;Social ångest;Ensam/ledsen;Trött;Stressad;Uttråkad;Arg;Modify?;Painful?;
;Relev?;;1;1;1;1;;;;1;1;;;;;;;1;1;;1;1;;;1;;1;;;;
Äter mindre;1;16;;0;0;0;;;;0;0;;;;;;;0;0;;0;0;;;0;;84;;81;2;Äter mindre
Tränar inte;1;1;0;;99;0;;;;0;0;;;;;;;0;0;;0;0;;;0;;0;;82;20;Tränar inte
Somnar sent;1;3;0;0;;0;;;;0;0;;;;;;;11;33;;0;53;;;0;;0;;82;53;Somnar sent
Vilar;1;1;0;0;99;;;;;0;0;;;;;;;0;0;;0;0;;;0;;0;;81;26;Vilar
Bråkar;;;;;;;;;;;;;;;;;;;;;;;;;;;;;;;Bråkar
Sjukdomsoro;;;;;;;;;;;;;;;;;;;;;;;;;;;;;;;Sjukdomsoro
Fokuserar inte;;;;;;;;;;;;;;;;;;;;;;;;;;;;;;;Fokuserar inte
Sociala medier;1;0;0;0;0;0;;;;;0;;;;;;;26;26;;0;0;;;0;;48;;81;55;Sociala medier
Stannar hemma;1;1;0;0;0;0;;;;0;;;;;;;;0;0;;0;0;;;0;;99;;81;3;Stannar hemma
Skjuter upp;;;;;;;;;;;;;;;;;;;;;;;;;;;;;;;Skjuter upp
Alkohol/droger;;;;;;;;;;;;;;;;;;;;;;;;;;;;;;;Alkohol/droger
Självskadar;;;;;;;;;;;;;;;;;;;;;;;;;;;;;;;Självskadar
Självmordstankar;;;;;;;;;;;;;;;;;;;;;;;;;;;;;;;Självmordstankar
Äter mer;;;;;;;;;;;;;;;;;;;;;;;;;;;;;;;Äter mer
Tvångar;;;;;;;;;;;;;;;;;;;;;;;;;;;;;;;Tvångar
Ältar;1;0;0;0;0;0;;;;0;0;;;;;;;;0;;0;5;;;0;;95;;82;56;Ältar
Oro;1;100;0;0;0;0;;;;0;0;;;;;;;0;;;0;0;;;0;;0;;66;56;Oro
Flashbacks;;;;;;;;;;;;;;;;;;;;;;;;;;;;;;;Flashbacks
Panikångest;1;100;0;0;0;0;;;;0;0;;;;;;;0;0;;;;;;;;;;67;10;Panikångest
Smärta;1;0;20;0;23;0;;;;0;0;;;;;;;0;57;;;;;;;;;;82;10;Smärta
Social ångest;;;;;;;;;;;;;;;;;;;;;;;;;;;;;;;Social ångest
Ensam/ledsen;;;;;;;;;;;;;;;;;;;;;;;;;;;;;;;Ensam/ledsen
Trött;1;13;0;0;49;0;;;;0;0;;;;;;;16;22;;;;;;;;;;82;10;Trött
Stressad;;;;;;;;;;;;;;;;;;;;;;;;;;;;;;;Stressad
Uttråkad;1;15;0;22;36;0;;;;0;27;;;;;;;0;0;;;;;;;;;;82;3;Uttråkad
Arg;;;;;;;;;;;;;;;;;;;;;;;;;;;;;;;Arg
SUMMA;;;20;22;306;0;0;0;0;0;27;0;0;0;0;0;0;53;138;0;0;58;0;0;0;0;326;0;;;
;;;;;;;;;;;;;;;;;;;;;;;;;;;;;;;
;Obs: följ en rad högerut för att se vad problemet ORSAKAS av;;;;;;;;;;;;;;;;;;;;;;;;;;;;;;
;Följ en kolumn neråt för att se vad problemen i översta raden LEDER TILL;;;;;;;;;;;;;;;;;;;;;;;;;;;;;;
