﻿352391;;Unkn;Äter mindre;Tränar inte;Somnar sent;Vilar;Bråkar;Sjukdomsoro;Fokuserar inte;Sociala medier;Stannar hemma;Skjuter upp;Alkohol/droger;Självskadar;Självmordstankar;Äter mer;Tvångar;Ältar;Orostankar;Flashbacks;Panikångest;Smärta;Social ångest;Ensam/ledsen;Trött;Stressad;Uttråkad;Arg;Modify?;Painful?;
;Relev?;;1;1;1;1;;;1;1;;;1;;;;;;1;;;;1;;;;;1;;;
Äter mindre;1;100;;0;0;0;;;0;0;;;0;;;;;;0;;;;0;;;;;0;80;20;Äter mindre
Tränar inte;1;100;0;;0;0;;;0;0;;;0;;;;;;0;;;;0;;;;;0;80;70;Tränar inte
Somnar sent;1;0;0;0;;30;;;0;61;;;9;;;;;;0;;;;0;;;;;0;100;80;Somnar sent
Vilar;1;0;25;15;60;;;;0;0;;;0;;;;;;0;;;;0;;;;;0;90;20;Vilar
Bråkar;;;;;;;;;;;;;;;;;;;;;;;;;;;;;;;Bråkar
Sjukdomstankar;;;;;;;;;;;;;;;;;;;;;;;;;;;;;;;Sjukdomsoro
Fokuserar inte;1;0;0;25;0;0;;;;15;;;0;;;;;;0;;;;60;;;;;0;50;50;Fokuserar inte
Sociala medier;1;0;0;0;0;0;;;0;;;;0;;;;;;75;;;;25;;;;;0;70;20;Sociala medier
Stannar hemma;;;;;;;;;;;;;;;;;;;;;;;;;;;;;;;Stannar hemma
Skjuter upp;;;;;;;;;;;;;;;;;;;;;;;;;;;;;;;Skjuter upp
Alkohol/droger;1;0;0;0;0;0;;;0;0;;;;;;;;;25;;;;75;;;;;0;80;80;Alkohol/droger
Självskadar;;;;;;;;;;;;;;;;;;;;;;;;;;;;;;;Självskadar
Självmordstankar;;;;;;;;;;;;;;;;;;;;;;;;;;;;;;;Självmordstankar
Äter mer;;;;;;;;;;;;;;;;;;;;;;;;;;;;;;;Äter mer
Tvångar;;;;;;;;;;;;;;;;;;;;;;;;;;;;;;;Tvångar
Ältar;;;;;;;;;;;;;;;;;;;;;;;;;;;;;;;Ältar
Orostankar;1;50;0;0;0;0;;;0;0;;;0;;;;;;;;;;50;;;;;0;90;90;Oro
Flashbacks;;;;;;;;;;;;;;;;;;;;;;;;;;;;;;;Flashbacks
Panikångest;;;;;;;;;;;;;;;;;;;;;;;;;;;;;;;Panikångest
Smärta;;;;;;;;;;;;;;;;;;;;;;;;;;;;;;;Smärta
Social ångest;1;100;0;0;0;0;;;0;0;;;0;;;;;;0;;;;;;;;;;90;90;Social ångest
Ensam/ledsen;;;;;;;;;;;;;;;;;;;;;;;;;;;;;;;Ensam/ledsen
Trött;;;;;;;;;;;;;;;;;;;;;;;;;;;;;;;Trött
Stressad;;;;;;;;;;;;;;;;;;;;;;;;;;;;;;;Stressad
Uttråkad;;;;;;;;;;;;;;;;;;;;;;;;;;;;;;;Uttråkad
Arg;1;100;0;0;0;0;;;0;0;;;0;;;;;;0;;;;;;;;;;100;90;Arg
SUMMA;;;25;40;60;30;0;0;0;76;0;0;9;0;0;0;0;0;100;0;0;0;210;0;0;0;0;0;;;
;;;;;;;;;;;;;;;;;;;;;;;;;;;;;;;
;Obs: följ en rad högerut för att se vad problemet ORSAKAS av;;;;;;;;;;;;;;;;;;;;;;;;;;;;;;
;Följ en kolumn neråt för att se vad problemen i översta raden LEDER TILL;;;;;;;;;;;;;;;;;;;;;;;;;;;;;;
