﻿364974;;Unkn;Äter mindre;Tränar inte;Somnar sent;Vilar;Bråkar;Sjukdomsoro;Fokuserar inte;Sociala medier;Stannar hemma;Skjuter upp;Alkohol/droger;Självskadar;Självmordstankar;Äter mer;Tvångar;Ältar;Orostankar;Flashbacks;Panikångest;Smärta;Social ångest;Ensam/ledsen;Trött;Stressad;Uttråkad;Arg;Modify?;Painful?;
;Relev?;;;1;1;1;;;1;;1;1;;;;;;1;1;;;;;1;;1;1;1;;;
Äter mindre;;;;;;;;;;;;;;;;;;;;;;;;;;;;;;;Äter mindre
Tränar inte;1;0;;;0;0;;;0;;0;0;;;;;;25;25;;;;;50;;0;0;0;63;42;Tränar inte
Somnar sent;1;0;;0;;0;;;0;;0;0;;;;;;25;25;;;;;50;;0;0;0;65;80;Somnar sent
Vilar;1;0;;0;50;;;;0;;0;0;;;;;;25;0;;;;;25;;0;0;0;63;62;Vilar
Bråkar;;;;;;;;;;;;;;;;;;;;;;;;;;;;;;;Bråkar
Sjukdomstankar;;;;;;;;;;;;;;;;;;;;;;;;;;;;;;;Sjukdomsoro
Fokuserar inte;1;0;;0;0;0;;;;;0;0;;;;;;25;25;;;;;50;;0;0;0;48;61;Fokuserar inte
Sociala medier;;;;;;;;;;;;;;;;;;;;;;;;;;;;;;;Sociala medier
Stannar hemma;1;0;;0;0;0;;;0;;;0;;;;;;0;0;;;;;100;;0;0;0;46;62;Stannar hemma
Skjuter upp;1;0;;0;0;0;;;50;;0;;;;;;;25;0;;;;;25;;0;0;0;45;45;Skjuter upp
Alkohol/droger;;;;;;;;;;;;;;;;;;;;;;;;;;;;;;;Alkohol/droger
Självskadar;;;;;;;;;;;;;;;;;;;;;;;;;;;;;;;Självskadar
Självmordstankar;;;;;;;;;;;;;;;;;;;;;;;;;;;;;;;Självmordstankar
Äter mer;;;;;;;;;;;;;;;;;;;;;;;;;;;;;;;Äter mer
Tvångar;;;;;;;;;;;;;;;;;;;;;;;;;;;;;;;Tvångar
Ältar;1;0;;0;0;0;;;0;;0;0;;;;;;;50;;;;;50;;0;0;0;30;76;Ältar
Orostankar;1;0;;0;0;0;;;0;;0;0;;;;;;50;;;;;;50;;0;0;0;29;75;Oro
Flashbacks;;;;;;;;;;;;;;;;;;;;;;;;;;;;;;;Flashbacks
Panikångest;;;;;;;;;;;;;;;;;;;;;;;;;;;;;;;Panikångest
Smärta;;;;;;;;;;;;;;;;;;;;;;;;;;;;;;;Smärta
Social ångest;;;;;;;;;;;;;;;;;;;;;;;;;;;;;;;Social ångest
Ensam/ledsen;1;0;;0;0;0;;;0;;33;0;;;;;;33;34;;;;;;;;;;15;83;Ensam/ledsen
Trött;;;;;;;;;;;;;;;;;;;;;;;;;;;;;;;Trött
Stressad;1;0;;0;33;0;;;0;;0;33;;;;;;0;34;;;;;;;;;;32;76;Stressad
Uttråkad;1;0;;0;33;0;;;0;;0;0;;;;;;33;34;;;;;;;;;;32;64;Uttråkad
Arg;1;0;;0;50;0;;;0;;0;0;;;;;;25;25;;;;;;;;;;33;51;Arg
SUMMA;;;0;0;166;0;0;0;50;0;33;33;0;0;0;0;0;266;252;0;0;0;0;400;0;0;0;0;;;
;;;;;;;;;;;;;;;;;;;;;;;;;;;;;;;
;Obs: följ en rad högerut för att se vad problemet ORSAKAS av;;;;;;;;;;;;;;;;;;;;;;;;;;;;;;
;Följ en kolumn neråt för att se vad problemen i översta raden LEDER TILL;;;;;;;;;;;;;;;;;;;;;;;;;;;;;;
