﻿370714;;Unkn;Äter mindre;Tränar inte;Somnar sent;Vilar;Bråkar;Sjukdomsoro;Fokuserar inte;Sociala medier;Stannar hemma;Skjuter upp;Alkohol/droger;Självskadar;Självmordstankar;Äter mer;Tvångar;Ältar;Oro;Flashbacks;Panikångest;Smärta;Social ångest;Ensam/ledsen;Trött;Stressad;Uttråkad;Arg;Modify?;Painful?;
;Relev?;;1;1;1;1;;;;1;;;;;;1;;1;1;;;1;;1;;1;1;1;;;
Äter mindre;1;100;;0;0;0;;;;0;;;;;;0;;0;0;;;0;;0;;0;0;0;85;2;Äter mindre
Tränar inte;1;0;0;;0;26;;;;40;;;;;;0;;34;0;;;0;;0;;0;0;0;84;4;Tränar inte
Somnar sent;1;0;0;0;;0;;;;31;;;;;;0;;0;0;;;0;;35;;34;0;0;100;13;Somnar sent
Vilar;1;22;0;0;78;;;;;0;;;;;;0;;0;0;;;0;;0;;0;0;0;100;1;Vilar
Bråkar;;;;;;;;;;;;;;;;;;;;;;;;;;;;;;;Bråkar
Sjukdomsoro;;;;;;;;;;;;;;;;;;;;;;;;;;;;;;;Sjukdomsoro
Fokuserar inte;;;;;;;;;;;;;;;;;;;;;;;;;;;;;;;Fokuserar inte
Sociala medier;1;0;0;0;0;0;;;;;;;;;;0;;0;41;;;0;;34;;25;0;0;99;25;Sociala medier
Stannar hemma;;;;;;;;;;;;;;;;;;;;;;;;;;;;;;;Stannar hemma
Skjuter upp;;;;;;;;;;;;;;;;;;;;;;;;;;;;;;;Skjuter upp
Alkohol/droger;;;;;;;;;;;;;;;;;;;;;;;;;;;;;;;Alkohol/droger
Självskadar;;;;;;;;;;;;;;;;;;;;;;;;;;;;;;;Självskadar
Självmordstankar;;;;;;;;;;;;;;;;;;;;;;;;;;;;;;;Självmordstankar
Äter mer;1;0;0;0;0;0;;;;0;;;;;;;;0;0;;;0;;100;;0;0;0;63;44;Äter mer
Tvångar;;;;;;;;;;;;;;;;;;;;;;;;;;;;;;;Tvångar
Ältar;1;0;0;0;0;0;;;;0;;;;;;0;;;0;;;0;;100;;0;0;0;58;79;Ältar
Oro;1;0;0;0;0;0;;;;0;;;;;;0;;0;;;;0;;49;;51;0;0;32;100;Oro
Flashbacks;;;;;;;;;;;;;;;;;;;;;;;;;;;;;;;Flashbacks
Panikångest;;;;;;;;;;;;;;;;;;;;;;;;;;;;;;;Panikångest
Smärta;1;0;48;0;52;0;;;;0;;;;;;0;;0;0;;;;;;;;;;47;13;Smärta
Social ångest;;;;;;;;;;;;;;;;;;;;;;;;;;;;;;;Social ångest
Ensam/ledsen;1;0;0;0;0;0;;;;0;;;;;;0;;51;49;;;;;;;;;;10;100;Ensam/ledsen
Trött;;;;;;;;;;;;;;;;;;;;;;;;;;;;;;;Trött
Stressad;1;0;0;29;0;0;;;;0;;;;;;0;;48;23;;;;;;;;;;22;94;Stressad
Uttråkad;1;0;0;0;0;0;;;;100;;;;;;0;;0;0;;;;;;;;;;50;13;Uttråkad
Arg;1;0;48;0;52;0;;;;0;;;;;;0;;0;0;;;;;;;;;;48;1;Arg
SUMMA;;;96;29;182;26;0;0;0;171;0;0;0;0;0;0;0;133;113;0;0;0;0;318;0;110;0;0;;;
;;;;;;;;;;;;;;;;;;;;;;;;;;;;;;;
;Obs: följ en rad högerut för att se vad problemet ORSAKAS av;;;;;;;;;;;;;;;;;;;;;;;;;;;;;;
;Följ en kolumn neråt för att se vad problemen i översta raden LEDER TILL;;;;;;;;;;;;;;;;;;;;;;;;;;;;;;
