﻿371460;;Unkn;Äter mindre;Tränar inte;Somnar sent;Vilar;Bråkar;Sjukdomsoro;Fokuserar inte;Sociala medier;Stannar hemma;Skjuter upp;Alkohol/droger;Självskadar;Självmordstankar;Äter mer;Tvångar;Ältar;Orostankar;Flashbacks;Panikångest;Smärta;Social ångest;Ensam/ledsen;Trött;Stressad;Uttråkad;Arg;Modify?;Painful?;
;Relev?;;1;;1;;1;;1;1;1;1;;;1;;;1;1;;;;;1;1;1;1;1;;;
Äter mindre;1;0;;;0;;0;;0;41;0;0;;;0;;;29;30;;;;;0;0;0;0;0;69;15;Äter mindre
Tränar inte;;;;;;;;;;;;;;;;;;;;;;;;;;;;;;;Tränar inte
Somnar sent;1;0;0;;;;0;;0;27;0;0;;;0;;;34;0;;;;;39;0;0;0;0;83;34;Somnar sent
Vilar;;;;;;;;;;;;;;;;;;;;;;;;;;;;;;;Vilar
Bråkar;1;0;0;;0;;;;0;0;0;0;;;0;;;50;27;;;;;0;0;0;0;23;68;73;Bråkar
Sjukdomstankar;;;;;;;;;;;;;;;;;;;;;;;;;;;;;;;Sjukdomsoro
Fokuserar inte;1;0;0;;0;;0;;;0;0;0;;;0;;;48;35;;;;;17;0;0;0;0;77;87;Fokuserar inte
Sociala medier;1;0;0;;0;;0;;23;;0;47;;;0;;;30;0;;;;;0;0;0;0;0;82;87;Sociala medier
Stannar hemma;1;0;0;;0;;0;;0;0;;0;;;18;;;55;0;;;;;27;0;0;0;0;70;64;Stannar hemma
Skjuter upp;1;0;0;;0;;0;;26;0;0;;;;0;;;42;32;;;;;0;0;0;0;0;63;86;Skjuter upp
Alkohol/droger;;;;;;;;;;;;;;;;;;;;;;;;;;;;;;;Alkohol/droger
Självskadar;;;;;;;;;;;;;;;;;;;;;;;;;;;;;;;Självskadar
Självmordstankar;1;0;0;;0;;49;;0;0;0;0;;;;;;38;13;;;;;0;0;0;0;0;80;92;Självmordstankar
Äter mer;;;;;;;;;;;;;;;;;;;;;;;;;;;;;;;Äter mer
Tvångar;;;;;;;;;;;;;;;;;;;;;;;;;;;;;;;Tvångar
Ältar;1;0;0;;0;;32;;0;0;0;0;;;0;;;;55;;;;;13;0;0;0;0;80;87;Ältar
Orostankar;1;0;0;;0;;0;;0;28;0;0;;;0;;;42;;;;;;30;0;0;0;0;81;87;Oro
Flashbacks;;;;;;;;;;;;;;;;;;;;;;;;;;;;;;;Flashbacks
Panikångest;;;;;;;;;;;;;;;;;;;;;;;;;;;;;;;Panikångest
Smärta;;;;;;;;;;;;;;;;;;;;;;;;;;;;;;;Smärta
Social ångest;;;;;;;;;;;;;;;;;;;;;;;;;;;;;;;Social ångest
Ensam/ledsen;1;0;0;;0;;36;;0;0;42;0;;;0;;;22;0;;;;;;;;;;63;69;Ensam/ledsen
Trött;1;0;0;;0;;51;;0;0;0;0;;;32;;;17;0;;;;;;;;;;83;59;Trött
Stressad;1;0;0;;0;;0;;28;0;0;36;;;0;;;36;0;;;;;;;;;;61;59;Stressad
Uttråkad;1;0;0;;0;;39;;0;0;37;0;;;0;;;24;0;;;;;;;;;;83;62;Uttråkad
Arg;1;0;33;;0;;39;;0;0;0;0;;;0;;;28;0;;;;;;;;;;75;77;Arg
SUMMA;;;33;0;0;0;246;0;77;96;79;83;0;0;50;0;0;495;192;0;0;0;0;126;0;0;0;23;;;
;;;;;;;;;;;;;;;;;;;;;;;;;;;;;;;
;Obs: följ en rad högerut för att se vad problemet ORSAKAS av;;;;;;;;;;;;;;;;;;;;;;;;;;;;;;
;Följ en kolumn neråt för att se vad problemen i översta raden LEDER TILL;;;;;;;;;;;;;;;;;;;;;;;;;;;;;;
