﻿378481;;Unkn;Äter mindre;Tränar inte;Somnar sent;Vilar;Bråkar;Sjukdomsoro;Fokuserar inte;Sociala medier;Stannar hemma;Skjuter upp;Alkohol/droger;Självskadar;Självmordstankar;Äter mer;Tvångar;Ältar;Orostankar;Flashbacks;Panikångest;Smärta;Social ångest;Ensam/ledsen;Trött;Stressad;Uttråkad;Arg;Modify?;Painful?;
;Relev?;;1;1;1;1;;;;1;;1;;;;1;;1;;;;1;;1;1;1;1;;;;
Äter mindre;1;100;;0;0;0;;;;0;;0;;;;0;;0;;;;0;;0;0;0;0;;40;27;Äter mindre
Tränar inte;1;44;0;;32;0;;;;0;;24;;;;0;;0;;;;0;;0;0;0;0;;23;41;Tränar inte
Somnar sent;1;100;0;0;;0;;;;0;;0;;;;0;;0;;;;0;;0;0;0;0;;19;78;Somnar sent
Vilar;1;33;0;0;67;;;;;0;;0;;;;0;;0;;;;0;;0;0;0;0;;19;18;Vilar
Bråkar;;;;;;;;;;;;;;;;;;;;;;;;;;;;;;;Bråkar
Sjukdomstankar;;;;;;;;;;;;;;;;;;;;;;;;;;;;;;;Sjukdomsoro
Fokuserar inte;;;;;;;;;;;;;;;;;;;;;;;;;;;;;;;Fokuserar inte
Sociala medier;1;32;0;0;0;0;;;;;;0;;;;0;;0;;;;0;;0;0;0;68;;69;50;Sociala medier
Stannar hemma;;;;;;;;;;;;;;;;;;;;;;;;;;;;;;;Stannar hemma
Skjuter upp;1;100;0;0;0;0;;;;0;;;;;;0;;0;;;;0;;0;0;0;0;;22;74;Skjuter upp
Alkohol/droger;;;;;;;;;;;;;;;;;;;;;;;;;;;;;;;Alkohol/droger
Självskadar;;;;;;;;;;;;;;;;;;;;;;;;;;;;;;;Självskadar
Självmordstankar;;;;;;;;;;;;;;;;;;;;;;;;;;;;;;;Självmordstankar
Äter mer;1;10;0;0;0;0;;;;0;;0;;;;;;0;;;;0;;65;0;12;13;;75;11;Äter mer
Tvångar;;;;;;;;;;;;;;;;;;;;;;;;;;;;;;;Tvångar
Ältar;1;50;0;0;0;0;;;;0;;0;;;;0;;;;;;0;;50;0;0;0;;74;15;Ältar
Orostankar;;;;;;;;;;;;;;;;;;;;;;;;;;;;;;;Oro
Flashbacks;;;;;;;;;;;;;;;;;;;;;;;;;;;;;;;Flashbacks
Panikångest;;;;;;;;;;;;;;;;;;;;;;;;;;;;;;;Panikångest
Smärta;1;50;0;0;50;0;;;;0;;0;;;;0;;0;;;;;;;;;;;75;49;Smärta
Social ångest;;;;;;;;;;;;;;;;;;;;;;;;;;;;;;;Social ångest
Ensam/ledsen;1;47;0;0;42;0;;;;0;;0;;;;0;;11;;;;;;;;;;;74;74;Ensam/ledsen
Trött;1;50;0;0;50;0;;;;0;;0;;;;0;;0;;;;;;;;;;;18;73;Trött
Stressad;1;49;0;23;28;0;;;;0;;0;;;;0;;0;;;;;;;;;;;73;71;Stressad
Uttråkad;1;64;0;10;26;0;;;;0;;0;;;;0;;0;;;;;;;;;;;74;71;Uttråkad
Arg;;;;;;;;;;;;;;;;;;;;;;;;;;;;;;;Arg
SUMMA;;;0;33;295;0;0;0;0;0;0;24;0;0;0;0;0;11;0;0;0;0;0;115;0;12;81;0;;;
;;;;;;;;;;;;;;;;;;;;;;;;;;;;;;;
;Obs: följ en rad högerut för att se vad problemet ORSAKAS av;;;;;;;;;;;;;;;;;;;;;;;;;;;;;;
;Följ en kolumn neråt för att se vad problemen i översta raden LEDER TILL;;;;;;;;;;;;;;;;;;;;;;;;;;;;;;
