﻿385853;;Unkn;Äter mindre;Tränar inte;Somnar sent;Vilar;Bråkar;Sjukdomsoro;Fokuserar inte;Sociala medier;Stannar hemma;Skjuter upp;Alkohol/droger;Självskadar;Självmordstankar;Äter mer;Tvångar;Ältar;Orostankar;Flashbacks;Panikångest;Smärta;Social ångest;Ensam/ledsen;Trött;Stressad;Uttråkad;Arg;Modify?;Painful?;
;Relev?;;;1;;1;;;1;1;;1;1;;;;;1;1;;1;1;;1;1;;1;;;;
Äter mindre;;;;;;;;;;;;;;;;;;;;;;;;;;;;;;;Äter mindre
Tränar inte;1;10;;;;36;;;0;0;;0;0;;;;;0;0;;0;0;;0;54;;0;;71;34;Tränar inte
Somnar sent;;;;;;;;;;;;;;;;;;;;;;;;;;;;;;;Somnar sent
Vilar;1;12;;0;;;;;0;0;;0;0;;;;;0;0;;0;13;;0;75;;0;;20;93;Vilar
Bråkar;;;;;;;;;;;;;;;;;;;;;;;;;;;;;;;Bråkar
Sjukdomstankar;;;;;;;;;;;;;;;;;;;;;;;;;;;;;;;Sjukdomsoro
Fokuserar inte;1;14;;15;;0;;;;0;;0;0;;;;;0;0;;0;21;;0;50;;0;;22;69;Fokuserar inte
Sociala medier;1;0;;0;;0;;;0;;;12;0;;;;;50;38;;0;0;;0;0;;0;;80;9;Sociala medier
Stannar hemma;;;;;;;;;;;;;;;;;;;;;;;;;;;;;;;Stannar hemma
Skjuter upp;1;0;;26;;45;;;29;0;;;0;;;;;0;0;;0;0;;0;0;;0;;48;50;Skjuter upp
Alkohol/droger;1;17;;0;;0;;;0;0;;0;;;;;;31;37;;15;0;;0;0;;0;;95;43;Alkohol/droger
Självskadar;;;;;;;;;;;;;;;;;;;;;;;;;;;;;;;Självskadar
Självmordstankar;;;;;;;;;;;;;;;;;;;;;;;;;;;;;;;Självmordstankar
Äter mer;;;;;;;;;;;;;;;;;;;;;;;;;;;;;;;Äter mer
Tvångar;;;;;;;;;;;;;;;;;;;;;;;;;;;;;;;Tvångar
Ältar;1;45;;0;;0;;;0;0;;0;27;;;;;;0;;0;0;;0;0;;28;;24;93;Ältar
Orostankar;1;0;;0;;0;;;25;0;;0;24;;;;;51;;;0;0;;0;0;;0;;26;93;Oro
Flashbacks;;;;;;;;;;;;;;;;;;;;;;;;;;;;;;;Flashbacks
Panikångest;1;7;;27;;0;;;51;0;;15;0;;;;;0;0;;;;;;;;;;7;62;Panikångest
Smärta;1;100;;0;;0;;;0;0;;0;0;;;;;0;0;;;;;;;;;;5;62;Smärta
Social ångest;;;;;;;;;;;;;;;;;;;;;;;;;;;;;;;Social ångest
Ensam/ledsen;1;11;;0;;0;;;27;0;;0;0;;;;;62;0;;;;;;;;;;49;59;Ensam/ledsen
Trött;1;100;;0;;0;;;0;0;;0;0;;;;;0;0;;;;;;;;;;9;92;Trött
Stressad;;;;;;;;;;;;;;;;;;;;;;;;;;;;;;;Stressad
Uttråkad;1;20;;13;;0;;;0;0;;0;0;;;;;33;34;;;;;;;;;;75;12;Uttråkad
Arg;;;;;;;;;;;;;;;;;;;;;;;;;;;;;;;Arg
SUMMA;;;0;81;0;81;0;0;132;0;0;27;51;0;0;0;0;227;109;0;15;34;0;0;179;0;28;0;;;
;;;;;;;;;;;;;;;;;;;;;;;;;;;;;;;
;Obs: följ en rad högerut för att se vad problemet ORSAKAS av;;;;;;;;;;;;;;;;;;;;;;;;;;;;;;
;Följ en kolumn neråt för att se vad problemen i översta raden LEDER TILL;;;;;;;;;;;;;;;;;;;;;;;;;;;;;;
