﻿387084;;Unkn;Äter mindre;Tränar inte;Somnar sent;Vilar;Bråkar;Sjukdomsoro;Fokuserar inte;Sociala medier;Stannar hemma;Skjuter upp;Alkohol/droger;Självskadar;Självmordstankar;Äter mer;Tvångar;Ältar;Orostankar;Flashbacks;Panikångest;Smärta;Social ångest;Ensam/ledsen;Trött;Stressad;Uttråkad;Arg;Modify?;Painful?;
;Relev?;;;1;1;1;;;1;;;;1;;;;;1;1;;1;1;1;;;1;1;1;;;
Äter mindre;;;;;;;;;;;;;;;;;;;;;;;;;;;;;;;Äter mindre
Tränar inte;1;22;;;0;0;;;15;;;;0;;;;;0;0;;0;8;55;;;0;0;0;40;50;Tränar inte
Somnar sent;1;0;;0;;0;;;0;;;;0;;;;;50;39;;11;0;0;;;0;0;0;59;73;Somnar sent
Vilar;1;21;;21;22;;;;0;;;;0;;;;;0;0;;0;0;0;;;36;0;0;43;62;Vilar
Bråkar;;;;;;;;;;;;;;;;;;;;;;;;;;;;;;;Bråkar
Sjukdomstankar;;;;;;;;;;;;;;;;;;;;;;;;;;;;;;;Sjukdomsoro
Fokuserar inte;1;0;;0;0;0;;;;;;;0;;;;;36;0;;0;0;44;;;20;0;0;51;64;Fokuserar inte
Sociala medier;;;;;;;;;;;;;;;;;;;;;;;;;;;;;;;Sociala medier
Stannar hemma;;;;;;;;;;;;;;;;;;;;;;;;;;;;;;;Stannar hemma
Skjuter upp;;;;;;;;;;;;;;;;;;;;;;;;;;;;;;;Skjuter upp
Alkohol/droger;1;22;;0;0;0;;;0;;;;;;;;;28;34;;0;0;0;;;0;16;0;40;61;Alkohol/droger
Självskadar;;;;;;;;;;;;;;;;;;;;;;;;;;;;;;;Självskadar
Självmordstankar;;;;;;;;;;;;;;;;;;;;;;;;;;;;;;;Självmordstankar
Äter mer;;;;;;;;;;;;;;;;;;;;;;;;;;;;;;;Äter mer
Tvångar;;;;;;;;;;;;;;;;;;;;;;;;;;;;;;;Tvångar
Ältar;1;59;;0;0;0;;;0;;;;0;;;;;;41;;0;0;0;;;0;0;0;66;92;Ältar
Orostankar;1;100;;0;0;0;;;0;;;;0;;;;;0;;;0;0;0;;;0;0;0;66;92;Oro
Flashbacks;;;;;;;;;;;;;;;;;;;;;;;;;;;;;;;Flashbacks
Panikångest;1;100;;0;0;0;;;0;;;;0;;;;;0;0;;;;;;;;;;52;60;Panikångest
Smärta;1;35;;0;0;0;;;15;;;;0;;;;;50;0;;;;;;;;;;53;70;Smärta
Social ångest;1;100;;0;0;0;;;0;;;;0;;;;;0;0;;;;;;;;;;71;91;Social ångest
Ensam/ledsen;;;;;;;;;;;;;;;;;;;;;;;;;;;;;;;Ensam/ledsen
Trött;;;;;;;;;;;;;;;;;;;;;;;;;;;;;;;Trött
Stressad;1;13;;0;0;0;;;39;;;;0;;;;;48;0;;;;;;;;;;72;89;Stressad
Uttråkad;1;100;;0;0;0;;;0;;;;0;;;;;0;0;;;;;;;;;;75;70;Uttråkad
Arg;1;48;;0;22;0;;;0;;;;0;;;;;30;0;;;;;;;;;;51;68;Arg
SUMMA;;;0;21;44;0;0;0;69;0;0;0;0;0;0;0;0;242;114;0;11;8;99;0;0;56;16;0;;;
;;;;;;;;;;;;;;;;;;;;;;;;;;;;;;;
;Obs: följ en rad högerut för att se vad problemet ORSAKAS av;;;;;;;;;;;;;;;;;;;;;;;;;;;;;;
;Följ en kolumn neråt för att se vad problemen i översta raden LEDER TILL;;;;;;;;;;;;;;;;;;;;;;;;;;;;;;
