﻿397435;;Unkn;Äter mindre;Tränar inte;Somnar sent;Vilar;Bråkar;Sjukdomsoro;Fokuserar inte;Sociala medier;Stannar hemma;Skjuter upp;Alkohol/droger;Självskadar;Självmordstankar;Äter mer;Tvångar;Ältar;Orostankar;Flashbacks;Panikångest;Smärta;Social ångest;Ensam/ledsen;Trött;Stressad;Uttråkad;Arg;Modify?;Painful?;
;Relev?;;;1;;;1;1;1;1;1;1;;;;;;1;1;;;;;1;;1;1;1;;;
Äter mindre;;;;;;;;;;;;;;;;;;;;;;;;;;;;;;;Äter mindre
Tränar inte;1;0;;;;;0;0;0;31;0;0;;;;;;0;0;;;;;45;;0;24;0;81;23;Tränar inte
Somnar sent;;;;;;;;;;;;;;;;;;;;;;;;;;;;;;;Somnar sent
Vilar;;;;;;;;;;;;;;;;;;;;;;;;;;;;;;;Vilar
Bråkar;1;0;;0;;;;0;0;0;0;0;;;;;;0;0;;;;;0;;47;0;53;61;70;Bråkar
Sjukdomstankar;1;0;;0;;;0;;0;0;0;0;;;;;;15;85;;;;;0;;0;0;0;50;94;Sjukdomsoro
Fokuserar inte;1;0;;0;;;0;0;;0;0;0;;;;;;0;0;;;;;0;;100;0;0;26;81;Fokuserar inte
Sociala medier;1;0;;0;;;0;0;0;;0;0;;;;;;17;13;;;;;0;;0;70;0;72;16;Sociala medier
Stannar hemma;1;0;;0;;;0;0;16;0;;0;;;;;;40;0;;;;;0;;44;0;0;73;26;Stannar hemma
Skjuter upp;1;0;;0;;;0;0;33;0;0;;;;;;;0;0;;;;;0;;67;0;0;31;63;Skjuter upp
Alkohol/droger;;;;;;;;;;;;;;;;;;;;;;;;;;;;;;;Alkohol/droger
Självskadar;;;;;;;;;;;;;;;;;;;;;;;;;;;;;;;Självskadar
Självmordstankar;;;;;;;;;;;;;;;;;;;;;;;;;;;;;;;Självmordstankar
Äter mer;;;;;;;;;;;;;;;;;;;;;;;;;;;;;;;Äter mer
Tvångar;;;;;;;;;;;;;;;;;;;;;;;;;;;;;;;Tvångar
Ältar;1;0;;0;;;30;39;0;0;0;0;;;;;;;31;;;;;0;;0;0;0;27;81;Ältar
Orostankar;1;0;;0;;;19;36;0;0;0;0;;;;;;45;;;;;;0;;0;0;0;25;81;Oro
Flashbacks;;;;;;;;;;;;;;;;;;;;;;;;;;;;;;;Flashbacks
Panikångest;;;;;;;;;;;;;;;;;;;;;;;;;;;;;;;Panikångest
Smärta;;;;;;;;;;;;;;;;;;;;;;;;;;;;;;;Smärta
Social ångest;;;;;;;;;;;;;;;;;;;;;;;;;;;;;;;Social ångest
Ensam/ledsen;1;0;;0;;;33;0;0;0;0;0;;;;;;25;42;;;;;;;;;;26;71;Ensam/ledsen
Trött;;;;;;;;;;;;;;;;;;;;;;;;;;;;;;;Trött
Stressad;1;0;;0;;;0;0;5;0;0;0;;;;;;56;39;;;;;;;;;;28;78;Stressad
Uttråkad;1;0;;49;;;0;0;0;0;51;0;;;;;;0;0;;;;;;;;;;30;54;Uttråkad
Arg;1;0;;0;;;100;0;0;0;0;0;;;;;;0;0;;;;;;;;;;29;52;Arg
SUMMA;;;0;49;0;0;182;75;54;31;51;0;0;0;0;0;0;198;210;0;0;0;0;45;0;258;94;53;;;
;;;;;;;;;;;;;;;;;;;;;;;;;;;;;;;
;Obs: följ en rad högerut för att se vad problemet ORSAKAS av;;;;;;;;;;;;;;;;;;;;;;;;;;;;;;
;Följ en kolumn neråt för att se vad problemen i översta raden LEDER TILL;;;;;;;;;;;;;;;;;;;;;;;;;;;;;;
