﻿398965;;Unkn;Äter mindre;Tränar inte;Somnar sent;Vilar;Bråkar;Sjukdomsoro;Fokuserar inte;Sociala medier;Stannar hemma;Skjuter upp;Alkohol/droger;Självskadar;Självmordstankar;Äter mer;Tvångar;Ältar;Orostankar;Flashbacks;Panikångest;Smärta;Social ångest;Ensam/ledsen;Trött;Stressad;Uttråkad;Arg;Modify?;Painful?;
;Relev?;;;1;1;1;;1;1;1;1;1;;;;;;;1;;;1;1;;1;;;1;;;
Äter mindre;;;;;;;;;;;;;;;;;;;;;;;;;;;;;;;Äter mindre
Tränar inte;1;20;;;0;0;;0;0;0;30;20;;;;;;;0;;;30;0;;0;;;0;100;50;Tränar inte
Somnar sent;1;0;;0;;0;;0;0;30;40;0;;;;;;;0;;;0;30;;0;;;0;100;75;Somnar sent
Vilar;1;10;;0;0;;;0;0;0;40;0;;;;;;;20;;;0;0;;30;;;0;100;30;Vilar
Bråkar;;;;;;;;;;;;;;;;;;;;;;;;;;;;;;;Bråkar
Sjukdomstankar;1;10;;0;0;0;;;0;0;50;0;;;;;;;20;;;20;0;;0;;;0;100;71;Sjukdomsoro
Fokuserar inte;1;0;;0;0;0;;0;;0;40;0;;;;;;;30;;;30;0;;0;;;0;60;70;Fokuserar inte
Sociala medier;1;10;;0;0;0;;0;0;;50;20;;;;;;;20;;;0;0;;0;;;0;100;10;Sociala medier
Stannar hemma;1;0;;0;0;0;;50;0;0;;0;;;;;;;0;;;40;0;;10;;;0;70;70;Stannar hemma
Skjuter upp;1;5;;0;0;0;;0;30;0;40;;;;;;;;0;;;0;0;;0;;;25;60;60;Skjuter upp
Alkohol/droger;;;;;;;;;;;;;;;;;;;;;;;;;;;;;;;Alkohol/droger
Självskadar;;;;;;;;;;;;;;;;;;;;;;;;;;;;;;;Självskadar
Självmordstankar;;;;;;;;;;;;;;;;;;;;;;;;;;;;;;;Självmordstankar
Äter mer;;;;;;;;;;;;;;;;;;;;;;;;;;;;;;;Äter mer
Tvångar;;;;;;;;;;;;;;;;;;;;;;;;;;;;;;;Tvångar
Ältar;;;;;;;;;;;;;;;;;;;;;;;;;;;;;;;Ältar
Orostankar;1;0;;0;0;0;;40;0;0;30;0;;;;;;;;;;30;0;;0;;;0;60;56;Oro
Flashbacks;;;;;;;;;;;;;;;;;;;;;;;;;;;;;;;Flashbacks
Panikångest;;;;;;;;;;;;;;;;;;;;;;;;;;;;;;;Panikångest
Smärta;1;0;;0;0;0;;40;10;0;50;0;;;;;;;0;;;;;;;;;;40;80;Smärta
Social ångest;1;0;;0;0;0;;30;0;0;50;0;;;;;;;20;;;;;;;;;;80;50;Social ångest
Ensam/ledsen;;;;;;;;;;;;;;;;;;;;;;;;;;;;;;;Ensam/ledsen
Trött;1;10;;0;0;0;;0;30;0;30;30;;;;;;;0;;;;;;;;;;50;80;Trött
Stressad;;;;;;;;;;;;;;;;;;;;;;;;;;;;;;;Stressad
Uttråkad;;;;;;;;;;;;;;;;;;;;;;;;;;;;;;;Uttråkad
Arg;1;10;;0;0;0;;0;35;0;0;35;;;;;;;20;;;;;;;;;;70;75;Arg
SUMMA;;;0;0;0;0;0;160;105;30;450;105;0;0;0;0;0;0;130;0;0;150;30;0;40;0;0;25;;;
;;;;;;;;;;;;;;;;;;;;;;;;;;;;;;;
;Obs: följ en rad högerut för att se vad problemet ORSAKAS av;;;;;;;;;;;;;;;;;;;;;;;;;;;;;;
;Följ en kolumn neråt för att se vad problemen i översta raden LEDER TILL;;;;;;;;;;;;;;;;;;;;;;;;;;;;;;
