﻿401439;;Unkn;Äter mindre;Tränar inte;Somnar sent;Vilar;Bråkar;Sjukdomsoro;Fokuserar inte;Sociala medier;Stannar hemma;Skjuter upp;Alkohol/droger;Självskadar;Självmordstankar;Äter mer;Tvångar;Ältar;Orostankar;Flashbacks;Panikångest;Smärta;Social ångest;Ensam/ledsen;Trött;Stressad;Uttråkad;Arg;Modify?;Painful?;
;Relev?;;;;;1;1;;1;1;;1;;;;;;1;1;;1;1;1;1;1;1;1;1;;;
Äter mindre;;;;;;;;;;;;;;;;;;;;;;;;;;;;;;;Äter mindre
Tränar inte;;;;;;;;;;;;;;;;;;;;;;;;;;;;;;;Tränar inte
Somnar sent;;;;;;;;;;;;;;;;;;;;;;;;;;;;;;;Somnar sent
Vilar;1;0;;;;;0;;0;0;;0;;;;;;20;20;;0;0;0;0;60;0;0;0;85;23;Vilar
Bråkar;1;0;;;;0;;;0;0;;0;;;;;;0;0;;0;0;0;0;15;5;0;80;85;61;Bråkar
Sjukdomstankar;;;;;;;;;;;;;;;;;;;;;;;;;;;;;;;Sjukdomsoro
Fokuserar inte;1;0;;;;0;0;;;0;;0;;;;;;20;20;;0;0;0;0;0;60;0;0;85;63;Fokuserar inte
Sociala medier;1;100;;;;0;0;;0;;;0;;;;;;0;0;;0;0;0;0;0;0;0;0;100;31;Sociala medier
Stannar hemma;;;;;;;;;;;;;;;;;;;;;;;;;;;;;;;Stannar hemma
Skjuter upp;1;0;;;;0;0;;0;0;;;;;;;;5;35;;0;0;0;0;0;60;0;0;93;60;Skjuter upp
Alkohol/droger;;;;;;;;;;;;;;;;;;;;;;;;;;;;;;;Alkohol/droger
Självskadar;;;;;;;;;;;;;;;;;;;;;;;;;;;;;;;Självskadar
Självmordstankar;;;;;;;;;;;;;;;;;;;;;;;;;;;;;;;Självmordstankar
Äter mer;;;;;;;;;;;;;;;;;;;;;;;;;;;;;;;Äter mer
Tvångar;;;;;;;;;;;;;;;;;;;;;;;;;;;;;;;Tvångar
Ältar;1;0;;;;0;60;;0;0;;0;;;;;;;20;;0;0;0;20;0;0;0;0;71;82;Ältar
Orostankar;1;0;;;;0;0;;0;0;;20;;;;;;0;;;0;0;0;30;0;50;0;0;76;85;Oro
Flashbacks;;;;;;;;;;;;;;;;;;;;;;;;;;;;;;;Flashbacks
Panikångest;1;0;;;;0;20;;0;0;;0;;;;;;40;40;;;;;;;;;;70;80;Panikångest
Smärta;1;0;;;;0;0;;15;0;;0;;;;;;15;70;;;;;;;;;;62;10;Smärta
Social ångest;1;0;;;;0;0;;0;0;;0;;;;;;50;50;;;;;;;;;;90;84;Social ångest
Ensam/ledsen;1;0;;;;0;0;;20;0;;0;;;;;;40;40;;;;;;;;;;64;85;Ensam/ledsen
Trött;1;0;;;;0;20;;0;0;;0;;;;;;40;40;;;;;;;;;;70;30;Trött
Stressad;1;0;;;;0;0;;20;0;;0;;;;;;40;40;;;;;;;;;;59;63;Stressad
Uttråkad;1;0;;;;0;0;;30;0;;0;;;;;;30;40;;;;;;;;;;76;37;Uttråkad
Arg;1;0;;;;0;30;;29;0;;0;;;;;;41;0;;;;;;;;;;82;46;Arg
SUMMA;;;0;0;0;0;130;0;114;0;0;20;0;0;0;0;0;341;415;0;0;0;0;50;75;175;0;80;;;
;;;;;;;;;;;;;;;;;;;;;;;;;;;;;;;
;Obs: följ en rad högerut för att se vad problemet ORSAKAS av;;;;;;;;;;;;;;;;;;;;;;;;;;;;;;
;Följ en kolumn neråt för att se vad problemen i översta raden LEDER TILL;;;;;;;;;;;;;;;;;;;;;;;;;;;;;;
