﻿407172;;Unkn;Äter mindre;Tränar inte;Somnar sent;Vilar;Bråkar;Sjukdomsoro;Fokuserar inte;Sociala medier;Stannar hemma;Skjuter upp;Alkohol/droger;Självskadar;Självmordstankar;Äter mer;Tvångar;Ältar;Orostankar;Flashbacks;Panikångest;Smärta;Social ångest;Ensam/ledsen;Trött;Stressad;Uttråkad;Arg;Modify?;Painful?;
;Relev?;;;1;1;1;;;1;1;;1;;;;;;1;1;;;1;1;1;1;;1;;;;
Äter mindre;;;;;;;;;;;;;;;;;;;;;;;;;;;;;;;Äter mindre
Tränar inte;1;0;;;0;0;;;0;0;;75;;;;;;0;0;;;0;0;0;25;;0;;80;50;Tränar inte
Somnar sent;1;0;;0;;0;;;0;60;;30;;;;;;10;0;;;0;0;0;0;;0;;90;65;Somnar sent
Vilar;1;0;;0;30;;;;0;0;;0;;;;;;0;0;;;0;0;0;50;;20;;65;10;Vilar
Bråkar;;;;;;;;;;;;;;;;;;;;;;;;;;;;;;;Bråkar
Sjukdomstankar;;;;;;;;;;;;;;;;;;;;;;;;;;;;;;;Sjukdomsoro
Fokuserar inte;1;0;;0;0;0;;;;65;;0;;;;;;10;0;;;0;0;0;0;;25;;70;65;Fokuserar inte
Sociala medier;1;0;;0;0;0;;;0;;;0;;;;;;20;20;;;0;0;0;0;;60;;85;40;Sociala medier
Stannar hemma;;;;;;;;;;;;;;;;;;;;;;;;;;;;;;;Stannar hemma
Skjuter upp;1;0;;0;0;0;;;0;0;;;;;;;;0;45;;;0;55;0;0;;0;;75;70;Skjuter upp
Alkohol/droger;;;;;;;;;;;;;;;;;;;;;;;;;;;;;;;Alkohol/droger
Självskadar;;;;;;;;;;;;;;;;;;;;;;;;;;;;;;;Självskadar
Självmordstankar;;;;;;;;;;;;;;;;;;;;;;;;;;;;;;;Självmordstankar
Äter mer;;;;;;;;;;;;;;;;;;;;;;;;;;;;;;;Äter mer
Tvångar;;;;;;;;;;;;;;;;;;;;;;;;;;;;;;;Tvångar
Ältar;1;0;;0;0;0;;;0;0;;0;;;;;;;30;;;0;0;70;0;;0;;50;90;Ältar
Orostankar;1;0;;0;0;0;;;0;0;;0;;;;;;0;;;;0;60;40;0;;0;;40;90;Oro
Flashbacks;;;;;;;;;;;;;;;;;;;;;;;;;;;;;;;Flashbacks
Panikångest;;;;;;;;;;;;;;;;;;;;;;;;;;;;;;;Panikångest
Smärta;1;0;;60;40;0;;;0;0;;0;;;;;;0;0;;;;;;;;;;20;35;Smärta
Social ångest;1;0;;0;0;0;;;0;0;;0;;;;;;80;20;;;;;;;;;;50;90;Social ångest
Ensam/ledsen;1;0;;0;0;0;;;0;0;;0;;;;;;100;0;;;;;;;;;;50;95;Ensam/ledsen
Trött;1;0;;90;10;0;;;0;0;;0;;;;;;0;0;;;;;;;;;;30;20;Trött
Stressad;;;;;;;;;;;;;;;;;;;;;;;;;;;;;;;Stressad
Uttråkad;1;0;;0;0;0;;;35;0;;65;;;;;;0;0;;;;;;;;;;25;50;Uttråkad
Arg;;;;;;;;;;;;;;;;;;;;;;;;;;;;;;;Arg
SUMMA;;;0;150;80;0;0;0;35;125;0;170;0;0;0;0;0;220;115;0;0;0;115;110;75;0;105;0;;;
;;;;;;;;;;;;;;;;;;;;;;;;;;;;;;;
;Obs: följ en rad högerut för att se vad problemet ORSAKAS av;;;;;;;;;;;;;;;;;;;;;;;;;;;;;;
;Följ en kolumn neråt för att se vad problemen i översta raden LEDER TILL;;;;;;;;;;;;;;;;;;;;;;;;;;;;;;
