﻿409399;;Unkn;Äter mindre;Tränar inte;Somnar sent;Vilar;Bråkar;Sjukdomsoro;Fokuserar inte;Sociala medier;Stannar hemma;Skjuter upp;Alkohol/droger;Självskadar;Självmordstankar;Äter mer;Tvångar;Ältar;Oro;Flashbacks;Panikångest;Smärta;Social ångest;Ensam/ledsen;Trött;Stressad;Uttråkad;Arg;Modify?;Painful?;
;Relev?;;1;1;1;;;;1;1;;1;1;;;;;1;;;;1;1;1;;;1;;;;
Äter mindre;1;100;;0;0;;;;0;0;;0;0;;;;;0;;;;0;0;0;;;0;;100;10;Äter mindre
Tränar inte;1;100;0;;0;;;;0;0;;0;0;;;;;0;;;;0;0;0;;;0;;83;21;Tränar inte
Somnar sent;1;21;0;0;;;;;0;29;;0;0;;;;;25;;;;0;0;0;;;25;;71;29;Somnar sent
Vilar;;;;;;;;;;;;;;;;;;;;;;;;;;;;;;;Vilar
Bråkar;;;;;;;;;;;;;;;;;;;;;;;;;;;;;;;Bråkar
Sjukdomsoro;;;;;;;;;;;;;;;;;;;;;;;;;;;;;;;Sjukdomsoro
Fokuserar inte;1;0;0;0;36;;;;;0;;0;0;;;;;30;;;;34;0;0;;;0;;68;35;Fokuserar inte
Sociala medier;1;0;0;37;0;;;;0;;;0;0;;;;;30;;;;0;0;0;;;33;;85;27;Sociala medier
Stannar hemma;;;;;;;;;;;;;;;;;;;;;;;;;;;;;;;Stannar hemma
Skjuter upp;1;0;0;0;0;;;;26;34;;;0;;;;;0;;;;0;0;0;;;40;;76;28;Skjuter upp
Alkohol/droger;1;0;0;0;0;;;;0;0;;0;;;;;;29;;;;0;17;54;;;0;;97;8;Alkohol/droger
Självskadar;;;;;;;;;;;;;;;;;;;;;;;;;;;;;;;Självskadar
Självmordstankar;;;;;;;;;;;;;;;;;;;;;;;;;;;;;;;Självmordstankar
Äter mer;;;;;;;;;;;;;;;;;;;;;;;;;;;;;;;Äter mer
Tvångar;;;;;;;;;;;;;;;;;;;;;;;;;;;;;;;Tvångar
Ältar;1;85;0;0;0;;;;0;0;;0;0;;;;;;;;;0;0;15;;;0;;38;65;Ältar
Oro;;;;;;;;;;;;;;;;;;;;;;;;;;;;;;;Oro
Flashbacks;;;;;;;;;;;;;;;;;;;;;;;;;;;;;;;Flashbacks
Panikångest;;;;;;;;;;;;;;;;;;;;;;;;;;;;;;;Panikångest
Smärta;1;0;21;0;40;;;;0;39;;0;0;;;;;0;;;;;;;;;;;48;33;Smärta
Social ångest;1;45;0;0;0;;;;0;0;;0;0;;;;;55;;;;;;;;;;;28;67;Social ångest
Ensam/ledsen;1;20;0;41;0;;;;0;0;;0;0;;;;;39;;;;;;;;;;;41;67;Ensam/ledsen
Trött;;;;;;;;;;;;;;;;;;;;;;;;;;;;;;;Trött
Stressad;;;;;;;;;;;;;;;;;;;;;;;;;;;;;;;Stressad
Uttråkad;1;41;0;0;20;;;;16;0;;23;0;;;;;0;;;;;;;;;;;38;68;Uttråkad
Arg;;;;;;;;;;;;;;;;;;;;;;;;;;;;;;;Arg
SUMMA;;;21;78;96;0;0;0;42;102;0;23;0;0;0;0;0;208;0;0;0;34;17;69;0;0;98;0;;;
;;;;;;;;;;;;;;;;;;;;;;;;;;;;;;;
;Obs: följ en rad högerut för att se vad problemet ORSAKAS av;;;;;;;;;;;;;;;;;;;;;;;;;;;;;;
;Följ en kolumn neråt för att se vad problemen i översta raden LEDER TILL;;;;;;;;;;;;;;;;;;;;;;;;;;;;;;
