﻿411213;;Unkn;Äter mindre;Tränar inte;Somnar sent;Vilar;Bråkar;Sjukdomsoro;Fokuserar inte;Sociala medier;Stannar hemma;Skjuter upp;Alkohol/droger;Självskadar;Självmordstankar;Äter mer;Tvångar;Ältar;Oro;Flashbacks;Panikångest;Smärta;Social ångest;Ensam/ledsen;Trött;Stressad;Uttråkad;Arg;Modify?;Painful?;
;Relev?;;1;1;1;1;;;;;;1;;;;;1;1;;;;;;1;1;1;1;1;;;
Äter mindre;1;0;;0;0;0;;;;;;20;;;;;0;0;;;;;;59;0;21;0;0;70;58;Äter mindre
Tränar inte;1;0;0;;34;0;;;;;;0;;;;;0;0;;;;;;33;33;0;0;0;59;59;Tränar inte
Somnar sent;1;0;0;0;;20;;;;;;0;;;;;0;0;;;;;;40;0;40;0;0;20;78;Somnar sent
Vilar;1;0;0;0;50;;;;;;;0;;;;;0;0;;;;;;0;50;0;0;0;41;26;Vilar
Bråkar;;;;;;;;;;;;;;;;;;;;;;;;;;;;;;;Bråkar
Sjukdomsoro;;;;;;;;;;;;;;;;;;;;;;;;;;;;;;;Sjukdomsoro
Fokuserar inte;;;;;;;;;;;;;;;;;;;;;;;;;;;;;;;Fokuserar inte
Sociala medier;;;;;;;;;;;;;;;;;;;;;;;;;;;;;;;Sociala medier
Stannar hemma;;;;;;;;;;;;;;;;;;;;;;;;;;;;;;;Stannar hemma
Skjuter upp;1;0;0;0;32;0;;;;;;;;;;;0;0;;;;;;0;54;14;0;0;0;78;Skjuter upp
Alkohol/droger;;;;;;;;;;;;;;;;;;;;;;;;;;;;;;;Alkohol/droger
Självskadar;;;;;;;;;;;;;;;;;;;;;;;;;;;;;;;Självskadar
Självmordstankar;;;;;;;;;;;;;;;;;;;;;;;;;;;;;;;Självmordstankar
Äter mer;;;;;;;;;;;;;;;;;;;;;;;;;;;;;;;Äter mer
Tvångar;1;0;0;0;0;0;;;;;;0;;;;;;60;;;;;;0;0;40;0;0;1;76;Tvångar
Ältar;1;42;0;0;0;0;;;;;;0;;;;;0;;;;;;;58;0;0;0;0;64;31;Ältar
Oro;;;;;;;;;;;;;;;;;;;;;;;;;;;;;;;Oro
Flashbacks;;;;;;;;;;;;;;;;;;;;;;;;;;;;;;;Flashbacks
Panikångest;;;;;;;;;;;;;;;;;;;;;;;;;;;;;;;Panikångest
Smärta;;;;;;;;;;;;;;;;;;;;;;;;;;;;;;;Smärta
Social ångest;;;;;;;;;;;;;;;;;;;;;;;;;;;;;;;Social ångest
Ensam/ledsen;1;100;0;0;0;0;;;;;;0;;;;;0;0;;;;;;;;;;;50;80;Ensam/ledsen
Trött;1;0;0;0;100;0;;;;;;0;;;;;0;0;;;;;;;;;;;58;39;Trött
Stressad;1;100;0;0;0;0;;;;;;0;;;;;0;0;;;;;;;;;;;56;81;Stressad
Uttråkad;1;37;0;0;0;0;;;;;;0;;;;;0;63;;;;;;;;;;;52;49;Uttråkad
Arg;1;100;0;0;0;0;;;;;;0;;;;;0;0;;;;;;;;;;;52;49;Arg
SUMMA;;;0;0;216;20;0;0;0;0;0;20;0;0;0;0;0;123;0;0;0;0;0;190;137;115;0;0;;;
;;;;;;;;;;;;;;;;;;;;;;;;;;;;;;;
;Obs: följ en rad högerut för att se vad problemet ORSAKAS av;;;;;;;;;;;;;;;;;;;;;;;;;;;;;;
;Följ en kolumn neråt för att se vad problemen i översta raden LEDER TILL;;;;;;;;;;;;;;;;;;;;;;;;;;;;;;
