﻿414583;;Unkn;Äter mindre;Tränar inte;Somnar sent;Vilar;Bråkar;Sjukdomsoro;Fokuserar inte;Sociala medier;Stannar hemma;Skjuter upp;Alkohol/droger;Självskadar;Självmordstankar;Äter mer;Tvångar;Ältar;Orostankar;Flashbacks;Panikångest;Smärta;Social ångest;Ensam/ledsen;Trött;Stressad;Uttråkad;Arg;Modify?;Painful?;
;Relev?;;1;1;;1;1;;1;1;;1;;;;;;1;1;;;1;;1;1;1;1;1;;;
Äter mindre;1;0;;0;;0;0;;0;0;;37;;;;;;38;0;;;0;;25;0;0;0;0;95;30;Äter mindre
Tränar inte;1;0;0;;;0;0;;35;0;;39;;;;;;26;0;;;0;;0;0;0;0;0;95;30;Tränar inte
Somnar sent;;;;;;;;;;;;;;;;;;;;;;;;;;;;;;;Somnar sent
Vilar;1;0;0;0;;;27;;0;0;;22;;;;;;0;0;;;0;;0;51;0;0;0;95;10;Vilar
Bråkar;1;0;0;0;;0;;;0;0;;0;;;;;;28;37;;;0;;35;0;0;0;0;80;100;Bråkar
Sjukdomstankar;;;;;;;;;;;;;;;;;;;;;;;;;;;;;;;Sjukdomsoro
Fokuserar inte;1;0;0;0;;0;0;;;29;;43;;;;;;28;0;;;0;;0;0;0;0;0;95;50;Fokuserar inte
Sociala medier;1;0;0;0;;0;0;;27;;;0;;;;;;33;40;;;0;;0;0;0;0;0;100;81;Sociala medier
Stannar hemma;;;;;;;;;;;;;;;;;;;;;;;;;;;;;;;Stannar hemma
Skjuter upp;1;0;0;0;;0;0;;0;38;;;;;;;;20;42;;;0;;0;0;0;0;0;100;80;Skjuter upp
Alkohol/droger;;;;;;;;;;;;;;;;;;;;;;;;;;;;;;;Alkohol/droger
Självskadar;;;;;;;;;;;;;;;;;;;;;;;;;;;;;;;Självskadar
Självmordstankar;;;;;;;;;;;;;;;;;;;;;;;;;;;;;;;Självmordstankar
Äter mer;;;;;;;;;;;;;;;;;;;;;;;;;;;;;;;Äter mer
Tvångar;;;;;;;;;;;;;;;;;;;;;;;;;;;;;;;Tvångar
Ältar;1;0;0;0;;0;0;;31;0;;27;;;;;;;42;;;0;;0;0;0;0;0;90;90;Ältar
Orostankar;1;0;0;0;;0;34;;0;0;;0;;;;;;40;;;;0;;26;0;0;0;0;100;95;Oro
Flashbacks;;;;;;;;;;;;;;;;;;;;;;;;;;;;;;;Flashbacks
Panikångest;;;;;;;;;;;;;;;;;;;;;;;;;;;;;;;Panikångest
Smärta;1;0;0;0;;0;28;;0;0;;22;;;;;;0;50;;;;;;;;;;100;10;Smärta
Social ångest;;;;;;;;;;;;;;;;;;;;;;;;;;;;;;;Social ångest
Ensam/ledsen;1;0;0;0;;0;47;;0;0;;0;;;;;;27;26;;;;;;;;;;100;80;Ensam/ledsen
Trött;1;0;0;0;;0;54;;0;0;;0;;;;;;22;24;;;;;;;;;;100;81;Trött
Stressad;1;100;0;0;;0;0;;0;0;;0;;;;;;0;0;;;;;;;;;;100;10;Stressad
Uttråkad;1;48;0;0;;0;52;;0;0;;0;;;;;;0;0;;;;;;;;;;100;25;Uttråkad
Arg;1;0;0;0;;0;20;;0;0;;0;;;;;;25;55;;;;;;;;;;90;95;Arg
SUMMA;;;0;0;0;0;262;0;93;67;0;190;0;0;0;0;0;287;316;0;0;0;0;86;51;0;0;0;;;
;;;;;;;;;;;;;;;;;;;;;;;;;;;;;;;
;Obs: följ en rad högerut för att se vad problemet ORSAKAS av;;;;;;;;;;;;;;;;;;;;;;;;;;;;;;
;Följ en kolumn neråt för att se vad problemen i översta raden LEDER TILL;;;;;;;;;;;;;;;;;;;;;;;;;;;;;;
