﻿421531;;Unkn;Äter mindre;Tränar inte;Somnar sent;Vilar;Bråkar;Sjukdomsoro;Fokuserar inte;Sociala medier;Stannar hemma;Skjuter upp;Alkohol/droger;Självskadar;Självmordstankar;Äter mer;Tvångar;Ältar;Oro;Flashbacks;Panikångest;Smärta;Social ångest;Ensam/ledsen;Trött;Stressad;Uttråkad;Arg;Modify?;Painful?;
;Relev?;;1;1;;;;1;;1;;1;1;;;;;;;;;1;;;1;;1;;;;
Äter mindre;1;0;;57;;;;0;;0;;0;0;;;;;;;;;43;;;0;;0;;81;33;Äter mindre
Tränar inte;1;60;0;;;;;0;;0;;0;0;;;;;;;;;0;;;19;;21;;81;51;Tränar inte
Somnar sent;;;;;;;;;;;;;;;;;;;;;;;;;;;;;;;Somnar sent
Vilar;;;;;;;;;;;;;;;;;;;;;;;;;;;;;;;Vilar
Bråkar;;;;;;;;;;;;;;;;;;;;;;;;;;;;;;;Bråkar
Sjukdomsoro;1;0;0;0;;;;;;0;;0;0;;;;;;;;;49;;;51;;0;;82;24;Sjukdomsoro
Fokuserar inte;;;;;;;;;;;;;;;;;;;;;;;;;;;;;;;Fokuserar inte
Sociala medier;1;0;0;50;;;;0;;;;50;0;;;;;;;;;0;;;0;;0;;82;22;Sociala medier
Stannar hemma;;;;;;;;;;;;;;;;;;;;;;;;;;;;;;;Stannar hemma
Skjuter upp;1;0;0;0;;;;0;;15;;;0;;;;;;;;;0;;;68;;17;;82;34;Skjuter upp
Alkohol/droger;1;100;0;0;;;;0;;0;;0;;;;;;;;;;0;;;0;;0;;82;35;Alkohol/droger
Självskadar;;;;;;;;;;;;;;;;;;;;;;;;;;;;;;;Självskadar
Självmordstankar;;;;;;;;;;;;;;;;;;;;;;;;;;;;;;;Självmordstankar
Äter mer;;;;;;;;;;;;;;;;;;;;;;;;;;;;;;;Äter mer
Tvångar;;;;;;;;;;;;;;;;;;;;;;;;;;;;;;;Tvångar
Ältar;;;;;;;;;;;;;;;;;;;;;;;;;;;;;;;Ältar
Oro;;;;;;;;;;;;;;;;;;;;;;;;;;;;;;;Oro
Flashbacks;;;;;;;;;;;;;;;;;;;;;;;;;;;;;;;Flashbacks
Panikångest;;;;;;;;;;;;;;;;;;;;;;;;;;;;;;;Panikångest
Smärta;1;100;0;0;;;;0;;0;;0;0;;;;;;;;;;;;;;;;50;0;Smärta
Social ångest;;;;;;;;;;;;;;;;;;;;;;;;;;;;;;;Social ångest
Ensam/ledsen;;;;;;;;;;;;;;;;;;;;;;;;;;;;;;;Ensam/ledsen
Trött;1;100;0;0;;;;0;;0;;0;0;;;;;;;;;;;;;;;;50;1;Trött
Stressad;;;;;;;;;;;;;;;;;;;;;;;;;;;;;;;Stressad
Uttråkad;1;50;0;13;;;;0;;16;;21;0;;;;;;;;;;;;;;;;80;1;Uttråkad
Arg;;;;;;;;;;;;;;;;;;;;;;;;;;;;;;;Arg
SUMMA;;;0;120;0;0;0;0;0;31;0;71;0;0;0;0;0;0;0;0;0;92;0;0;138;0;38;0;;;
;;;;;;;;;;;;;;;;;;;;;;;;;;;;;;;
;Obs: följ en rad högerut för att se vad problemet ORSAKAS av;;;;;;;;;;;;;;;;;;;;;;;;;;;;;;
;Följ en kolumn neråt för att se vad problemen i översta raden LEDER TILL;;;;;;;;;;;;;;;;;;;;;;;;;;;;;;
