﻿421504;;Unkn;Äter mindre;Tränar inte;Somnar sent;Vilar;Bråkar;Sjukdomsoro;Fokuserar inte;Sociala medier;Stannar hemma;Skjuter upp;Alkohol/droger;Självskadar;Självmordstankar;Äter mer;Tvångar;Ältar;Oro;Flashbacks;Panikångest;Smärta;Social ångest;Ensam/ledsen;Trött;Stressad;Uttråkad;Arg;Modify?;Painful?;
;Relev?;;;;;;;1;1;1;;1;;;;;;1;1;;1;1;1;1;;1;1;;;;
Äter mindre;;;;;;;;;;;;;;;;;;;;;;;;;;;;;;;Äter mindre
Tränar inte;;;;;;;;;;;;;;;;;;;;;;;;;;;;;;;Tränar inte
Somnar sent;;;;;;;;;;;;;;;;;;;;;;;;;;;;;;;Somnar sent
Vilar;;;;;;;;;;;;;;;;;;;;;;;;;;;;;;;Vilar
Bråkar;;;;;;;;;;;;;;;;;;;;;;;;;;;;;;;Bråkar
Sjukdomsoro;1;0;;;;;;;0;0;;0;;;;;;0;0;;0;100;0;0;;0;0;;0;100;Sjukdomsoro
Fokuserar inte;1;0;;;;;;50;;0;;0;;;;;;0;0;;0;50;0;0;;0;0;;50;70;Fokuserar inte
Sociala medier;1;0;;;;;;0;0;;;0;;;;;;40;10;;0;50;0;0;;0;0;;70;0;Sociala medier
Stannar hemma;;;;;;;;;;;;;;;;;;;;;;;;;;;;;;;Stannar hemma
Skjuter upp;1;0;;;;;;50;0;0;;;;;;;;0;0;;0;50;0;0;;0;0;;60;14;Skjuter upp
Alkohol/droger;;;;;;;;;;;;;;;;;;;;;;;;;;;;;;;Alkohol/droger
Självskadar;;;;;;;;;;;;;;;;;;;;;;;;;;;;;;;Självskadar
Självmordstankar;;;;;;;;;;;;;;;;;;;;;;;;;;;;;;;Självmordstankar
Äter mer;;;;;;;;;;;;;;;;;;;;;;;;;;;;;;;Äter mer
Tvångar;;;;;;;;;;;;;;;;;;;;;;;;;;;;;;;Tvångar
Ältar;1;0;;;;;;45;0;0;;0;;;;;;;0;;10;45;0;0;;0;0;;15;100;Ältar
Oro;1;0;;;;;;45;0;0;;0;;;;;;0;;;10;45;0;0;;0;0;;50;100;Oro
Flashbacks;;;;;;;;;;;;;;;;;;;;;;;;;;;;;;;Flashbacks
Panikångest;1;0;;;;;;70;0;0;;0;;;;;;20;10;;;;;;;;;;60;100;Panikångest
Smärta;1;0;;;;;;70;0;0;;0;;;;;;20;10;;;;;;;;;;20;100;Smärta
Social ångest;1;0;;;;;;60;10;0;;0;;;;;;30;0;;;;;;;;;;40;75;Social ångest
Ensam/ledsen;1;0;;;;;;0;0;0;;0;;;;;;80;20;;;;;;;;;;50;100;Ensam/ledsen
Trött;;;;;;;;;;;;;;;;;;;;;;;;;;;;;;;Trött
Stressad;1;0;;;;;;80;0;0;;0;;;;;;0;20;;;;;;;;;;70;10;Stressad
Uttråkad;1;0;;;;;;70;0;0;;0;;;;;;30;0;;;;;;;;;;70;10;Uttråkad
Arg;;;;;;;;;;;;;;;;;;;;;;;;;;;;;;;Arg
SUMMA;;;0;0;0;0;0;540;10;0;0;0;0;0;0;0;0;220;70;0;20;340;0;0;0;0;0;0;;;
;;;;;;;;;;;;;;;;;;;;;;;;;;;;;;;
;Obs: följ en rad högerut för att se vad problemet ORSAKAS av;;;;;;;;;;;;;;;;;;;;;;;;;;;;;;
;Följ en kolumn neråt för att se vad problemen i översta raden LEDER TILL;;;;;;;;;;;;;;;;;;;;;;;;;;;;;;
