﻿423142;;Unkn;Äter mindre;Tränar inte;Somnar sent;Vilar;Bråkar;Sjukdomsoro;Fokuserar inte;Sociala medier;Stannar hemma;Skjuter upp;Alkohol/droger;Självskadar;Självmordstankar;Äter mer;Tvångar;Ältar;Orostankar;Flashbacks;Panikångest;Smärta;Social ångest;Ensam/ledsen;Trött;Stressad;Uttråkad;Arg;Modify?;Painful?;
;Relev?;;;1;1;;;;1;;1;1;1;;;;;;;;;1;1;;;;1;1;;;
Äter mindre;;;;;;;;;;;;;;;;;;;;;;;;;;;;;;;Äter mindre
Tränar inte;1;67;;;13;;;;6;;0;14;0;;;;;;;;;0;0;;;;0;0;80;15;Tränar inte
Somnar sent;1;45;;0;;;;;0;;0;39;0;;;;;;;;;0;0;;;;0;16;60;30;Somnar sent
Vilar;;;;;;;;;;;;;;;;;;;;;;;;;;;;;;;Vilar
Bråkar;;;;;;;;;;;;;;;;;;;;;;;;;;;;;;;Bråkar
Sjukdomstankar;;;;;;;;;;;;;;;;;;;;;;;;;;;;;;;Sjukdomsoro
Fokuserar inte;1;50;;0;20;;;;;;0;0;0;;;;;;;;;0;30;;;;0;0;40;20;Fokuserar inte
Sociala medier;;;;;;;;;;;;;;;;;;;;;;;;;;;;;;;Sociala medier
Stannar hemma;1;15;;0;0;;;;0;;;0;0;;;;;;;;;17;68;;;;0;0;70;40;Stannar hemma
Skjuter upp;1;50;;0;35;;;;15;;0;;0;;;;;;;;;0;0;;;;0;0;60;35;Skjuter upp
Alkohol/droger;1;100;;0;0;;;;0;;0;0;;;;;;;;;;0;0;;;;0;0;95;0;Alkohol/droger
Självskadar;;;;;;;;;;;;;;;;;;;;;;;;;;;;;;;Självskadar
Självmordstankar;;;;;;;;;;;;;;;;;;;;;;;;;;;;;;;Självmordstankar
Äter mer;;;;;;;;;;;;;;;;;;;;;;;;;;;;;;;Äter mer
Tvångar;;;;;;;;;;;;;;;;;;;;;;;;;;;;;;;Tvångar
Ältar;;;;;;;;;;;;;;;;;;;;;;;;;;;;;;;Ältar
Orostankar;;;;;;;;;;;;;;;;;;;;;;;;;;;;;;;Oro
Flashbacks;;;;;;;;;;;;;;;;;;;;;;;;;;;;;;;Flashbacks
Panikångest;;;;;;;;;;;;;;;;;;;;;;;;;;;;;;;Panikångest
Smärta;1;100;;0;0;;;;0;;0;0;0;;;;;;;;;;;;;;;;20;20;Smärta
Social ångest;1;68;;0;0;;;;18;;14;0;0;;;;;;;;;;;;;;;;20;70;Social ångest
Ensam/ledsen;;;;;;;;;;;;;;;;;;;;;;;;;;;;;;;Ensam/ledsen
Trött;;;;;;;;;;;;;;;;;;;;;;;;;;;;;;;Trött
Stressad;;;;;;;;;;;;;;;;;;;;;;;;;;;;;;;Stressad
Uttråkad;1;60;;10;0;;;;10;;20;0;0;;;;;;;;;;;;;;;;30;20;Uttråkad
Arg;1;80;;0;15;;;;0;;0;5;0;;;;;;;;;;;;;;;;30;15;Arg
SUMMA;;;0;10;83;0;0;0;49;0;34;58;0;0;0;0;0;0;0;0;0;17;98;0;0;0;0;16;;;
;;;;;;;;;;;;;;;;;;;;;;;;;;;;;;;
;Obs: följ en rad högerut för att se vad problemet ORSAKAS av;;;;;;;;;;;;;;;;;;;;;;;;;;;;;;
;Följ en kolumn neråt för att se vad problemen i översta raden LEDER TILL;;;;;;;;;;;;;;;;;;;;;;;;;;;;;;
