﻿423149;;Unkn;Äter mindre;Tränar inte;Somnar sent;Vilar;Bråkar;Sjukdomsoro;Fokuserar inte;Sociala medier;Stannar hemma;Skjuter upp;Alkohol/droger;Självskadar;Självmordstankar;Äter mer;Tvångar;Ältar;Oro;Flashbacks;Panikångest;Smärta;Social ångest;Ensam/ledsen;Trött;Stressad;Uttråkad;Arg;Modify?;Painful?;
;Relev?;;;1;;;;;1;;;1;;;;1;;1;1;1;1;1;1;1;1;1;1;1;;;
Äter mindre;;;;;;;;;;;;;;;;;;;;;;;;;;;;;;;Äter mindre
Tränar inte;1;0;;;;;;;25;;;0;;;;0;;0;0;0;0;0;44;0;31;0;0;0;92;81;Tränar inte
Somnar sent;;;;;;;;;;;;;;;;;;;;;;;;;;;;;;;Somnar sent
Vilar;;;;;;;;;;;;;;;;;;;;;;;;;;;;;;;Vilar
Bråkar;;;;;;;;;;;;;;;;;;;;;;;;;;;;;;;Bråkar
Sjukdomsoro;;;;;;;;;;;;;;;;;;;;;;;;;;;;;;;Sjukdomsoro
Fokuserar inte;1;0;;0;;;;;;;;0;;;;0;;29;37;0;0;0;34;0;0;0;0;0;96;67;Fokuserar inte
Sociala medier;;;;;;;;;;;;;;;;;;;;;;;;;;;;;;;Sociala medier
Stannar hemma;;;;;;;;;;;;;;;;;;;;;;;;;;;;;;;Stannar hemma
Skjuter upp;1;0;;0;;;;;51;;;;;;;0;;0;0;0;0;0;0;0;49;0;0;0;80;70;Skjuter upp
Alkohol/droger;;;;;;;;;;;;;;;;;;;;;;;;;;;;;;;Alkohol/droger
Självskadar;;;;;;;;;;;;;;;;;;;;;;;;;;;;;;;Självskadar
Självmordstankar;;;;;;;;;;;;;;;;;;;;;;;;;;;;;;;Självmordstankar
Äter mer;1;0;;64;;;;;0;;;0;;;;;;17;0;0;19;0;0;0;0;0;0;0;85;35;Äter mer
Tvångar;;;;;;;;;;;;;;;;;;;;;;;;;;;;;;;Tvångar
Ältar;1;0;;0;;;;;0;;;0;;;;0;;;37;29;0;0;0;34;0;0;0;0;87;77;Ältar
Oro;1;0;;0;;;;;59;;;25;;;;0;;0;;0;0;0;16;0;0;0;0;0;35;83;Oro
Flashbacks;1;0;;0;;;;;11;;;0;;;;0;;45;44;;;;;;;;;;97;71;Flashbacks
Panikångest;1;0;;23;;;;;0;;;36;;;;0;;0;41;;;;;;;;;;77;47;Panikångest
Smärta;1;100;;0;;;;;0;;;0;;;;0;;0;0;;;;;;;;;;53;66;Smärta
Social ångest;1;0;;0;;;;;15;;;0;;;;0;;64;21;;;;;;;;;;65;81;Social ångest
Ensam/ledsen;1;0;;0;;;;;0;;;0;;;;0;;45;55;;;;;;;;;;32;72;Ensam/ledsen
Trött;1;100;;0;;;;;0;;;0;;;;0;;0;0;;;;;;;;;;33;62;Trött
Stressad;1;0;;0;;;;;15;;;0;;;;0;;52;33;;;;;;;;;;72;77;Stressad
Uttråkad;1;0;;0;;;;;28;;;0;;;;0;;39;33;;;;;;;;;;74;33;Uttråkad
Arg;1;0;;49;;;;;0;;;26;;;;0;;25;0;;;;;;;;;;70;78;Arg
SUMMA;;;0;136;0;0;0;0;204;0;0;87;0;0;0;0;0;316;301;29;19;0;94;34;80;0;0;0;;;
;;;;;;;;;;;;;;;;;;;;;;;;;;;;;;;
;Obs: följ en rad högerut för att se vad problemet ORSAKAS av;;;;;;;;;;;;;;;;;;;;;;;;;;;;;;
;Följ en kolumn neråt för att se vad problemen i översta raden LEDER TILL;;;;;;;;;;;;;;;;;;;;;;;;;;;;;;
