﻿426296;;Unkn;Äter mindre;Tränar inte;Somnar sent;Vilar;Bråkar;Sjukdomsoro;Fokuserar inte;Sociala medier;Stannar hemma;Skjuter upp;Alkohol/droger;Självskadar;Självmordstankar;Äter mer;Tvångar;Ältar;Oro;Flashbacks;Panikångest;Smärta;Social ångest;Ensam/ledsen;Trött;Stressad;Uttråkad;Arg;Modify?;Painful?;
;Relev?;;1;1;;;;;1;;1;1;1;;;;;;1;;;;1;;;1;1;;;;
Äter mindre;1;12;;0;;;;;0;;0;0;88;;;;;;0;;;;0;;;0;0;;100;0;Äter mindre
Tränar inte;1;0;0;;;;;;0;;0;47;53;;;;;;0;;;;0;;;0;0;;69;29;Tränar inte
Somnar sent;;;;;;;;;;;;;;;;;;;;;;;;;;;;;;;Somnar sent
Vilar;;;;;;;;;;;;;;;;;;;;;;;;;;;;;;;Vilar
Bråkar;;;;;;;;;;;;;;;;;;;;;;;;;;;;;;;Bråkar
Sjukdomsoro;;;;;;;;;;;;;;;;;;;;;;;;;;;;;;;Sjukdomsoro
Fokuserar inte;1;0;0;0;;;;;;;0;0;0;;;;;;50;;;;0;;;50;0;;51;67;Fokuserar inte
Sociala medier;;;;;;;;;;;;;;;;;;;;;;;;;;;;;;;Sociala medier
Stannar hemma;1;45;0;0;;;;;0;;;0;0;;;;;;0;;;;40;;;15;0;;51;35;Stannar hemma
Skjuter upp;1;0;0;0;;;;;52;;0;;7;;;;;;0;;;;0;;;41;0;;51;49;Skjuter upp
Alkohol/droger;1;0;0;0;;;;;0;;0;0;;;;;;;41;;;;0;;;50;9;;56;26;Alkohol/droger
Självskadar;;;;;;;;;;;;;;;;;;;;;;;;;;;;;;;Självskadar
Självmordstankar;;;;;;;;;;;;;;;;;;;;;;;;;;;;;;;Självmordstankar
Äter mer;;;;;;;;;;;;;;;;;;;;;;;;;;;;;;;Äter mer
Tvångar;;;;;;;;;;;;;;;;;;;;;;;;;;;;;;;Tvångar
Ältar;;;;;;;;;;;;;;;;;;;;;;;;;;;;;;;Ältar
Oro;1;37;0;0;;;;;0;;26;37;0;;;;;;;;;;0;;;0;0;;41;51;Oro
Flashbacks;;;;;;;;;;;;;;;;;;;;;;;;;;;;;;;Flashbacks
Panikångest;;;;;;;;;;;;;;;;;;;;;;;;;;;;;;;Panikångest
Smärta;;;;;;;;;;;;;;;;;;;;;;;;;;;;;;;Smärta
Social ångest;1;100;0;0;;;;;0;;0;0;0;;;;;;0;;;;;;;;;;38;13;Social ångest
Ensam/ledsen;;;;;;;;;;;;;;;;;;;;;;;;;;;;;;;Ensam/ledsen
Trött;;;;;;;;;;;;;;;;;;;;;;;;;;;;;;;Trött
Stressad;1;0;0;0;;;;;39;;0;39;0;;;;;;22;;;;;;;;;;46;37;Stressad
Uttråkad;1;25;0;0;;;;;25;;0;15;0;;;;;;35;;;;;;;;;;72;14;Uttråkad
Arg;;;;;;;;;;;;;;;;;;;;;;;;;;;;;;;Arg
SUMMA;;;0;0;0;0;0;0;116;0;26;138;148;0;0;0;0;0;148;0;0;0;40;0;0;156;9;0;;;
;;;;;;;;;;;;;;;;;;;;;;;;;;;;;;;
;Obs: följ en rad högerut för att se vad problemet ORSAKAS av;;;;;;;;;;;;;;;;;;;;;;;;;;;;;;
;Följ en kolumn neråt för att se vad problemen i översta raden LEDER TILL;;;;;;;;;;;;;;;;;;;;;;;;;;;;;;
