﻿428550;;Unkn;Äter mindre;Tränar inte;Somnar sent;Vilar;Bråkar;Sjukdomsoro;Fokuserar inte;Sociala medier;Stannar hemma;Skjuter upp;Alkohol/droger;Självskadar;Självmordstankar;Äter mer;Tvångar;Ältar;Orostankar;Flashbacks;Panikångest;Smärta;Social ångest;Ensam/ledsen;Trött;Stressad;Uttråkad;Arg;Modify?;Painful?;
;Relev?;;1;;1;1;;;1;;;1;;1;;1;;1;;;;;1;1;1;1;1;;;;
Äter mindre;1;100;;;0;0;;;0;;;0;;0;;0;;0;;;;;0;0;0;0;0;;100;25;Äter mindre
Tränar inte;;;;;;;;;;;;;;;;;;;;;;;;;;;;;;;Tränar inte
Somnar sent;1;0;0;;;0;;;0;;;0;;0;;0;;50;;;;;0;50;0;0;0;;80;50;Somnar sent
Vilar;1;0;0;;25;;;;0;;;0;;0;;0;;0;;;;;0;0;75;0;0;;80;25;Vilar
Bråkar;;;;;;;;;;;;;;;;;;;;;;;;;;;;;;;Bråkar
Sjukdomstankar;;;;;;;;;;;;;;;;;;;;;;;;;;;;;;;Sjukdomsoro
Fokuserar inte;1;0;0;;0;0;;;;;;20;;0;;0;;0;;;;;0;19;61;0;0;;80;74;Fokuserar inte
Sociala medier;;;;;;;;;;;;;;;;;;;;;;;;;;;;;;;Sociala medier
Stannar hemma;;;;;;;;;;;;;;;;;;;;;;;;;;;;;;;Stannar hemma
Skjuter upp;1;0;0;;0;25;;;15;;;;;0;;0;;0;;;;;0;0;60;0;0;;90;50;Skjuter upp
Alkohol/droger;;;;;;;;;;;;;;;;;;;;;;;;;;;;;;;Alkohol/droger
Självskadar;1;0;0;;0;0;;;0;;;0;;;;0;;20;;;;;0;80;0;0;0;;100;80;Självskadar
Självmordstankar;;;;;;;;;;;;;;;;;;;;;;;;;;;;;;;Självmordstankar
Äter mer;1;0;50;;0;0;;;0;;;0;;0;;;;0;;;;;0;50;0;0;0;;100;50;Äter mer
Tvångar;;;;;;;;;;;;;;;;;;;;;;;;;;;;;;;Tvångar
Ältar;1;100;0;;0;0;;;0;;;0;;0;;0;;;;;;;0;0;0;0;0;;75;80;Ältar
Orostankar;;;;;;;;;;;;;;;;;;;;;;;;;;;;;;;Oro
Flashbacks;;;;;;;;;;;;;;;;;;;;;;;;;;;;;;;Flashbacks
Panikångest;;;;;;;;;;;;;;;;;;;;;;;;;;;;;;;Panikångest
Smärta;;;;;;;;;;;;;;;;;;;;;;;;;;;;;;;Smärta
Social ångest;1;0;0;;0;0;;;20;;;0;;0;;0;;80;;;;;;;;;;;80;80;Social ångest
Ensam/ledsen;1;80;0;;0;0;;;0;;;0;;0;;0;;20;;;;;;;;;;;80;90;Ensam/ledsen
Trött;1;76;0;;24;0;;;0;;;0;;0;;0;;0;;;;;;;;;;;75;89;Trött
Stressad;1;0;0;;0;0;;;50;;;25;;0;;0;;25;;;;;;;;;;;75;75;Stressad
Uttråkad;1;50;0;;0;0;;;50;;;0;;0;;0;;0;;;;;;;;;;;90;50;Uttråkad
Arg;;;;;;;;;;;;;;;;;;;;;;;;;;;;;;;Arg
SUMMA;;;50;0;49;25;0;0;135;0;0;45;0;0;0;0;0;195;0;0;0;0;0;199;196;0;0;0;;;
;;;;;;;;;;;;;;;;;;;;;;;;;;;;;;;
;Obs: följ en rad högerut för att se vad problemet ORSAKAS av;;;;;;;;;;;;;;;;;;;;;;;;;;;;;;
;Följ en kolumn neråt för att se vad problemen i översta raden LEDER TILL;;;;;;;;;;;;;;;;;;;;;;;;;;;;;;
