﻿431545;;Unkn;Äter mindre;Tränar inte;Somnar sent;Vilar;Bråkar;Sjukdomsoro;Fokuserar inte;Sociala medier;Stannar hemma;Skjuter upp;Alkohol/droger;Självskadar;Självmordstankar;Äter mer;Tvångar;Ältar;Oro;Flashbacks;Panikångest;Smärta;Social ångest;Ensam/ledsen;Trött;Stressad;Uttråkad;Arg;Modify?;Painful?;
;Relev?;;;1;1;;;;1;;;1;1;;;;;1;1;;;;1;;1;1;;1;;;
Äter mindre;;;;;;;;;;;;;;;;;;;;;;;;;;;;;;;Äter mindre
Tränar inte;1;0;;0;0;;;;22;;;20;0;;;;;0;0;;;;0;;0;58;;0;70;80;Tränar inte
Somnar sent;1;0;;0;0;;;;0;;;25;50;;;;;25;0;;;;0;;0;0;;0;80;41;Somnar sent
Vilar;;;;;;;;;;;;;;;;;;;;;;;;;;;;;;;Vilar
Bråkar;;;;;;;;;;;;;;;;;;;;;;;;;;;;;;;Bråkar
Sjukdomsoro;;;;;;;;;;;;;;;;;;;;;;;;;;;;;;;Sjukdomsoro
Fokuserar inte;1;0;;0;0;;;;0;;;35;0;;;;;0;35;;;;0;;0;30;;0;37;76;Fokuserar inte
Sociala medier;;;;;;;;;;;;;;;;;;;;;;;;;;;;;;;Sociala medier
Stannar hemma;;;;;;;;;;;;;;;;;;;;;;;;;;;;;;;Stannar hemma
Skjuter upp;1;0;;0;0;;;;0;;;0;0;;;;;70;0;;;;0;;0;30;;0;38;90;Skjuter upp
Alkohol/droger;1;0;;0;40;;;;0;;;0;0;;;;;0;0;;;;0;;60;0;;0;80;88;Alkohol/droger
Självskadar;;;;;;;;;;;;;;;;;;;;;;;;;;;;;;;Självskadar
Självmordstankar;;;;;;;;;;;;;;;;;;;;;;;;;;;;;;;Självmordstankar
Äter mer;;;;;;;;;;;;;;;;;;;;;;;;;;;;;;;Äter mer
Tvångar;;;;;;;;;;;;;;;;;;;;;;;;;;;;;;;Tvångar
Ältar;1;0;;0;0;;;;0;;;0;26;;;;;0;15;;;;0;;0;59;;0;72;70;Ältar
Oro;1;0;;0;0;;;;48;;;29;0;;;;;0;0;;;;0;;0;23;;0;20;54;Oro
Flashbacks;;;;;;;;;;;;;;;;;;;;;;;;;;;;;;;Flashbacks
Panikångest;;;;;;;;;;;;;;;;;;;;;;;;;;;;;;;Panikångest
Smärta;;;;;;;;;;;;;;;;;;;;;;;;;;;;;;;Smärta
Social ångest;1;0;;0;0;;;;0;;;0;0;;;;;50;50;;;;0;;0;0;;0;27;86;Social ångest
Ensam/ledsen;;;;;;;;;;;;;;;;;;;;;;;;;;;;;;;Ensam/ledsen
Trött;1;0;;25;57;;;;0;;;0;18;;;;;0;0;;;;0;;0;0;;0;37;38;Trött
Stressad;1;0;;0;0;;;;0;;;31;0;;;;;35;34;;;;0;;0;0;;0;28;81;Stressad
Uttråkad;;;;;;;;;;;;;;;;;;;;;;;;;;;;;;;Uttråkad
Arg;1;0;;0;0;;;;71;;;0;29;;;;;0;0;;;;0;;0;0;;0;76;94;Arg
SUMMA;;;0;25;97;0;0;0;141;0;0;140;123;0;0;0;0;180;134;0;0;0;0;0;60;200;0;0;;;
;;;;;;;;;;;;;;;;;;;;;;;;;;;;;;;
;Obs: följ en rad högerut för att se vad problemet ORSAKAS av;;;;;;;;;;;;;;;;;;;;;;;;;;;;;;
;Följ en kolumn neråt för att se vad problemen i översta raden LEDER TILL;;;;;;;;;;;;;;;;;;;;;;;;;;;;;;
