﻿437266;;Unkn;Äter mindre;Tränar inte;Somnar sent;Vilar;Bråkar;Sjukdomsoro;Fokuserar inte;Sociala medier;Stannar hemma;Skjuter upp;Alkohol/droger;Självskadar;Självmordstankar;Äter mer;Tvångar;Ältar;Orostankar;Flashbacks;Panikångest;Smärta;Social ångest;Ensam/ledsen;Trött;Stressad;Uttråkad;Arg;Modify?;Painful?;
;Relev?;;1;1;1;1;;;1;1;;;;;;;;;1;;;;;;1;1;;;;;
Äter mindre;1;0;;0;0;0;;;0;59;;;;;;;;;0;;;;;;41;0;;;100;10;Äter mindre
Tränar inte;1;0;0;;20;0;;;0;39;;;;;;;;;0;;;;;;41;0;;;60;50;Tränar inte
Somnar sent;1;0;0;0;;27;;;0;0;;;;;;;;;48;;;;;;0;25;;;79;56;Somnar sent
Vilar;1;0;0;0;46;;;;7;0;;;;;;;;;0;;;;;;47;0;;;70;0;Vilar
Bråkar;;;;;;;;;;;;;;;;;;;;;;;;;;;;;;;Bråkar
Sjukdomstankar;;;;;;;;;;;;;;;;;;;;;;;;;;;;;;;Sjukdomsoro
Fokuserar inte;1;0;0;0;0;0;;;;28;;;;;;;;;0;;;;;;40;32;;;30;60;Fokuserar inte
Sociala medier;1;0;0;0;0;0;;;40;;;;;;;;;;30;;;;;;0;30;;;50;70;Sociala medier
Stannar hemma;;;;;;;;;;;;;;;;;;;;;;;;;;;;;;;Stannar hemma
Skjuter upp;;;;;;;;;;;;;;;;;;;;;;;;;;;;;;;Skjuter upp
Alkohol/droger;;;;;;;;;;;;;;;;;;;;;;;;;;;;;;;Alkohol/droger
Självskadar;;;;;;;;;;;;;;;;;;;;;;;;;;;;;;;Självskadar
Självmordstankar;;;;;;;;;;;;;;;;;;;;;;;;;;;;;;;Självmordstankar
Äter mer;;;;;;;;;;;;;;;;;;;;;;;;;;;;;;;Äter mer
Tvångar;;;;;;;;;;;;;;;;;;;;;;;;;;;;;;;Tvångar
Ältar;;;;;;;;;;;;;;;;;;;;;;;;;;;;;;;Ältar
Orostankar;1;0;0;25;0;0;;;35;0;;;;;;;;;;;;;;;0;40;;;36;80;Oro
Flashbacks;;;;;;;;;;;;;;;;;;;;;;;;;;;;;;;Flashbacks
Panikångest;;;;;;;;;;;;;;;;;;;;;;;;;;;;;;;Panikångest
Smärta;;;;;;;;;;;;;;;;;;;;;;;;;;;;;;;Smärta
Social ångest;;;;;;;;;;;;;;;;;;;;;;;;;;;;;;;Social ångest
Ensam/ledsen;;;;;;;;;;;;;;;;;;;;;;;;;;;;;;;Ensam/ledsen
Trött;1;0;21;0;42;0;;;37;0;;;;;;;;;0;;;;;;;;;;25;55;Trött
Stressad;1;0;21;30;0;0;;;0;0;;;;;;;;;49;;;;;;;;;;40;40;Stressad
Uttråkad;;;;;;;;;;;;;;;;;;;;;;;;;;;;;;;Uttråkad
Arg;;;;;;;;;;;;;;;;;;;;;;;;;;;;;;;Arg
SUMMA;;;42;55;108;27;0;0;119;126;0;0;0;0;0;0;0;0;127;0;0;0;0;0;169;127;0;0;;;
;;;;;;;;;;;;;;;;;;;;;;;;;;;;;;;
;Obs: följ en rad högerut för att se vad problemet ORSAKAS av;;;;;;;;;;;;;;;;;;;;;;;;;;;;;;
;Följ en kolumn neråt för att se vad problemen i översta raden LEDER TILL;;;;;;;;;;;;;;;;;;;;;;;;;;;;;;
