﻿438426;;Unkn;Äter mindre;Tränar inte;Somnar sent;Vilar;Bråkar;Sjukdomsoro;Fokuserar inte;Sociala medier;Stannar hemma;Skjuter upp;Alkohol/droger;Självskadar;Självmordstankar;Äter mer;Tvångar;Ältar;Orostankar;Flashbacks;Panikångest;Smärta;Social ångest;Ensam/ledsen;Trött;Stressad;Uttråkad;Arg;Modify?;Painful?;
;Relev?;;1;1;;1;;;;1;;1;;;;;;;;;;1;;1;1;1;;1;;;
Äter mindre;1;33;;0;;20;;;;20;;0;;;;;;;;;;0;;0;27;0;;0;100;0;Äter mindre
Tränar inte;1;16;0;;;0;;;;0;;25;;;;;;;;;;0;;0;59;0;;0;71;30;Tränar inte
Somnar sent;;;;;;;;;;;;;;;;;;;;;;;;;;;;;;;Somnar sent
Vilar;1;38;0;0;;;;;;0;;0;;;;;;;;;;0;;0;62;0;;0;80;0;Vilar
Bråkar;;;;;;;;;;;;;;;;;;;;;;;;;;;;;;;Bråkar
Sjukdomstankar;;;;;;;;;;;;;;;;;;;;;;;;;;;;;;;Sjukdomsoro
Fokuserar inte;;;;;;;;;;;;;;;;;;;;;;;;;;;;;;;Fokuserar inte
Sociala medier;1;30;0;0;;0;;;;;;40;;;;;;;;;;0;;0;30;0;;0;60;15;Sociala medier
Stannar hemma;;;;;;;;;;;;;;;;;;;;;;;;;;;;;;;Stannar hemma
Skjuter upp;1;100;0;0;;0;;;;0;;;;;;;;;;;;0;;0;0;0;;0;70;40;Skjuter upp
Alkohol/droger;;;;;;;;;;;;;;;;;;;;;;;;;;;;;;;Alkohol/droger
Självskadar;;;;;;;;;;;;;;;;;;;;;;;;;;;;;;;Självskadar
Självmordstankar;;;;;;;;;;;;;;;;;;;;;;;;;;;;;;;Självmordstankar
Äter mer;;;;;;;;;;;;;;;;;;;;;;;;;;;;;;;Äter mer
Tvångar;;;;;;;;;;;;;;;;;;;;;;;;;;;;;;;Tvångar
Ältar;;;;;;;;;;;;;;;;;;;;;;;;;;;;;;;Ältar
Orostankar;;;;;;;;;;;;;;;;;;;;;;;;;;;;;;;Oro
Flashbacks;;;;;;;;;;;;;;;;;;;;;;;;;;;;;;;Flashbacks
Panikångest;;;;;;;;;;;;;;;;;;;;;;;;;;;;;;;Panikångest
Smärta;1;21;0;79;;0;;;;0;;0;;;;;;;;;;;;;;;;;80;25;Smärta
Social ångest;;;;;;;;;;;;;;;;;;;;;;;;;;;;;;;Social ångest
Ensam/ledsen;1;100;0;0;;0;;;;0;;0;;;;;;;;;;;;;;;;;100;15;Ensam/ledsen
Trött;1;50;0;50;;0;;;;0;;0;;;;;;;;;;;;;;;;;90;40;Trött
Stressad;1;50;0;0;;0;;;;0;;50;;;;;;;;;;;;;;;;;60;25;Stressad
Uttråkad;;;;;;;;;;;;;;;;;;;;;;;;;;;;;;;Uttråkad
Arg;1;100;0;0;;0;;;;0;;0;;;;;;;;;;;;;;;;;65;15;Arg
SUMMA;;;0;129;0;20;0;0;0;20;0;115;0;0;0;0;0;0;0;0;0;0;0;0;178;0;0;0;;;
;;;;;;;;;;;;;;;;;;;;;;;;;;;;;;;
;Obs: följ en rad högerut för att se vad problemet ORSAKAS av;;;;;;;;;;;;;;;;;;;;;;;;;;;;;;
;Följ en kolumn neråt för att se vad problemen i översta raden LEDER TILL;;;;;;;;;;;;;;;;;;;;;;;;;;;;;;
