﻿440127;;Unkn;Äter mindre;Tränar inte;Somnar sent;Vilar;Bråkar;Sjukdomsoro;Fokuserar inte;Sociala medier;Stannar hemma;Skjuter upp;Alkohol/droger;Självskadar;Självmordstankar;Äter mer;Tvångar;Ältar;Orostankar;Flashbacks;Panikångest;Smärta;Social ångest;Ensam/ledsen;Trött;Stressad;Uttråkad;Arg;Modify?;Painful?;
;Relev?;;;1;;;;;1;1;;;;;;;;;1;;;1;;;1;;1;;;;
Äter mindre;;;;;;;;;;;;;;;;;;;;;;;;;;;;;;;Äter mindre
Tränar inte;1;56;;;;;;;0;0;;;;;;;;;0;;;0;;;33;;11;;91;20;Tränar inte
Somnar sent;;;;;;;;;;;;;;;;;;;;;;;;;;;;;;;Somnar sent
Vilar;;;;;;;;;;;;;;;;;;;;;;;;;;;;;;;Vilar
Bråkar;;;;;;;;;;;;;;;;;;;;;;;;;;;;;;;Bråkar
Sjukdomstankar;;;;;;;;;;;;;;;;;;;;;;;;;;;;;;;Sjukdomsoro
Fokuserar inte;1;20;;35;;;;;;45;;;;;;;;;0;;;0;;;0;;0;;67;31;Fokuserar inte
Sociala medier;1;22;;0;;;;;78;;;;;;;;;;0;;;0;;;0;;0;;96;31;Sociala medier
Stannar hemma;;;;;;;;;;;;;;;;;;;;;;;;;;;;;;;Stannar hemma
Skjuter upp;;;;;;;;;;;;;;;;;;;;;;;;;;;;;;;Skjuter upp
Alkohol/droger;;;;;;;;;;;;;;;;;;;;;;;;;;;;;;;Alkohol/droger
Självskadar;;;;;;;;;;;;;;;;;;;;;;;;;;;;;;;Självskadar
Självmordstankar;;;;;;;;;;;;;;;;;;;;;;;;;;;;;;;Självmordstankar
Äter mer;;;;;;;;;;;;;;;;;;;;;;;;;;;;;;;Äter mer
Tvångar;;;;;;;;;;;;;;;;;;;;;;;;;;;;;;;Tvångar
Ältar;;;;;;;;;;;;;;;;;;;;;;;;;;;;;;;Ältar
Orostankar;1;31;;31;;;;;38;0;;;;;;;;;;;;0;;;0;;0;;26;72;Oro
Flashbacks;;;;;;;;;;;;;;;;;;;;;;;;;;;;;;;Flashbacks
Panikångest;;;;;;;;;;;;;;;;;;;;;;;;;;;;;;;Panikångest
Smärta;1;56;;23;;;;;0;21;;;;;;;;;0;;;;;;;;;;72;20;Smärta
Social ångest;;;;;;;;;;;;;;;;;;;;;;;;;;;;;;;Social ångest
Ensam/ledsen;;;;;;;;;;;;;;;;;;;;;;;;;;;;;;;Ensam/ledsen
Trött;1;33;;0;;;;;38;0;;;;;;;;;29;;;;;;;;;;74;42;Trött
Stressad;;;;;;;;;;;;;;;;;;;;;;;;;;;;;;;Stressad
Uttråkad;1;31;;46;;;;;23;0;;;;;;;;;0;;;;;;;;;;78;49;Uttråkad
Arg;;;;;;;;;;;;;;;;;;;;;;;;;;;;;;;Arg
SUMMA;;;0;135;0;0;0;0;177;66;0;0;0;0;0;0;0;0;29;0;0;0;0;0;33;0;11;0;;;
;;;;;;;;;;;;;;;;;;;;;;;;;;;;;;;
;Obs: följ en rad högerut för att se vad problemet ORSAKAS av;;;;;;;;;;;;;;;;;;;;;;;;;;;;;;
;Följ en kolumn neråt för att se vad problemen i översta raden LEDER TILL;;;;;;;;;;;;;;;;;;;;;;;;;;;;;;
