﻿444321;;Unkn;Äter mindre;Tränar inte;Somnar sent;Vilar;Bråkar;Sjukdomsoro;Fokuserar inte;Sociala medier;Stannar hemma;Skjuter upp;Alkohol/droger;Självskadar;Självmordstankar;Äter mer;Tvångar;Ältar;Orostankar;Flashbacks;Panikångest;Smärta;Social ångest;Ensam/ledsen;Trött;Stressad;Uttråkad;Arg;Modify?;Painful?;
;Relev?;;;1;1;;1;;;1;;;;;;;;;1;;;;;1;1;1;1;1;;;
Äter mindre;;;;;;;;;;;;;;;;;;;;;;;;;;;;;;;Äter mindre
Tränar inte;1;20;;;0;;0;;;0;;;;;;;;;0;;;;;0;80;0;0;0;100;8;Tränar inte
Somnar sent;1;13;;0;;;0;;;87;;;;;;;;;0;;;;;0;0;0;0;0;100;10;Somnar sent
Vilar;;;;;;;;;;;;;;;;;;;;;;;;;;;;;;;Vilar
Bråkar;1;15;;0;0;;;;;0;;;;;;;;;0;;;;;0;0;0;0;85;34;49;Bråkar
Sjukdomstankar;;;;;;;;;;;;;;;;;;;;;;;;;;;;;;;Sjukdomsoro
Fokuserar inte;;;;;;;;;;;;;;;;;;;;;;;;;;;;;;;Fokuserar inte
Sociala medier;1;0;;0;0;;0;;;;;;;;;;;;0;;;;;0;0;18;82;0;66;11;Sociala medier
Stannar hemma;;;;;;;;;;;;;;;;;;;;;;;;;;;;;;;Stannar hemma
Skjuter upp;;;;;;;;;;;;;;;;;;;;;;;;;;;;;;;Skjuter upp
Alkohol/droger;;;;;;;;;;;;;;;;;;;;;;;;;;;;;;;Alkohol/droger
Självskadar;;;;;;;;;;;;;;;;;;;;;;;;;;;;;;;Självskadar
Självmordstankar;;;;;;;;;;;;;;;;;;;;;;;;;;;;;;;Självmordstankar
Äter mer;;;;;;;;;;;;;;;;;;;;;;;;;;;;;;;Äter mer
Tvångar;;;;;;;;;;;;;;;;;;;;;;;;;;;;;;;Tvångar
Ältar;;;;;;;;;;;;;;;;;;;;;;;;;;;;;;;Ältar
Orostankar;1;61;;0;0;;0;;;0;;;;;;;;;;;;;;0;0;39;0;0;76;12;Oro
Flashbacks;;;;;;;;;;;;;;;;;;;;;;;;;;;;;;;Flashbacks
Panikångest;;;;;;;;;;;;;;;;;;;;;;;;;;;;;;;Panikångest
Smärta;;;;;;;;;;;;;;;;;;;;;;;;;;;;;;;Smärta
Social ångest;;;;;;;;;;;;;;;;;;;;;;;;;;;;;;;Social ångest
Ensam/ledsen;1;100;;0;0;;0;;;0;;;;;;;;;0;;;;;;;;;;32;27;Ensam/ledsen
Trött;1;100;;0;0;;0;;;0;;;;;;;;;0;;;;;;;;;;32;34;Trött
Stressad;1;100;;0;0;;0;;;0;;;;;;;;;0;;;;;;;;;;32;18;Stressad
Uttråkad;1;100;;0;0;;0;;;0;;;;;;;;;0;;;;;;;;;;35;50;Uttråkad
Arg;1;100;;0;0;;0;;;0;;;;;;;;;0;;;;;;;;;;33;49;Arg
SUMMA;;;0;0;0;0;0;0;0;87;0;0;0;0;0;0;0;0;0;0;0;0;0;0;80;57;82;85;;;
;;;;;;;;;;;;;;;;;;;;;;;;;;;;;;;
;Obs: följ en rad högerut för att se vad problemet ORSAKAS av;;;;;;;;;;;;;;;;;;;;;;;;;;;;;;
;Följ en kolumn neråt för att se vad problemen i översta raden LEDER TILL;;;;;;;;;;;;;;;;;;;;;;;;;;;;;;
