﻿449242;;Unkn;Äter mindre;Tränar inte;Somnar sent;Vilar;Bråkar;Sjukdomsoro;Fokuserar inte;Sociala medier;Stannar hemma;Skjuter upp;Alkohol/droger;Självskadar;Självmordstankar;Äter mer;Tvångar;Ältar;Orostankar;Flashbacks;Panikångest;Smärta;Social ångest;Ensam/ledsen;Trött;Stressad;Uttråkad;Arg;Modify?;Painful?;
;Relev?;;1;;1;;;;;1;;;;;1;1;;1;1;1;1;;;;;1;;1;;;
Äter mindre;1;57;;;0;;;;;23;;;;;0;0;;0;0;0;0;;;;;20;;0;77;35;Äter mindre
Tränar inte;;;;;;;;;;;;;;;;;;;;;;;;;;;;;;;Tränar inte
Somnar sent;1;0;0;;;;;;;0;;;;;0;0;;12;31;57;0;;;;;0;;0;65;40;Somnar sent
Vilar;;;;;;;;;;;;;;;;;;;;;;;;;;;;;;;Vilar
Bråkar;;;;;;;;;;;;;;;;;;;;;;;;;;;;;;;Bråkar
Sjukdomstankar;;;;;;;;;;;;;;;;;;;;;;;;;;;;;;;Sjukdomsoro
Fokuserar inte;;;;;;;;;;;;;;;;;;;;;;;;;;;;;;;Fokuserar inte
Sociala medier;1;0;0;;0;;;;;;;;;;0;0;;41;0;59;0;;;;;0;;0;65;40;Sociala medier
Stannar hemma;;;;;;;;;;;;;;;;;;;;;;;;;;;;;;;Stannar hemma
Skjuter upp;;;;;;;;;;;;;;;;;;;;;;;;;;;;;;;Skjuter upp
Alkohol/droger;;;;;;;;;;;;;;;;;;;;;;;;;;;;;;;Alkohol/droger
Självskadar;;;;;;;;;;;;;;;;;;;;;;;;;;;;;;;Självskadar
Självmordstankar;1;1;0;;0;;;;;0;;;;;;0;;0;0;85;14;;;;;0;;0;50;60;Självmordstankar
Äter mer;1;0;0;;0;;;;;0;;;;;0;;;0;0;0;37;;;;;63;;0;60;45;Äter mer
Tvångar;;;;;;;;;;;;;;;;;;;;;;;;;;;;;;;Tvångar
Ältar;1;32;0;;0;;;;;0;;;;;0;0;;;0;68;0;;;;;0;;0;40;70;Ältar
Orostankar;1;16;0;;0;;;;;0;;;;;0;0;;0;;84;0;;;;;0;;0;50;70;Oro
Flashbacks;1;100;0;;0;;;;;0;;;;;0;0;;0;0;;;;;;;;;;55;85;Flashbacks
Panikångest;1;100;0;;0;;;;;0;;;;;0;0;;0;0;;;;;;;;;;40;55;Panikångest
Smärta;;;;;;;;;;;;;;;;;;;;;;;;;;;;;;;Smärta
Social ångest;;;;;;;;;;;;;;;;;;;;;;;;;;;;;;;Social ångest
Ensam/ledsen;;;;;;;;;;;;;;;;;;;;;;;;;;;;;;;Ensam/ledsen
Trött;;;;;;;;;;;;;;;;;;;;;;;;;;;;;;;Trött
Stressad;1;100;0;;0;;;;;0;;;;;0;0;;0;0;;;;;;;;;;40;65;Stressad
Uttråkad;;;;;;;;;;;;;;;;;;;;;;;;;;;;;;;Uttråkad
Arg;1;30;0;;0;;;;;0;;;;;0;70;;0;0;;;;;;;;;;60;35;Arg
SUMMA;;;0;0;0;0;0;0;0;23;0;0;0;0;0;70;0;53;31;353;51;0;0;0;0;83;0;0;;;
;;;;;;;;;;;;;;;;;;;;;;;;;;;;;;;
;Obs: följ en rad högerut för att se vad problemet ORSAKAS av;;;;;;;;;;;;;;;;;;;;;;;;;;;;;;
;Följ en kolumn neråt för att se vad problemen i översta raden LEDER TILL;;;;;;;;;;;;;;;;;;;;;;;;;;;;;;
