﻿483103;;Unkn;Äter mindre;Tränar inte;Somnar sent;Vilar;Bråkar;Sjukdomsoro;Fokuserar inte;Sociala medier;Stannar hemma;Skjuter upp;Alkohol/droger;Självskadar;Självmordstankar;Äter mer;Tvångar;Ältar;Oro;Flashbacks;Panikångest;Smärta;Social ångest;Ensam/ledsen;Trött;Stressad;Uttråkad;Arg;Modify?;Painful?;
;Relev?;;;;1;;;;1;;1;1;1;;1;1;;;;;;;1;;1;1;1;;;;
Äter mindre;;;;;;;;;;;;;;;;;;;;;;;;;;;;;;;Äter mindre
Tränar inte;;;;;;;;;;;;;;;;;;;;;;;;;;;;;91;;Tränar inte
Somnar sent;1;0;;;;;;;0;;0;46;0;;0;13;;;;;;;0;;0;41;0;;84;38;Somnar sent
Vilar;;;;;;;;;;;;;;;;;;;;;;;;;;;;;;;Vilar
Bråkar;;;;;;;;;;;;;;;;;;;;;;;;;;;;;;;Bråkar
Sjukdomsoro;;;;;;;;;;;;;;;;;;;;;;;;;;;;;;;Sjukdomsoro
Fokuserar inte;1;28;;;10;;;;;;0;0;0;;0;0;;;;;;;0;;0;26;36;;50;81;Fokuserar inte
Sociala medier;;;;;;;;;;;;;;;;;;;;;;;;;;;;;;;Sociala medier
Stannar hemma;1;0;;;0;;;;0;;;0;0;;0;0;;;;;;;18;;30;0;52;;77;63;Stannar hemma
Skjuter upp;1;0;;;0;;;;39;;0;;0;;0;0;;;;;;;0;;26;0;35;;61;63;Skjuter upp
Alkohol/droger;1;0;;;0;;;;30;;0;0;;;0;0;;;;;;;0;;0;31;39;;74;11;Alkohol/droger
Självskadar;;;;;;;;;;;;;;;;;;;;;;;;;;;;;;;Självskadar
Självmordstankar;1;0;;;0;;;;27;;0;0;0;;;0;;;;;;;42;;0;0;31;;40;50;Självmordstankar
Äter mer;1;0;;;0;;;;0;;0;0;0;;0;;;;;;;;29;;29;0;42;;33;82;Äter mer
Tvångar;;;;;;;;;;;;;;;;;;;;;;;;;;;;;;;Tvångar
Ältar;;;;;;;;;;;;;;;;;;;;;;;;;;;;;;;Ältar
Oro;;;;;;;;;;;;;;;;;;;;;;;;;;;;;;;Oro
Flashbacks;;;;;;;;;;;;;;;;;;;;;;;;;;;;;;;Flashbacks
Panikångest;;;;;;;;;;;;;;;;;;;;;;;;;;;;;;;Panikångest
Smärta;;;;;;;;;;;;;;;;;;;;;;;;;;;;;;;Smärta
Social ångest;1;79;;;0;;;;21;;0;0;0;;0;0;;;;;;;;;;;;;56;45;Social ångest
Ensam/ledsen;;;;;;;;;;;;;;;;;;;;;;;;;;;;;;;Ensam/ledsen
Trött;1;26;;;74;;;;0;;0;0;0;;0;0;;;;;;;;;;;;;64;46;Trött
Stressad;1;50;;;0;;;;50;;0;0;0;;0;0;;;;;;;;;;;;;47;42;Stressad
Uttråkad;1;28;;;0;;;;46;;0;26;0;;0;0;;;;;;;;;;;;;18;71;Uttråkad
Arg;;;;;;;;;;;;;;;;;;;;;;;;;;;;;;;Arg
SUMMA;;;0;0;84;0;0;0;213;0;0;72;0;0;0;13;0;0;0;0;0;0;89;0;85;98;235;0;;;
;;;;;;;;;;;;;;;;;;;;;;;;;;;;;;;
;Obs: följ en rad högerut för att se vad problemet ORSAKAS av;;;;;;;;;;;;;;;;;;;;;;;;;;;;;;
;Följ en kolumn neråt för att se vad problemen i översta raden LEDER TILL;;;;;;;;;;;;;;;;;;;;;;;;;;;;;;
