﻿485626;;Unkn;Äter mindre;Tränar inte;Somnar sent;Vilar;Bråkar;Sjukdomsoro;Fokuserar inte;Sociala medier;Stannar hemma;Skjuter upp;Alkohol/droger;Självskadar;Självmordstankar;Äter mer;Tvångar;Ältar;Orostankar;Flashbacks;Panikångest;Smärta;Social ångest;Ensam/ledsen;Trött;Stressad;Uttråkad;Arg;Modify?;Painful?;
;Relev?;;;;;;;;1;1;1;1;;;1;;;1;1;;;;1;1;;1;1;;;;
Äter mindre;;;;;;;;;;;;;;;;;;;;;;;;;;;;;;;Äter mindre
Tränar inte;;;;;;;;;;;;;;;;;;;;;;;;;;;;;;;Tränar inte
Somnar sent;;;;;;;;;;;;;;;;;;;;;;;;;;;;;;;Somnar sent
Vilar;;;;;;;;;;;;;;;;;;;;;;;;;;;;;;;Vilar
Bråkar;;;;;;;;;;;;;;;;;;;;;;;;;;;;;;;Bråkar
Sjukdomstankar;;;;;;;;;;;;;;;;;;;;;;;;;;;;;;;Sjukdomsoro
Fokuserar inte;1;0;;;;;;;;0;0;0;;;0;;;45;55;;;;0;0;;0;0;;100;73;Fokuserar inte
Sociala medier;1;0;;;;;;;0;;20;0;;;0;;;51;29;;;;0;0;;0;0;;100;46;Sociala medier
Stannar hemma;1;0;;;;;;;32;0;;0;;;0;;;0;0;;;;65;0;;3;0;;100;100;Stannar hemma
Skjuter upp;1;0;;;;;;;47;0;0;;;;0;;;0;27;;;;0;0;;26;0;;100;72;Skjuter upp
Alkohol/droger;;;;;;;;;;;;;;;;;;;;;;;;;;;;;;;Alkohol/droger
Självskadar;;;;;;;;;;;;;;;;;;;;;;;;;;;;;;;Självskadar
Självmordstankar;1;0;;;;;;;0;0;0;0;;;;;;0;58;;;;0;42;;0;0;;100;91;Självmordstankar
Äter mer;;;;;;;;;;;;;;;;;;;;;;;;;;;;;;;Äter mer
Tvångar;;;;;;;;;;;;;;;;;;;;;;;;;;;;;;;Tvångar
Ältar;1;0;;;;;;;59;0;0;41;;;0;;;;0;;;;0;0;;0;0;;100;60;Ältar
Orostankar;1;0;;;;;;;34;0;36;0;;;0;;;0;;;;;30;0;;0;0;;100;95;Oro
Flashbacks;;;;;;;;;;;;;;;;;;;;;;;;;;;;;;;Flashbacks
Panikångest;;;;;;;;;;;;;;;;;;;;;;;;;;;;;;;Panikångest
Smärta;;;;;;;;;;;;;;;;;;;;;;;;;;;;;;;Smärta
Social ångest;1;100;;;;;;;0;0;0;0;;;0;;;0;0;;;;;;;;;;100;100;Social ångest
Ensam/ledsen;1;0;;;;;;;0;20;80;0;;;0;;;0;0;;;;;;;;;;100;91;Ensam/ledsen
Trött;;;;;;;;;;;;;;;;;;;;;;;;;;;;;;;Trött
Stressad;1;0;;;;;;;0;0;47;44;;;0;;;9;0;;;;;;;;;;99;55;Stressad
Uttråkad;1;0;;;;;;;13;0;60;27;;;0;;;0;0;;;;;;;;;;100;36;Uttråkad
Arg;;;;;;;;;;;;;;;;;;;;;;;;;;;;;;;Arg
SUMMA;;;0;0;0;0;0;0;185;20;243;112;0;0;0;0;0;105;169;0;0;0;95;42;0;29;0;0;;;
;;;;;;;;;;;;;;;;;;;;;;;;;;;;;;;
;Obs: följ en rad högerut för att se vad problemet ORSAKAS av;;;;;;;;;;;;;;;;;;;;;;;;;;;;;;
;Följ en kolumn neråt för att se vad problemen i översta raden LEDER TILL;;;;;;;;;;;;;;;;;;;;;;;;;;;;;;
