﻿487943;;Unkn;Äter mindre;Tränar inte;Somnar sent;Vilar;Bråkar;Sjukdomsoro;Fokuserar inte;Sociala medier;Stannar hemma;Skjuter upp;Alkohol/droger;Självskadar;Självmordstankar;Äter mer;Tvångar;Ältar;Orostankar;Flashbacks;Panikångest;Smärta;Social ångest;Ensam/ledsen;Trött;Stressad;Uttråkad;Arg;Modify?;Painful?;
;Relev?;;1;1;1;;;;1;1;1;1;1;;;1;;1;1;;1;;1;;;1;1;;;;
Äter mindre;1;100;;0;0;;;;0;0;0;0;0;;;0;;0;0;;0;;0;;;0;0;;95;10;Äter mindre
Tränar inte;1;0;0;;0;;;;34;0;0;0;0;;;0;;0;33;;0;;33;;;0;0;;95;50;Tränar inte
Somnar sent;1;0;0;0;;;;;0;18;0;31;0;;;0;;0;0;;0;;0;;;0;51;;75;20;Somnar sent
Vilar;;;;;;;;;;;;;;;;;;;;;;;;;;;;;;;Vilar
Bråkar;;;;;;;;;;;;;;;;;;;;;;;;;;;;;;;Bråkar
Sjukdomstankar;;;;;;;;;;;;;;;;;;;;;;;;;;;;;;;Sjukdomsoro
Fokuserar inte;1;0;0;33;0;;;;;0;0;0;0;;;0;;0;34;;0;;33;;;0;0;;90;90;Fokuserar inte
Sociala medier;1;0;0;0;0;;;;0;;0;0;0;;;0;;30;0;;0;;31;;;0;39;;75;30;Sociala medier
Stannar hemma;1;0;0;0;0;;;;0;0;;0;0;;;0;;0;34;;0;;39;;;0;27;;75;30;Stannar hemma
Skjuter upp;1;0;0;0;0;;;;25;0;0;;0;;;0;;0;25;;0;;0;;;0;50;;95;85;Skjuter upp
Alkohol/droger;1;0;0;0;0;;;;0;0;0;0;;;;0;;25;25;;0;;0;;;0;50;;95;10;Alkohol/droger
Självskadar;;;;;;;;;;;;;;;;;;;;;;;;;;;;;;;Självskadar
Självmordstankar;;;;;;;;;;;;;;;;;;;;;;;;;;;;;;;Självmordstankar
Äter mer;1;0;0;0;0;;;;0;0;0;0;0;;;;;0;27;;0;;0;;;41;32;;80;50;Äter mer
Tvångar;;;;;;;;;;;;;;;;;;;;;;;;;;;;;;;Tvångar
Ältar;1;100;0;0;0;;;;0;0;0;0;0;;;0;;;0;;0;;0;;;0;0;;70;70;Ältar
Orostankar;1;100;0;0;0;;;;0;0;0;0;0;;;0;;0;;;0;;0;;;0;0;;65;65;Oro
Flashbacks;;;;;;;;;;;;;;;;;;;;;;;;;;;;;;;Flashbacks
Panikångest;1;0;0;0;18;;;;0;0;0;0;0;;;34;;0;48;;;;;;;;;;80;75;Panikångest
Smärta;;;;;;;;;;;;;;;;;;;;;;;;;;;;;;;Smärta
Social ångest;1;0;0;0;0;;;;0;0;0;0;0;;;0;;0;100;;;;;;;;;;65;75;Social ångest
Ensam/ledsen;;;;;;;;;;;;;;;;;;;;;;;;;;;;;;;Ensam/ledsen
Trött;;;;;;;;;;;;;;;;;;;;;;;;;;;;;;;Trött
Stressad;1;0;0;0;0;;;;32;0;0;34;0;;;0;;0;34;;;;;;;;;;65;10;Stressad
Uttråkad;1;100;0;0;0;;;;0;0;0;0;0;;;0;;0;0;;;;;;;;;;85;5;Uttråkad
Arg;;;;;;;;;;;;;;;;;;;;;;;;;;;;;;;Arg
SUMMA;;;0;33;18;0;0;0;91;18;0;65;0;0;0;34;0;55;360;0;0;0;136;0;0;41;249;0;;;
;;;;;;;;;;;;;;;;;;;;;;;;;;;;;;;
;Obs: följ en rad högerut för att se vad problemet ORSAKAS av;;;;;;;;;;;;;;;;;;;;;;;;;;;;;;
;Följ en kolumn neråt för att se vad problemen i översta raden LEDER TILL;;;;;;;;;;;;;;;;;;;;;;;;;;;;;;
