﻿489392;;Unkn;Äter mindre;Tränar inte;Somnar sent;Vilar;Bråkar;Sjukdomsoro;Fokuserar inte;Sociala medier;Stannar hemma;Skjuter upp;Alkohol/droger;Självskadar;Självmordstankar;Äter mer;Tvångar;Ältar;Orostankar;Flashbacks;Panikångest;Smärta;Social ångest;Ensam/ledsen;Trött;Stressad;Uttråkad;Arg;Modify?;Painful?;
;Relev?;;;1;;1;;;1;;;1;1;;;1;;;1;;;1;;1;1;;1;;;;
Äter mindre;;;;;;;;;;;;;;;;;;;;;;;;;;;;;;;Äter mindre
Tränar inte;1;51;;;;33;;;0;;;0;0;;;0;;;0;;;16;;0;0;;0;;83;47;Tränar inte
Somnar sent;;;;;;;;;;;;;;;;;;;;;;;;;;;;;;;Somnar sent
Vilar;1;63;;0;;;;;0;;;0;0;;;0;;;29;;;8;;0;0;;0;;50;2;Vilar
Bråkar;;;;;;;;;;;;;;;;;;;;;;;;;;;;;;;Bråkar
Sjukdomstankar;;;;;;;;;;;;;;;;;;;;;;;;;;;;;;;Sjukdomsoro
Fokuserar inte;1;33;;41;;0;;;;;;0;0;;;0;;;26;;;0;;0;0;;0;;50;64;Fokuserar inte
Sociala medier;;;;;;;;;;;;;;;;;;;;;;;;;;;;;;;Sociala medier
Stannar hemma;;;;;;;;;;;;;;;;;;;;;;;;;;;;;;;Stannar hemma
Skjuter upp;1;17;;0;;0;;;46;;;;0;;;0;;;37;;;0;;0;0;;0;;68;52;Skjuter upp
Alkohol/droger;1;4;;0;;0;;;0;;;18;;;;0;;;44;;;0;;34;0;;0;;49;41;Alkohol/droger
Självskadar;;;;;;;;;;;;;;;;;;;;;;;;;;;;;;;Självskadar
Självmordstankar;;;;;;;;;;;;;;;;;;;;;;;;;;;;;;;Självmordstankar
Äter mer;1;38;;0;;0;;;0;;;0;0;;;;;;49;;;0;;0;0;;13;;63;65;Äter mer
Tvångar;;;;;;;;;;;;;;;;;;;;;;;;;;;;;;;Tvångar
Ältar;;;;;;;;;;;;;;;;;;;;;;;;;;;;;;;Ältar
Orostankar;1;37;;0;;0;;;0;;;0;0;;;63;;;;;;0;;0;0;;0;;50;67;Oro
Flashbacks;;;;;;;;;;;;;;;;;;;;;;;;;;;;;;;Flashbacks
Panikångest;;;;;;;;;;;;;;;;;;;;;;;;;;;;;;;Panikångest
Smärta;1;100;;0;;0;;;0;;;0;0;;;0;;;0;;;;;;;;;;34;62;Smärta
Social ångest;;;;;;;;;;;;;;;;;;;;;;;;;;;;;;;Social ångest
Ensam/ledsen;1;3;;54;;0;;;0;;;0;0;;;43;;;0;;;;;;;;;;51;56;Ensam/ledsen
Trött;1;29;;35;;0;;;0;;;0;36;;;0;;;0;;;;;;;;;;41;39;Trött
Stressad;;;;;;;;;;;;;;;;;;;;;;;;;;;;;;;Stressad
Uttråkad;1;100;;0;;0;;;0;;;0;0;;;0;;;0;;;;;;;;;;55;39;Uttråkad
Arg;;;;;;;;;;;;;;;;;;;;;;;;;;;;;;;Arg
SUMMA;;;0;130;0;33;0;0;46;0;0;18;36;0;0;106;0;0;185;0;0;24;0;34;0;0;13;0;;;
;;;;;;;;;;;;;;;;;;;;;;;;;;;;;;;
;Obs: följ en rad högerut för att se vad problemet ORSAKAS av;;;;;;;;;;;;;;;;;;;;;;;;;;;;;;
;Följ en kolumn neråt för att se vad problemen i översta raden LEDER TILL;;;;;;;;;;;;;;;;;;;;;;;;;;;;;;
