﻿496044;;Unkn;Äter mindre;Tränar inte;Somnar sent;Vilar;Bråkar;Sjukdomsoro;Fokuserar inte;Sociala medier;Stannar hemma;Skjuter upp;Alkohol/droger;Självskadar;Självmordstankar;Äter mer;Tvångar;Ältar;Orostankar;Flashbacks;Panikångest;Smärta;Social ångest;Ensam/ledsen;Trött;Stressad;Uttråkad;Arg;Modify?;Painful?;
;Relev?;;;1;1;;;1;1;1;;;;;;1;;1;1;;;;1;1;;1;1;1;;;
Äter mindre;;;;;;;;;;;;;;;;;;;;;;;;;;;;;;;Äter mindre
Tränar inte;1;0;;;0;;;0;0;68;;;;;;0;;5;0;;;;27;0;;0;0;0;80;53;Tränar inte
Somnar sent;1;0;;0;;;;0;0;35;;;;;;0;;37;28;;;;0;0;;0;0;0;73;79;Somnar sent
Vilar;;;;;;;;;;;;;;;;;;;;;;;;;;;;;;;Vilar
Bråkar;;;;;;;;;;;;;;;;;;;;;;;;;;;;;;;Bråkar
Sjukdomstankar;1;0;;0;0;;;;0;0;;;;;;0;;51;18;;;;0;0;;31;0;0;42;76;Sjukdomsoro
Fokuserar inte;1;0;;0;0;;;0;;0;;;;;;0;;0;36;;;;27;0;;0;0;37;64;83;Fokuserar inte
Sociala medier;1;0;;0;0;;;0;31;;;;;;;0;;0;0;;;;44;25;;0;0;0;59;56;Sociala medier
Stannar hemma;;;;;;;;;;;;;;;;;;;;;;;;;;;;;;;Stannar hemma
Skjuter upp;;;;;;;;;;;;;;;;;;;;;;;;;;;;;;;Skjuter upp
Alkohol/droger;;;;;;;;;;;;;;;;;;;;;;;;;;;;;;;Alkohol/droger
Självskadar;;;;;;;;;;;;;;;;;;;;;;;;;;;;;;;Självskadar
Självmordstankar;;;;;;;;;;;;;;;;;;;;;;;;;;;;;;;Självmordstankar
Äter mer;1;0;;0;0;;;0;0;0;;;;;;;;43;33;;;;0;24;;0;0;0;44;86;Äter mer
Tvångar;;;;;;;;;;;;;;;;;;;;;;;;;;;;;;;Tvångar
Ältar;1;0;;0;0;;;0;24;0;;;;;;0;;;13;;;;63;0;;0;0;0;71;64;Ältar
Orostankar;1;0;;26;0;;;0;0;0;;;;;;0;;34;;;;;40;0;;0;0;0;63;51;Oro
Flashbacks;;;;;;;;;;;;;;;;;;;;;;;;;;;;;;;Flashbacks
Panikångest;;;;;;;;;;;;;;;;;;;;;;;;;;;;;;;Panikångest
Smärta;;;;;;;;;;;;;;;;;;;;;;;;;;;;;;;Smärta
Social ångest;1;0;;0;0;;;0;39;0;;;;;;0;;61;0;;;;;;;;;;79;84;Social ångest
Ensam/ledsen;1;0;;0;37;;;0;0;54;;;;;;9;;0;0;;;;;;;;;;34;33;Ensam/ledsen
Trött;;;;;;;;;;;;;;;;;;;;;;;;;;;;;;;Trött
Stressad;1;0;;0;0;;;32;48;0;;;;;;0;;20;0;;;;;;;;;;56;40;Stressad
Uttråkad;1;0;;0;25;;;0;45;0;;;;;;30;;0;0;;;;;;;;;;54;17;Uttråkad
Arg;1;0;;0;30;;;0;21;0;;;;;;0;;0;49;;;;;;;;;;40;51;Arg
SUMMA;;;0;26;92;0;0;32;208;157;0;0;0;0;0;39;0;251;177;0;0;0;201;49;0;31;0;37;;;
;;;;;;;;;;;;;;;;;;;;;;;;;;;;;;;
;Obs: följ en rad högerut för att se vad problemet ORSAKAS av;;;;;;;;;;;;;;;;;;;;;;;;;;;;;;
;Följ en kolumn neråt för att se vad problemen i översta raden LEDER TILL;;;;;;;;;;;;;;;;;;;;;;;;;;;;;;
