﻿500630;;Unkn;Äter mindre;Tränar inte;Somnar sent;Vilar;Bråkar;Sjukdomsoro;Fokuserar inte;Sociala medier;Stannar hemma;Skjuter upp;Alkohol/droger;Självskadar;Självmordstankar;Äter mer;Tvångar;Ältar;Orostankar;Flashbacks;Panikångest;Smärta;Social ångest;Ensam/ledsen;Trött;Stressad;Uttråkad;Arg;Modify?;Painful?;
;Relev?;;;;;1;;1;1;1;;;1;;;1;;;1;;;1;;1;1;1;1;1;;;
Äter mindre;;;;;;;;;;;;;;;;;;;;;;;;;;;;;;;Äter mindre
Tränar inte;;;;;;;;;;;;;;;;;;;;;;;;;;;;;;;Tränar inte
Somnar sent;;;;;;;;;;;;;;;;;;;;;;;;;;;;;;;Somnar sent
Vilar;1;0;;;;;;0;20;0;;;0;;;0;;;0;;;50;;0;30;0;0;0;50;10;Vilar
Bråkar;;;;;;;;;;;;;;;;;;;;;;;;;;;;;;;Bråkar
Sjukdomstankar;1;0;;;;0;;;0;0;;;0;;;0;;;20;;;80;;0;0;0;0;0;70;90;Sjukdomsoro
Fokuserar inte;1;0;;;;0;;0;;0;;;0;;;0;;;0;;;20;;0;0;50;30;0;61;50;Fokuserar inte
Sociala medier;1;0;;;;0;;0;0;;;;0;;;0;;;0;;;0;;0;0;0;100;0;80;40;Sociala medier
Stannar hemma;;;;;;;;;;;;;;;;;;;;;;;;;;;;;;;Stannar hemma
Skjuter upp;;;;;;;;;;;;;;;;;;;;;;;;;;;;;;;Skjuter upp
Alkohol/droger;1;0;;;;0;;0;0;0;;;;;;0;;;0;;;30;;0;0;35;35;0;80;20;Alkohol/droger
Självskadar;;;;;;;;;;;;;;;;;;;;;;;;;;;;;;;Självskadar
Självmordstankar;;;;;;;;;;;;;;;;;;;;;;;;;;;;;;;Självmordstankar
Äter mer;1;0;;;;0;;0;0;0;;;0;;;;;;0;;;0;;25;25;0;50;0;60;94;Äter mer
Tvångar;;;;;;;;;;;;;;;;;;;;;;;;;;;;;;;Tvångar
Ältar;;;;;;;;;;;;;;;;;;;;;;;;;;;;;;;Ältar
Orostankar;1;0;;;;0;;0;40;0;;;0;;;0;;;;;;40;;0;0;0;0;20;60;60;Oro
Flashbacks;;;;;;;;;;;;;;;;;;;;;;;;;;;;;;;Flashbacks
Panikångest;;;;;;;;;;;;;;;;;;;;;;;;;;;;;;;Panikångest
Smärta;1;100;;;;0;;0;0;0;;;0;;;0;;;0;;;;;;;;;;20;95;Smärta
Social ångest;;;;;;;;;;;;;;;;;;;;;;;;;;;;;;;Social ångest
Ensam/ledsen;1;0;;;;0;;35;0;0;;;0;;;35;;;30;;;;;;;;;;85;80;Ensam/ledsen
Trött;1;0;;;;0;;20;0;0;;;40;;;0;;;40;;;;;;;;;;20;95;Trött
Stressad;1;0;;;;0;;20;30;0;;;0;;;0;;;50;;;;;;;;;;80;50;Stressad
Uttråkad;1;0;;;;0;;0;50;50;;;0;;;0;;;0;;;;;;;;;;90;95;Uttråkad
Arg;1;40;;;;0;;0;60;0;;;0;;;0;;;0;;;;;;;;;;50;50;Arg
SUMMA;;;0;0;0;0;0;75;200;50;0;0;40;0;0;35;0;0;140;0;0;220;0;25;55;85;215;20;;;
;;;;;;;;;;;;;;;;;;;;;;;;;;;;;;;
;Obs: följ en rad högerut för att se vad problemet ORSAKAS av;;;;;;;;;;;;;;;;;;;;;;;;;;;;;;
;Följ en kolumn neråt för att se vad problemen i översta raden LEDER TILL;;;;;;;;;;;;;;;;;;;;;;;;;;;;;;
