﻿504841;;Unkn;Äter mindre;Tränar inte;Somnar sent;Vilar;Bråkar;Sjukdomsoro;Fokuserar inte;Sociala medier;Stannar hemma;Skjuter upp;Alkohol/droger;Självskadar;Självmordstankar;Äter mer;Tvångar;Ältar;Orostankar;Flashbacks;Panikångest;Smärta;Social ångest;Ensam/ledsen;Trött;Stressad;Uttråkad;Arg;Modify?;Painful?;
;Relev?;;1;1;1;;;;1;;;1;;;;;;;1;1;;1;1;1;1;1;1;1;;;
Äter mindre;1;0;;0;0;;;;0;;;0;;;;;;;0;100;;0;0;0;0;0;0;0;71;6;Äter mindre
Tränar inte;1;0;0;;0;;;;0;;;0;;;;;;;0;100;;0;0;0;0;0;0;0;100;25;Tränar inte
Somnar sent;1;0;0;0;;;;;0;;;0;;;;;;;100;0;;0;0;0;0;0;0;0;1;100;Somnar sent
Vilar;;;;;;;;;;;;;;;;;;;;;;;;;;;;;;;Vilar
Bråkar;;;;;;;;;;;;;;;;;;;;;;;;;;;;;;;Bråkar
Sjukdomstankar;;;;;;;;;;;;;;;;;;;;;;;;;;;;;;;Sjukdomsoro
Fokuserar inte;1;0;0;0;100;;;;;;;0;;;;;;;0;0;;0;0;0;0;0;0;0;8;100;Fokuserar inte
Sociala medier;;;;;;;;;;;;;;;;;;;;;;;;;;;;;;;Sociala medier
Stannar hemma;;;;;;;;;;;;;;;;;;;;;;;;;;;;;;;Stannar hemma
Skjuter upp;1;0;0;0;59;;;;0;;;;;;;;;;0;0;;0;0;0;41;0;0;0;26;2;Skjuter upp
Alkohol/droger;;;;;;;;;;;;;;;;;;;;;;;;;;;;;;;Alkohol/droger
Självskadar;;;;;;;;;;;;;;;;;;;;;;;;;;;;;;;Självskadar
Självmordstankar;;;;;;;;;;;;;;;;;;;;;;;;;;;;;;;Självmordstankar
Äter mer;;;;;;;;;;;;;;;;;;;;;;;;;;;;;;;Äter mer
Tvångar;;;;;;;;;;;;;;;;;;;;;;;;;;;;;;;Tvångar
Ältar;;;;;;;;;;;;;;;;;;;;;;;;;;;;;;;Ältar
Orostankar;1;100;0;0;0;;;;0;;;0;;;;;;;;0;;0;0;0;0;0;0;0;3;100;Oro
Flashbacks;1;100;0;0;0;;;;0;;;0;;;;;;;0;;;;;;;;;;8;100;Flashbacks
Panikångest;;;;;;;;;;;;;;;;;;;;;;;;;;;;;;;Panikångest
Smärta;1;100;0;0;0;;;;0;;;0;;;;;;;0;;;;;;;;;;26;27;Smärta
Social ångest;1;100;0;0;0;;;;0;;;0;;;;;;;0;;;;;;;;;;24;84;Social ångest
Ensam/ledsen;1;0;0;0;65;;;;0;;;0;;;;;;;35;;;;;;;;;;25;14;Ensam/ledsen
Trött;1;0;0;0;60;;;;0;;;0;;;;;;;40;;;;;;;;;;100;47;Trött
Stressad;1;0;0;0;43;;;;0;;;0;;;;;;;57;;;;;;;;;;26;65;Stressad
Uttråkad;1;100;0;0;0;;;;0;;;0;;;;;;;0;;;;;;;;;;10;100;Uttråkad
Arg;1;0;0;0;27;;;;0;;;0;;;;;;;73;;;;;;;;;;79;8;Arg
SUMMA;;;0;0;354;0;0;0;0;0;0;0;0;0;0;0;0;0;305;200;0;0;0;0;41;0;0;0;;;
;;;;;;;;;;;;;;;;;;;;;;;;;;;;;;;
;Obs: följ en rad högerut för att se vad problemet ORSAKAS av;;;;;;;;;;;;;;;;;;;;;;;;;;;;;;
;Följ en kolumn neråt för att se vad problemen i översta raden LEDER TILL;;;;;;;;;;;;;;;;;;;;;;;;;;;;;;
