﻿512479;;Unkn;Äter mindre;Tränar inte;Somnar sent;Vilar;Bråkar;Sjukdomsoro;Fokuserar inte;Sociala medier;Stannar hemma;Skjuter upp;Alkohol/droger;Självskadar;Självmordstankar;Äter mer;Tvångar;Ältar;Orostankar;Flashbacks;Panikångest;Smärta;Social ångest;Ensam/ledsen;Trött;Stressad;Uttråkad;Arg;Modify?;Painful?;
;Relev?;;;1;1;1;1;;1;;;1;;;1;;;;1;;;1;;1;1;1;;1;;;
Äter mindre;;;;;;;;;;;;;;;;;;;;;;;;;;;;;;;Äter mindre
Tränar inte;1;0;;;65;15;0;;0;;;0;;;0;;;;0;;;20;;0;0;0;;0;100;50;Tränar inte
Somnar sent;1;0;;0;;0;0;;0;;;0;;;60;;;;0;;;0;;30;0;10;;0;60;100;Somnar sent
Vilar;1;0;;0;20;;0;;0;;;0;;;0;;;;0;;;0;;0;80;0;;0;25;72;Vilar
Bråkar;1;0;;0;0;0;;;0;;;0;;;0;;;;0;;;0;;0;25;35;;40;90;100;Bråkar
Sjukdomstankar;;;;;;;;;;;;;;;;;;;;;;;;;;;;;;;Sjukdomsoro
Fokuserar inte;1;0;;0;20;0;0;;;;;0;;;0;;;;60;;;0;;0;0;20;;0;77;50;Fokuserar inte
Sociala medier;;;;;;;;;;;;;;;;;;;;;;;;;;;;;;;Sociala medier
Stannar hemma;;;;;;;;;;;;;;;;;;;;;;;;;;;;;;;Stannar hemma
Skjuter upp;1;0;;0;0;0;0;;80;;;;;;0;;;;0;;;0;;0;0;20;;0;90;50;Skjuter upp
Alkohol/droger;;;;;;;;;;;;;;;;;;;;;;;;;;;;;;;Alkohol/droger
Självskadar;;;;;;;;;;;;;;;;;;;;;;;;;;;;;;;Självskadar
Självmordstankar;1;0;;0;0;0;4;;0;;;0;;;;;;;65;;;0;;31;0;0;;0;50;100;Självmordstankar
Äter mer;;;;;;;;;;;;;;;;;;;;;;;;;;;;;;;Äter mer
Tvångar;;;;;;;;;;;;;;;;;;;;;;;;;;;;;;;Tvångar
Ältar;;;;;;;;;;;;;;;;;;;;;;;;;;;;;;;Ältar
Orostankar;1;0;;30;0;0;0;;0;;;0;;;40;;;;;;;0;;0;0;30;;0;10;80;Oro
Flashbacks;;;;;;;;;;;;;;;;;;;;;;;;;;;;;;;Flashbacks
Panikångest;;;;;;;;;;;;;;;;;;;;;;;;;;;;;;;Panikångest
Smärta;1;0;;0;15;0;0;;0;;;0;;;45;;;;40;;;;;;;;;;50;40;Smärta
Social ångest;;;;;;;;;;;;;;;;;;;;;;;;;;;;;;;Social ångest
Ensam/ledsen;1;0;;0;0;0;0;;0;;;0;;;60;;;;40;;;;;;;;;;75;100;Ensam/ledsen
Trött;1;0;;25;25;0;0;;0;;;0;;;0;;;;50;;;;;;;;;;90;75;Trött
Stressad;1;0;;35;0;0;0;;50;;;0;;;0;;;;15;;;;;;;;;;75;75;Stressad
Uttråkad;;;;;;;;;;;;;;;;;;;;;;;;;;;;;;;Uttråkad
Arg;1;0;;0;25;0;40;;35;;;0;;;0;;;;0;;;;;;;;;;75;50;Arg
SUMMA;;;0;90;170;15;44;0;165;0;0;0;0;0;205;0;0;0;270;0;0;20;0;61;105;115;0;40;;;
;;;;;;;;;;;;;;;;;;;;;;;;;;;;;;;
;Obs: följ en rad högerut för att se vad problemet ORSAKAS av;;;;;;;;;;;;;;;;;;;;;;;;;;;;;;
;Följ en kolumn neråt för att se vad problemen i översta raden LEDER TILL;;;;;;;;;;;;;;;;;;;;;;;;;;;;;;
