﻿514698;;Unkn;Äter mindre;Tränar inte;Somnar sent;Vilar;Bråkar;Sjukdomsoro;Fokuserar inte;Sociala medier;Stannar hemma;Skjuter upp;Alkohol/droger;Självskadar;Självmordstankar;Äter mer;Tvångar;Ältar;Orostankar;Flashbacks;Panikångest;Smärta;Social ångest;Ensam/ledsen;Trött;Stressad;Uttråkad;Arg;Modify?;Painful?;
;Relev?;;;1;1;;1;;1;;1;1;1;;;;;1;;;;;1;1;1;1;1;1;;;
Äter mindre;;;;;;;;;;;;;;;;;;;;;;;;;;;;;;;Äter mindre
Tränar inte;1;0;;;40;;30;;0;;0;0;30;;;;;0;;;;;0;0;0;0;0;0;100;51;Tränar inte
Somnar sent;1;0;;20;;;30;;0;;0;0;0;;;;;0;;;;;0;50;0;0;0;0;100;57;Somnar sent
Vilar;;;;;;;;;;;;;;;;;;;;;;;;;;;;;;;Vilar
Bråkar;1;0;;0;0;;;;0;;0;0;0;;;;;0;;;;;0;25;0;25;0;50;100;100;Bråkar
Sjukdomstankar;;;;;;;;;;;;;;;;;;;;;;;;;;;;;;;Sjukdomsoro
Fokuserar inte;1;0;;0;0;;0;;;;0;0;0;;;;;0;;;;;40;40;0;20;0;0;100;38;Fokuserar inte
Sociala medier;;;;;;;;;;;;;;;;;;;;;;;;;;;;;;;Sociala medier
Stannar hemma;1;0;;0;0;;40;;20;;;0;0;;;;;0;;;;;40;0;0;0;0;0;100;9;Stannar hemma
Skjuter upp;1;0;;0;0;;50;;0;;0;;0;;;;;0;;;;;0;30;0;0;0;20;100;55;Skjuter upp
Alkohol/droger;1;0;;0;0;;34;;0;;0;0;;;;;;0;;;;;0;33;0;0;0;33;100;33;Alkohol/droger
Självskadar;;;;;;;;;;;;;;;;;;;;;;;;;;;;;;;Självskadar
Självmordstankar;;;;;;;;;;;;;;;;;;;;;;;;;;;;;;;Självmordstankar
Äter mer;;;;;;;;;;;;;;;;;;;;;;;;;;;;;;;Äter mer
Tvångar;;;;;;;;;;;;;;;;;;;;;;;;;;;;;;;Tvångar
Ältar;1;0;;0;23;;50;;0;;0;0;0;;;;;;;;;;0;0;0;0;0;27;100;100;Ältar
Orostankar;;;;;;;;;;;;;;;;;;;;;;;;;;;;;;;Oro
Flashbacks;;;;;;;;;;;;;;;;;;;;;;;;;;;;;;;Flashbacks
Panikångest;;;;;;;;;;;;;;;;;;;;;;;;;;;;;;;Panikångest
Smärta;;;;;;;;;;;;;;;;;;;;;;;;;;;;;;;Smärta
Social ångest;1;0;;0;0;;50;;20;;0;0;0;;;;;30;;;;;;;;;;;100;58;Social ångest
Ensam/ledsen;1;0;;0;0;;50;;0;;0;0;0;;;;;50;;;;;;;;;;;100;100;Ensam/ledsen
Trött;1;0;;34;0;;34;;0;;0;0;32;;;;;0;;;;;;;;;;;100;33;Trött
Stressad;1;0;;0;0;;50;;0;;0;30;0;;;;;20;;;;;;;;;;;100;70;Stressad
Uttråkad;1;0;;0;0;;34;;0;;0;33;0;;;;;33;;;;;;;;;;;100;48;Uttråkad
Arg;1;0;;0;25;;50;;0;;0;0;0;;;;;25;;;;;;;;;;;100;88;Arg
SUMMA;;;0;54;88;0;502;0;40;0;0;63;62;0;0;0;0;158;0;0;0;0;80;178;0;45;0;130;;;
;;;;;;;;;;;;;;;;;;;;;;;;;;;;;;;
;Obs: följ en rad högerut för att se vad problemet ORSAKAS av;;;;;;;;;;;;;;;;;;;;;;;;;;;;;;
;Följ en kolumn neråt för att se vad problemen i översta raden LEDER TILL;;;;;;;;;;;;;;;;;;;;;;;;;;;;;;
