﻿525976;;Unkn;Äter mindre;Tränar inte;Somnar sent;Vilar;Bråkar;Sjukdomsoro;Fokuserar inte;Sociala medier;Stannar hemma;Skjuter upp;Alkohol/droger;Självskadar;Självmordstankar;Äter mer;Tvångar;Ältar;Orostankar;Flashbacks;Panikångest;Smärta;Social ångest;Ensam/ledsen;Trött;Stressad;Uttråkad;Arg;Modify?;Painful?;
;Relev?;;;1;1;1;;1;1;1;;1;;;;;;1;;;;1;1;;1;1;1;1;;;
Äter mindre;;;;;;;;;;;;;;;;;;;;;;;;;;;;;;;Äter mindre
Tränar inte;1;0;;;0;0;;0;0;0;;0;;;;;;0;;;;50;0;;50;0;0;0;90;27;Tränar inte
Somnar sent;1;100;;0;;0;;0;0;0;;0;;;;;;0;;;;0;0;;0;0;0;0;90;39;Somnar sent
Vilar;1;0;;0;100;;;0;0;0;;0;;;;;;0;;;;0;0;;0;0;0;0;100;54;Vilar
Bråkar;;;;;;;;;;;;;;;;;;;;;;;;;;;;;;;Bråkar
Sjukdomstankar;1;0;;0;0;0;;;0;0;;0;;;;;;0;;;;60;40;;0;0;0;0;50;2;Sjukdomsoro
Fokuserar inte;1;0;;0;0;0;;0;;0;;0;;;;;;0;;;;0;33;;51;16;0;0;100;66;Fokuserar inte
Sociala medier;1;0;;0;0;0;;0;22;;;0;;;;;;0;;;;0;0;;34;0;44;0;100;53;Sociala medier
Stannar hemma;;;;;;;;;;;;;;;;;;;;;;;;;;;;;;;Stannar hemma
Skjuter upp;1;0;;0;0;0;;0;52;48;;;;;;;;0;;;;0;0;;0;0;0;0;91;34;Skjuter upp
Alkohol/droger;;;;;;;;;;;;;;;;;;;;;;;;;;;;;;;Alkohol/droger
Självskadar;;;;;;;;;;;;;;;;;;;;;;;;;;;;;;;Självskadar
Självmordstankar;;;;;;;;;;;;;;;;;;;;;;;;;;;;;;;Självmordstankar
Äter mer;;;;;;;;;;;;;;;;;;;;;;;;;;;;;;;Äter mer
Tvångar;;;;;;;;;;;;;;;;;;;;;;;;;;;;;;;Tvångar
Ältar;1;0;;0;0;0;;0;0;0;;0;;;;;;;;;;33;0;;35;32;0;0;100;57;Ältar
Orostankar;;;;;;;;;;;;;;;;;;;;;;;;;;;;;;;Oro
Flashbacks;;;;;;;;;;;;;;;;;;;;;;;;;;;;;;;Flashbacks
Panikångest;;;;;;;;;;;;;;;;;;;;;;;;;;;;;;;Panikångest
Smärta;1;100;;0;0;0;;0;0;0;;0;;;;;;0;;;;;;;;;;;50;80;Smärta
Social ångest;1;0;;0;0;0;;0;50;0;;0;;;;;;50;;;;;;;;;;;100;80;Social ångest
Ensam/ledsen;;;;;;;;;;;;;;;;;;;;;;;;;;;;;;;Ensam/ledsen
Trött;1;100;;0;0;0;;0;0;0;;0;;;;;;0;;;;;;;;;;;50;79;Trött
Stressad;1;100;;0;0;0;;0;0;0;;0;;;;;;0;;;;;;;;;;;100;52;Stressad
Uttråkad;1;100;;0;0;0;;0;0;0;;0;;;;;;0;;;;;;;;;;;100;43;Uttråkad
Arg;1;100;;0;0;0;;0;0;0;;0;;;;;;0;;;;;;;;;;;79;67;Arg
SUMMA;;;0;0;100;0;0;0;124;48;0;0;0;0;0;0;0;50;0;0;0;143;73;0;170;48;44;0;;;
;;;;;;;;;;;;;;;;;;;;;;;;;;;;;;;
;Obs: följ en rad högerut för att se vad problemet ORSAKAS av;;;;;;;;;;;;;;;;;;;;;;;;;;;;;;
;Följ en kolumn neråt för att se vad problemen i översta raden LEDER TILL;;;;;;;;;;;;;;;;;;;;;;;;;;;;;;
