﻿528589;;Unkn;Äter mindre;Tränar inte;Somnar sent;Vilar;Bråkar;Sjukdomsoro;Fokuserar inte;Sociala medier;Stannar hemma;Skjuter upp;Alkohol/droger;Självskadar;Självmordstankar;Äter mer;Tvångar;Ältar;Orostankar;Flashbacks;Panikångest;Smärta;Social ångest;Ensam/ledsen;Trött;Stressad;Uttråkad;Arg;Modify?;Painful?;
;Relev?;;;1;;1;;1;;1;1;1;;1;1;1;;;1;;;;1;1;1;1;1;;;;
Äter mindre;;;;;;;;;;;;;;;;;;;;;;;;;;;;;;;Äter mindre
Tränar inte;1;0;;;;33;;0;;0;0;33;;0;0;0;;;0;;;;0;0;34;0;0;;70;30;Tränar inte
Somnar sent;;;;;;;;;;;;;;;;;;;;;;;;;;;;;;;Somnar sent
Vilar;1;0;;0;;;;0;;0;0;0;;0;0;0;;;35;;;;0;15;50;0;0;;70;30;Vilar
Bråkar;;;;;;;;;;;;;;;;;;;;;;;;;;;;;;;Bråkar
Sjukdomstankar;1;0;;0;;0;;;;0;0;0;;0;0;0;;;100;;;;0;0;0;0;0;;100;70;Sjukdomsoro
Fokuserar inte;;;;;;;;;;;;;;;;;;;;;;;;;;;;;;;Fokuserar inte
Sociala medier;1;0;;0;;0;;0;;;0;0;;0;0;0;;;19;;;;0;0;36;0;45;;60;15;Sociala medier
Stannar hemma;1;0;;0;;0;;0;;0;;0;;0;0;0;;;17;;;;48;35;0;0;0;;100;40;Stannar hemma
Skjuter upp;1;0;;0;;17;;0;;32;0;;;0;0;0;;;51;;;;0;0;0;0;0;;100;40;Skjuter upp
Alkohol/droger;;;;;;;;;;;;;;;;;;;;;;;;;;;;;;;Alkohol/droger
Självskadar;1;0;;0;;0;;0;;0;0;0;;;20;0;;;34;;;;0;46;0;0;0;;90;75;Självskadar
Självmordstankar;1;0;;0;;0;;0;;0;0;0;;0;;0;;;28;;;;0;63;0;9;0;;80;91;Självmordstankar
Äter mer;1;0;;0;;0;;0;;0;0;0;;0;0;;;;23;;;;0;44;33;0;0;;70;75;Äter mer
Tvångar;;;;;;;;;;;;;;;;;;;;;;;;;;;;;;;Tvångar
Ältar;;;;;;;;;;;;;;;;;;;;;;;;;;;;;;;Ältar
Orostankar;1;0;;0;;0;;26;;0;0;0;;0;0;0;;;;;;;0;45;29;0;0;;90;90;Oro
Flashbacks;;;;;;;;;;;;;;;;;;;;;;;;;;;;;;;Flashbacks
Panikångest;;;;;;;;;;;;;;;;;;;;;;;;;;;;;;;Panikångest
Smärta;;;;;;;;;;;;;;;;;;;;;;;;;;;;;;;Smärta
Social ångest;1;0;;61;;0;;0;;0;0;0;;0;0;0;;;39;;;;;;;;;;90;50;Social ångest
Ensam/ledsen;1;0;;0;;0;;0;;0;0;0;;20;22;0;;;58;;;;;;;;;;30;100;Ensam/ledsen
Trött;1;67;;33;;0;;0;;0;0;0;;0;0;0;;;0;;;;;;;;;;20;83;Trött
Stressad;1;100;;0;;0;;0;;0;0;0;;0;0;0;;;0;;;;;;;;;;20;45;Stressad
Uttråkad;1;0;;0;;0;;20;;0;0;36;;0;0;0;;;44;;;;;;;;;;20;60;Uttråkad
Arg;;;;;;;;;;;;;;;;;;;;;;;;;;;;;;;Arg
SUMMA;;;0;94;0;50;0;46;0;32;0;69;0;20;42;0;0;0;448;0;0;0;48;248;182;9;45;0;;;
;;;;;;;;;;;;;;;;;;;;;;;;;;;;;;;
;Obs: följ en rad högerut för att se vad problemet ORSAKAS av;;;;;;;;;;;;;;;;;;;;;;;;;;;;;;
;Följ en kolumn neråt för att se vad problemen i översta raden LEDER TILL;;;;;;;;;;;;;;;;;;;;;;;;;;;;;;
