﻿532015;;Unkn;Äter mindre;Tränar inte;Somnar sent;Vilar;Bråkar;Sjukdomsoro;Fokuserar inte;Sociala medier;Stannar hemma;Skjuter upp;Alkohol/droger;Självskadar;Självmordstankar;Äter mer;Tvångar;Ältar;Orostankar;Flashbacks;Panikångest;Smärta;Social ångest;Ensam/ledsen;Trött;Stressad;Uttråkad;Arg;Modify?;Painful?;
;Relev?;;1;;1;1;;;1;;;1;;;;;;1;1;;1;1;;1;1;1;;1;;;
Äter mindre;1;0;;;0;0;;;0;;;0;;;;;;20;0;;0;0;;70;0;10;;0;85;80;Äter mindre
Tränar inte;;;;;;;;;;;;;;;;;;;;;;;;;;;;;;;Tränar inte
Somnar sent;1;0;0;;;0;;;10;;;0;;;;;;15;0;;0;0;;75;0;0;;0;80;25;Somnar sent
Vilar;1;0;0;;85;;;;0;;;0;;;;;;0;0;;0;0;;10;0;5;;0;85;0;Vilar
Bråkar;;;;;;;;;;;;;;;;;;;;;;;;;;;;;;;Bråkar
Sjukdomstankar;;;;;;;;;;;;;;;;;;;;;;;;;;;;;;;Sjukdomsoro
Fokuserar inte;1;35;0;;0;0;;;;;;10;;;;;;25;0;;0;0;;30;0;0;;0;85;80;Fokuserar inte
Sociala medier;;;;;;;;;;;;;;;;;;;;;;;;;;;;;;;Sociala medier
Stannar hemma;;;;;;;;;;;;;;;;;;;;;;;;;;;;;;;Stannar hemma
Skjuter upp;1;30;0;;0;0;;;10;;;;;;;;;0;0;;0;0;;0;60;0;;0;85;80;Skjuter upp
Alkohol/droger;;;;;;;;;;;;;;;;;;;;;;;;;;;;;;;Alkohol/droger
Självskadar;;;;;;;;;;;;;;;;;;;;;;;;;;;;;;;Självskadar
Självmordstankar;;;;;;;;;;;;;;;;;;;;;;;;;;;;;;;Självmordstankar
Äter mer;;;;;;;;;;;;;;;;;;;;;;;;;;;;;;;Äter mer
Tvångar;;;;;;;;;;;;;;;;;;;;;;;;;;;;;;;Tvångar
Ältar;1;85;0;;0;0;;;0;;;10;;;;;;;0;;0;0;;0;5;0;;0;20;100;Ältar
Orostankar;1;70;0;;0;0;;;10;;;0;;;;;;0;;;0;0;;20;0;0;;0;90;100;Oro
Flashbacks;;;;;;;;;;;;;;;;;;;;;;;;;;;;;;;Flashbacks
Panikångest;1;20;0;;5;0;;;0;;;0;;;;;;75;0;;;;;;;;;;100;100;Panikångest
Smärta;1;50;45;;5;0;;;0;;;0;;;;;;0;0;;;;;;;;;;0;50;Smärta
Social ångest;;;;;;;;;;;;;;;;;;;;;;;;;;;;;;;Social ångest
Ensam/ledsen;1;90;0;;0;0;;;0;;;0;;;;;;10;0;;;;;;;;;;15;80;Ensam/ledsen
Trött;1;65;0;;20;0;;;0;;;0;;;;;;10;5;;;;;;;;;;80;30;Trött
Stressad;1;85;0;;10;0;;;0;;;5;;;;;;0;0;;;;;;;;;;65;50;Stressad
Uttråkad;;;;;;;;;;;;;;;;;;;;;;;;;;;;;;;Uttråkad
Arg;1;80;10;;0;0;;;10;;;0;;;;;;0;0;;;;;;;;;;0;50;Arg
SUMMA;;;55;0;125;0;0;0;40;0;0;25;0;0;0;0;0;155;5;0;0;0;0;205;65;15;0;0;;;
;;;;;;;;;;;;;;;;;;;;;;;;;;;;;;;
;Obs: följ en rad högerut för att se vad problemet ORSAKAS av;;;;;;;;;;;;;;;;;;;;;;;;;;;;;;
;Följ en kolumn neråt för att se vad problemen i översta raden LEDER TILL;;;;;;;;;;;;;;;;;;;;;;;;;;;;;;
