﻿547525;;Unkn;Äter mindre;Tränar inte;Somnar sent;Vilar;Bråkar;Sjukdomsoro;Fokuserar inte;Sociala medier;Stannar hemma;Skjuter upp;Alkohol/droger;Självskadar;Självmordstankar;Äter mer;Tvångar;Ältar;Orostankar;Flashbacks;Panikångest;Smärta;Social ångest;Ensam/ledsen;Trött;Stressad;Uttråkad;Arg;Modify?;Painful?;
;Relev?;;;1;;;;;1;;;1;;;;1;;1;1;1;;1;1;;1;;1;1;;;
Äter mindre;;;;;;;;;;;;;;;;;;;;;;;;;;;;;;;Äter mindre
Tränar inte;1;0;;;;;;;0;;;0;;;;0;;0;0;0;;23;0;;77;;0;0;68;37;Tränar inte
Somnar sent;;;;;;;;;;;;;;;;;;;;;;;;;;;;;;;Somnar sent
Vilar;;;;;;;;;;;;;;;;;;;;;;;;;;;;;;;Vilar
Bråkar;;;;;;;;;;;;;;;;;;;;;;;;;;;;;;;Bråkar
Sjukdomstankar;;;;;;;;;;;;;;;;;;;;;;;;;;;;;;;Sjukdomsoro
Fokuserar inte;1;11;;0;;;;;;;;10;;;;0;;0;0;0;;0;0;;79;;0;0;68;56;Fokuserar inte
Sociala medier;;;;;;;;;;;;;;;;;;;;;;;;;;;;;;;Sociala medier
Stannar hemma;;;;;;;;;;;;;;;;;;;;;;;;;;;;;;;Stannar hemma
Skjuter upp;1;0;;0;;;;;37;;;;;;;0;;0;0;0;;0;0;;63;;0;0;62;35;Skjuter upp
Alkohol/droger;;;;;;;;;;;;;;;;;;;;;;;;;;;;;;;Alkohol/droger
Självskadar;;;;;;;;;;;;;;;;;;;;;;;;;;;;;;;Självskadar
Självmordstankar;;;;;;;;;;;;;;;;;;;;;;;;;;;;;;;Självmordstankar
Äter mer;1;0;;0;;;;;0;;;0;;;;;;0;0;32;;0;19;;49;;0;0;25;73;Äter mer
Tvångar;;;;;;;;;;;;;;;;;;;;;;;;;;;;;;;Tvångar
Ältar;1;100;;0;;;;;0;;;0;;;;0;;;0;0;;0;0;;0;;0;0;34;62;Ältar
Orostankar;1;100;;0;;;;;0;;;0;;;;0;;0;;0;;0;0;;0;;0;0;21;57;Oro
Flashbacks;1;100;;0;;;;;0;;;0;;;;0;;0;0;;;;;;;;;;19;61;Flashbacks
Panikångest;;;;;;;;;;;;;;;;;;;;;;;;;;;;;;;Panikångest
Smärta;1;58;;18;;;;;0;;;0;;;;24;;0;0;;;;;;;;;;16;65;Smärta
Social ångest;1;100;;0;;;;;0;;;0;;;;0;;0;0;;;;;;;;;;19;61;Social ångest
Ensam/ledsen;;;;;;;;;;;;;;;;;;;;;;;;;;;;;;;Ensam/ledsen
Trött;1;100;;0;;;;;0;;;0;;;;0;;0;0;;;;;;;;;;4;83;Trött
Stressad;;;;;;;;;;;;;;;;;;;;;;;;;;;;;;;Stressad
Uttråkad;1;34;;0;;;;;0;;;0;;;;17;;23;26;;;;;;;;;;65;45;Uttråkad
Arg;1;23;;0;;;;;0;;;0;;;;35;;26;16;;;;;;;;;;63;46;Arg
SUMMA;;;0;18;0;0;0;0;37;0;0;10;0;0;0;76;0;49;42;32;0;23;19;0;268;0;0;0;;;
;;;;;;;;;;;;;;;;;;;;;;;;;;;;;;;
;Obs: följ en rad högerut för att se vad problemet ORSAKAS av;;;;;;;;;;;;;;;;;;;;;;;;;;;;;;
;Följ en kolumn neråt för att se vad problemen i översta raden LEDER TILL;;;;;;;;;;;;;;;;;;;;;;;;;;;;;;
