﻿555139;;Unkn;Äter mindre;Tränar inte;Somnar sent;Vilar;Bråkar;Sjukdomsoro;Fokuserar inte;Sociala medier;Stannar hemma;Skjuter upp;Alkohol/droger;Självskadar;Självmordstankar;Äter mer;Tvångar;Ältar;Orostankar;Flashbacks;Panikångest;Smärta;Social ångest;Ensam/ledsen;Trött;Stressad;Uttråkad;Arg;Modify?;Painful?;
;Relev?;;1;1;1;1;;;;;;1;;;;;;1;1;1;1;;;;1;1;;1;;;
Äter mindre;1;0;;0;0;0;;;;;;0;;;;;;0;80;10;10;;;;0;0;;0;97;5;Äter mindre
Tränar inte;1;0;0;;0;0;;;;;;0;;;;;;0;80;0;0;;;;20;0;;0;50;1;Tränar inte
Somnar sent;1;0;0;0;;0;;;;;;0;;;;;;0;80;10;10;;;;0;0;;0;6;75;Somnar sent
Vilar;1;0;0;0;0;;;;;;;0;;;;;;0;0;0;0;;;;100;0;;0;6;1;Vilar
Bråkar;;;;;;;;;;;;;;;;;;;;;;;;;;;;;;;Bråkar
Sjukdomstankar;;;;;;;;;;;;;;;;;;;;;;;;;;;;;;;Sjukdomsoro
Fokuserar inte;;;;;;;;;;;;;;;;;;;;;;;;;;;;;;;Fokuserar inte
Sociala medier;;;;;;;;;;;;;;;;;;;;;;;;;;;;;;;Sociala medier
Stannar hemma;;;;;;;;;;;;;;;;;;;;;;;;;;;;;;;Stannar hemma
Skjuter upp;1;100;0;0;0;0;;;;;;;;;;;;0;0;0;0;;;;0;0;;0;95;1;Skjuter upp
Alkohol/droger;;;;;;;;;;;;;;;;;;;;;;;;;;;;;;;Alkohol/droger
Självskadar;;;;;;;;;;;;;;;;;;;;;;;;;;;;;;;Självskadar
Självmordstankar;;;;;;;;;;;;;;;;;;;;;;;;;;;;;;;Självmordstankar
Äter mer;;;;;;;;;;;;;;;;;;;;;;;;;;;;;;;Äter mer
Tvångar;;;;;;;;;;;;;;;;;;;;;;;;;;;;;;;Tvångar
Ältar;1;0;0;0;0;0;;;;;;0;;;;;;;95;5;0;;;;0;0;;0;50;76;Ältar
Orostankar;1;100;0;0;0;0;;;;;;0;;;;;;0;;0;0;;;;0;0;;0;0;100;Oro
Flashbacks;1;0;0;0;0;0;;;;;;0;;;;;;0;100;;;;;;;;;;5;95;Flashbacks
Panikångest;1;0;0;0;0;0;;;;;;0;;;;;;0;100;;;;;;;;;;2;95;Panikångest
Smärta;;;;;;;;;;;;;;;;;;;;;;;;;;;;;;;Smärta
Social ångest;;;;;;;;;;;;;;;;;;;;;;;;;;;;;;;Social ångest
Ensam/ledsen;;;;;;;;;;;;;;;;;;;;;;;;;;;;;;;Ensam/ledsen
Trött;1;30;0;0;0;0;;;;;;0;;;;;;50;20;;;;;;;;;;50;50;Trött
Stressad;1;0;0;0;0;0;;;;;;0;;;;;;0;100;;;;;;;;;;5;75;Stressad
Uttråkad;;;;;;;;;;;;;;;;;;;;;;;;;;;;;;;Uttråkad
Arg;1;0;0;0;0;0;;;;;;0;;;;;;47;53;;;;;;;;;;50;50;Arg
SUMMA;;;0;0;0;0;0;0;0;0;0;0;0;0;0;0;0;97;708;25;20;0;0;0;120;0;0;0;;;
;;;;;;;;;;;;;;;;;;;;;;;;;;;;;;;
;Obs: följ en rad högerut för att se vad problemet ORSAKAS av;;;;;;;;;;;;;;;;;;;;;;;;;;;;;;
;Följ en kolumn neråt för att se vad problemen i översta raden LEDER TILL;;;;;;;;;;;;;;;;;;;;;;;;;;;;;;
