﻿PCR1;;Unkn;Äter mindre;Tränar inte;Somnar sent;Vilar;Bråkar;Sjukdomsoro;Fokuserar inte;Sociala medier;Stannar hemma;Skjuter upp;Alkohol/droger;Självskadar;Självmordstankar;Äter mer;Tvångar;Ältar;Oro;Flashbacks;Panikångest;Smärta;Social ångest;Ensam/ledsen;Trött;Stressad;Uttråkad;Arg;Modify?;Painful?;
;Relev?;;;1;1;;1;;;1;;;1;;;1;;1;1;;;;;;;;1;1;;;
Äter mindre;;;;;;;;;;;;;;;;;;;;;;;;;;;;;;;Äter mindre
Tränar inte;1;8;;0;4;;0;;;14;;;0;;;0;;0;0;;;;;;;;74;0;67;21;Tränar inte
Somnar sent;1;0;;0;0;;0;;;25;;;0;;;0;;44;31;;;;;;;;0;0;77;61;Somnar sent
Vilar;;;;;;;;;;;;;;;;;;;;;;;;;;;;;51;25;Vilar
Bråkar;1;22;;0;0;;0;;;0;;;24;;;0;;0;0;;;;;;;;0;54;39;89;Bråkar
Sjukdomsoro;;;;;;;;;;;;;;;;;;;;;;;;;;;;;;;Sjukdomsoro
Fokuserar inte;;;;;;;;;;;;;;;;;;;;;;;;;;;;;;;Fokuserar inte
Sociala medier;1;19;;0;0;;0;;;0;;;0;;;0;;0;0;;;;;;;;69;12;81;17;Sociala medier
Stannar hemma;;;;;;;;;;;;;;;;;;;;;;;;;;;;;;;Stannar hemma
Skjuter upp;;;;;;;;;;;;;;;;;;;;;;;;;;;;;;;Skjuter upp
Alkohol/droger;1;7;;0;0;;0;;;0;;;0;;;0;;0;0;;;;;;;;93;0;70;39;Alkohol/droger
Självskadar;;;;;;;;;;;;;;;;;;;;;;;;;;;;;;;Självskadar
Självmordstankar;;;;;;;;;;;;;;;;;;;;;;;;;;;;;;;Självmordstankar
Äter mer;1;0;;0;0;;0;;;0;;;0;;;0;;0;0;;;;;;;;100;0;74;26;Äter mer
Tvångar;;;;;;;;;;;;;;;;;;;;;;;;;;;;;;;Tvångar
Ältar;1;17;;0;0;;0;;;22;;;0;;;0;;0;0;;;;;;;;61;0;64;75;Ältar
Oro;1;;;0;0;;0;;;0;;;0;;;0;;0;0;;;;;;;;0;0;55;74;Oro
Flashbacks;;;;;;;;;;;;;;;;;;;;;;;;;;;;;;;Flashbacks
Panikångest;;;;;;;;;;;;;;;;;;;;;;;;;;;;;;;Panikångest
Smärta;;;;;;;;;;;;;;;;;;;;;;;;;;;;;;;Smärta
Social ångest;;;;;;;;;;;;;;;;;;;;;;;;;;;;;;;Social ångest
Ensam/ledsen;;;;;;;;;;;;;;;;;;;;;;;;;;;;;;;Ensam/ledsen
Trött;;;;;;;;;;;;;;;;;;;;;;;;;;;;;;;Trött
Stressad;;;;;;;;;;;;;;;;;;;;;;;;;;;;;;;Stressad
Uttråkad;1;29;;0;0;;0;;;0;;;0;;;0;;38;33;;;;;;;;0;0;31;71;Uttråkad
Arg;1;39;;0;0;;0;;;0;;;0;;;0;;61;0;;;;;;;;0;0;27;32;Arg
SUMMA;;;0;0;4;0;0;0;0;61;0;0;24;0;0;0;0;143;64;0;0;0;0;0;0;0;397;66;;;
;;;;;;;;;;;;;;;;;;;;;;;;;;;;;;;
;Obs: följ en rad högerut för att se vad problemet ORSAKAS av;;;;;;;;;;;;;;;;;;;;;;;;;;;;;;
;Följ en kolumn neråt för att se vad problemen i översta raden LEDER TILL;;;;;;;;;;;;;;;;;;;;;;;;;;;;;;
