﻿566368;;Unkn;Äter mindre;Tränar inte;Somnar sent;Vilar;Bråkar;Sjukdomsoro;Fokuserar inte;Sociala medier;Stannar hemma;Skjuter upp;Alkohol/droger;Självskadar;Självmordstankar;Äter mer;Tvångar;Ältar;Oro;Flashbacks;Panikångest;Smärta;Social ångest;Ensam/ledsen;Trött;Stressad;Uttråkad;Arg;Modify?;Painful?;
;Relev?;;;;1;;1;;1;1;;1;;;;1;;1;1;;1;;1;1;1;;;1;;;
Äter mindre;;;;;;;;;;;;;;;;;;;;;;;;;;;;;;;Äter mindre
Tränar inte;;;;;;;;;;;;;;;;;;;;;;;;;;;;;;;Tränar inte
Somnar sent;1;0;;;;;0;;0;0;;57;;;;0;;43;0;;0;;0;0;0;;;0;49;50;Somnar sent
Vilar;;;;;;;;;;;;;;;;;;;;;;;;;;;;;;;Vilar
Bråkar;1;24;;;0;;;;0;0;;0;;;;0;;0;0;;0;;0;76;0;;;0;16;78;Bråkar
Sjukdomsoro;;;;;;;;;;;;;;;;;;;;;;;;;;;;;;;Sjukdomsoro
Fokuserar inte;1;29;;;0;;0;;;0;;0;;;;0;;0;0;;0;;0;0;71;;;0;17;76;Fokuserar inte
Sociala medier;1;0;;;0;;0;;61;;;0;;;;0;;0;39;;0;;0;0;0;;;0;51;52;Sociala medier
Stannar hemma;;;;;;;;;;;;;;;;;;;;;;;;;;;;;;;Stannar hemma
Skjuter upp;1;0;;;0;;0;;59;0;;;;;;0;;0;0;;0;;0;0;41;;;0;21;100;Skjuter upp
Alkohol/droger;;;;;;;;;;;;;;;;;;;;;;;;;;;;;;;Alkohol/droger
Självskadar;;;;;;;;;;;;;;;;;;;;;;;;;;;;;;;Självskadar
Självmordstankar;;;;;;;;;;;;;;;;;;;;;;;;;;;;;;;Självmordstankar
Äter mer;1;0;;;0;;0;;0;0;;0;;;;;;0;0;;0;;54;46;0;;;0;50;48;Äter mer
Tvångar;;;;;;;;;;;;;;;;;;;;;;;;;;;;;;;Tvångar
Ältar;1;0;;;0;;0;;0;0;;0;;;;0;;;0;;0;;0;54;46;;;0;20;76;Ältar
Oro;1;0;;;0;;0;;0;0;;0;;;;0;;55;;;0;;0;0;45;;;0;39;48;Oro
Flashbacks;;;;;;;;;;;;;;;;;;;;;;;;;;;;;;;Flashbacks
Panikångest;1;0;;;0;;0;;33;0;;67;;;;0;;0;0;;;;;;;;;;24;68;Panikångest
Smärta;;;;;;;;;;;;;;;;;;;;;;;;;;;;;;;Smärta
Social ångest;1;0;;;0;;0;;57;0;;43;;;;0;;0;0;;;;;;;;;;23;91;Social ångest
Ensam/ledsen;1;0;;;0;;56;;0;0;;0;;;;0;;44;0;;;;;;;;;;33;50;Ensam/ledsen
Trött;1;28;;;0;;0;;27;0;;0;;;;0;;45;0;;;;;;;;;;15;84;Trött
Stressad;;;;;;;;;;;;;;;;;;;;;;;;;;;;;;;Stressad
Uttråkad;;;;;;;;;;;;;;;;;;;;;;;;;;;;;;;Uttråkad
Arg;1;0;;;0;;0;;33;0;;32;;;;0;;35;0;;;;;;;;;;16;85;Arg
SUMMA;;;0;0;0;0;56;0;270;0;0;199;0;0;0;0;0;222;39;0;0;0;54;176;203;0;0;0;;;
;;;;;;;;;;;;;;;;;;;;;;;;;;;;;;;
;Obs: följ en rad högerut för att se vad problemet ORSAKAS av;;;;;;;;;;;;;;;;;;;;;;;;;;;;;;
;Följ en kolumn neråt för att se vad problemen i översta raden LEDER TILL;;;;;;;;;;;;;;;;;;;;;;;;;;;;;;
