﻿567994;;Unkn;Äter mindre;Tränar inte;Somnar sent;Vilar;Bråkar;Sjukdomsoro;Fokuserar inte;Sociala medier;Stannar hemma;Skjuter upp;Alkohol/droger;Självskadar;Självmordstankar;Äter mer;Tvångar;Ältar;Orostankar;Flashbacks;Panikångest;Smärta;Social ångest;Ensam/ledsen;Trött;Stressad;Uttråkad;Arg;Modify?;Painful?;
;Relev?;;1;1;;;;;1;;1;1;;;1;;;1;1;1;1;1;;1;1;1;1;;;;
Äter mindre;1;0;;0;;;;;0;;0;0;;;50;;;0;0;0;0;0;;0;30;20;0;;53;7;Äter mindre
Tränar inte;1;0;8;;;;;;0;;0;0;;;0;;;0;0;0;0;0;;33;0;0;59;;93;100;Tränar inte
Somnar sent;;;;;;;;;;;;;;;;;;;;;;;;;;;;;;;Somnar sent
Vilar;;;;;;;;;;;;;;;;;;;;;;;;;;;;;;;Vilar
Bråkar;;;;;;;;;;;;;;;;;;;;;;;;;;;;;;;Bråkar
Sjukdomstankar;;;;;;;;;;;;;;;;;;;;;;;;;;;;;;;Sjukdomsoro
Fokuserar inte;1;0;0;0;;;;;;;0;0;;;0;;;0;16;0;0;0;;0;61;23;0;;91;100;Fokuserar inte
Sociala medier;;;;;;;;;;;;;;;;;;;;;;;;;;;;;;;Sociala medier
Stannar hemma;1;0;0;0;;;;;0;;;0;;;0;;;0;0;0;0;0;;45;22;0;33;;89;78;Stannar hemma
Skjuter upp;1;0;0;0;;;;;0;;0;;;;0;;;0;0;0;0;0;;28;40;32;0;;69;100;Skjuter upp
Alkohol/droger;;;;;;;;;;;;;;;;;;;;;;;;;;;;;;;Alkohol/droger
Självskadar;;;;;;;;;;;;;;;;;;;;;;;;;;;;;;;Självskadar
Självmordstankar;1;0;0;0;;;;;0;;0;0;;;;;;53;0;0;0;0;;0;31;0;16;;66;100;Självmordstankar
Äter mer;;;;;;;;;;;;;;;;;;;;;;;;;;;;;;;Äter mer
Tvångar;;;;;;;;;;;;;;;;;;;;;;;;;;;;;;;Tvångar
Ältar;1;0;0;0;;;;;0;;0;0;;;14;;;;30;56;0;0;;0;0;0;0;;94;100;Ältar
Orostankar;1;0;0;0;;;;;0;;0;0;;;0;;;35;;35;0;0;;0;30;0;0;;83;75;Oro
Flashbacks;1;0;0;20;;;;;0;;0;0;;;0;;;51;29;;;;;;;;;;59;76;Flashbacks
Panikångest;1;0;0;0;;;;;0;;27;0;;;0;;;66;7;;;;;;;;;;84;79;Panikångest
Smärta;1;0;32;0;;;;;0;;0;0;;;25;;;43;0;;;;;;;;;;52;54;Smärta
Social ångest;;;;;;;;;;;;;;;;;;;;;;;;;;;;;;;Social ångest
Ensam/ledsen;1;0;0;0;;;;;0;;37;0;;;29;;;34;0;;;;;;;;;;75;100;Ensam/ledsen
Trött;1;0;0;0;;;;;0;;6;0;;;0;;;66;28;;;;;;;;;;54;100;Trött
Stressad;1;0;0;0;;;;;0;;0;0;;;31;;;42;27;;;;;;;;;;71;100;Stressad
Uttråkad;1;0;0;0;;;;;0;;0;11;;;22;;;67;0;;;;;;;;;;96;100;Uttråkad
Arg;;;;;;;;;;;;;;;;;;;;;;;;;;;;;;;Arg
SUMMA;;;40;20;0;0;0;0;0;0;70;11;0;0;171;0;0;457;137;91;0;0;0;106;214;75;108;0;;;
;;;;;;;;;;;;;;;;;;;;;;;;;;;;;;;
;Obs: följ en rad högerut för att se vad problemet ORSAKAS av;;;;;;;;;;;;;;;;;;;;;;;;;;;;;;
;Följ en kolumn neråt för att se vad problemen i översta raden LEDER TILL;;;;;;;;;;;;;;;;;;;;;;;;;;;;;;
