﻿569419;;Unkn;Äter mindre;Tränar inte;Somnar sent;Vilar;Bråkar;Sjukdomsoro;Fokuserar inte;Sociala medier;Stannar hemma;Skjuter upp;Alkohol/droger;Självskadar;Självmordstankar;Äter mer;Tvångar;Ältar;Oro;Flashbacks;Panikångest;Smärta;Social ångest;Ensam/ledsen;Trött;Stressad;Uttråkad;Arg;Modify?;Painful?;
;Relev?;;1;1;1;;;;;;;;1;1;1;;;;;;;1;;1;1;;;;;;
Äter mindre;1;0;;0;0;;;;;;;;100;0;0;;;;;;;0;;0;0;;;;50;74;Äter mindre
Tränar inte;1;0;0;;0;;;;;;;;0;0;0;;;;;;;0;;0;100;;;;5;49;Tränar inte
Somnar sent;1;0;0;0;;;;;;;;;56;0;0;;;;;;;0;;44;0;;;;86;100;Somnar sent
Vilar;;;;;;;;;;;;;;;;;;;;;;;;;;;;;;;Vilar
Bråkar;;;;;;;;;;;;;;;;;;;;;;;;;;;;;;;Bråkar
Sjukdomsoro;;;;;;;;;;;;;;;;;;;;;;;;;;;;;;;Sjukdomsoro
Fokuserar inte;;;;;;;;;;;;;;;;;;;;;;;;;;;;;;;Fokuserar inte
Sociala medier;;;;;;;;;;;;;;;;;;;;;;;;;;;;;;;Sociala medier
Stannar hemma;;;;;;;;;;;;;;;;;;;;;;;;;;;;;;;Stannar hemma
Skjuter upp;;;;;;;;;;;;;;;;;;;;;;;;;;;;;;;Skjuter upp
Alkohol/droger;1;0;0;0;0;;;;;;;;;0;58;;;;;;;0;;42;0;;;;1;100;Alkohol/droger
Självskadar;1;0;0;0;0;;;;;;;;100;;0;;;;;;;0;;0;0;;;;51;76;Självskadar
Självmordstankar;1;0;0;0;0;;;;;;;;100;0;;;;;;;;0;;0;0;;;;50;81;Självmordstankar
Äter mer;;;;;;;;;;;;;;;;;;;;;;;;;;;;;;;Äter mer
Tvångar;;;;;;;;;;;;;;;;;;;;;;;;;;;;;;;Tvångar
Ältar;;;;;;;;;;;;;;;;;;;;;;;;;;;;;;;Ältar
Oro;;;;;;;;;;;;;;;;;;;;;;;;;;;;;;;Oro
Flashbacks;;;;;;;;;;;;;;;;;;;;;;;;;;;;;;;Flashbacks
Panikångest;;;;;;;;;;;;;;;;;;;;;;;;;;;;;;;Panikångest
Smärta;1;0;0;0;0;;;;;;;;48;0;52;;;;;;;;;;;;;;50;12;Smärta
Social ångest;;;;;;;;;;;;;;;;;;;;;;;;;;;;;;;Social ångest
Ensam/ledsen;1;0;0;0;0;;;;;;;;100;0;0;;;;;;;;;;;;;;36;100;Ensam/ledsen
Trött;1;0;0;0;47;;;;;;;;53;0;0;;;;;;;;;;;;;;24;40;Trött
Stressad;;;;;;;;;;;;;;;;;;;;;;;;;;;;;;;Stressad
Uttråkad;;;;;;;;;;;;;;;;;;;;;;;;;;;;;;;Uttråkad
Arg;;;;;;;;;;;;;;;;;;;;;;;;;;;;;;;Arg
SUMMA;;;0;0;47;0;0;0;0;0;0;0;557;0;110;0;0;0;0;0;0;0;0;86;100;0;0;0;;;
;;;;;;;;;;;;;;;;;;;;;;;;;;;;;;;
;Obs: följ en rad högerut för att se vad problemet ORSAKAS av;;;;;;;;;;;;;;;;;;;;;;;;;;;;;;
;Följ en kolumn neråt för att se vad problemen i översta raden LEDER TILL;;;;;;;;;;;;;;;;;;;;;;;;;;;;;;
