﻿576053;;Unkn;Äter mindre;Tränar inte;Somnar sent;Vilar;Bråkar;Sjukdomsoro;Fokuserar inte;Sociala medier;Stannar hemma;Skjuter upp;Alkohol/droger;Självskadar;Självmordstankar;Äter mer;Tvångar;Ältar;Orostankar;Flashbacks;Panikångest;Smärta;Social ångest;Ensam/ledsen;Trött;Stressad;Uttråkad;Arg;Modify?;Painful?;
;Relev?;;;1;1;1;;;1;;;1;;1;1;1;;1;1;;;;1;1;1;;1;1;;;
Äter mindre;;;;;;;;;;;;;;;;;;;;;;;;;;;;;;;Äter mindre
Tränar inte;1;0;;;0;0;;;0;;;0;;0;0;0;;58;0;;;;42;0;0;;0;0;81;100;Tränar inte
Somnar sent;1;0;;0;;25;;;0;;;0;;0;0;0;;31;44;;;;0;0;0;;0;0;44;35;Somnar sent
Vilar;1;0;;0;100;;;;0;;;0;;0;0;0;;0;0;;;;0;0;0;;0;0;29;24;Vilar
Bråkar;;;;;;;;;;;;;;;;;;;;;;;;;;;;;;;Bråkar
Sjukdomstankar;;;;;;;;;;;;;;;;;;;;;;;;;;;;;;;Sjukdomsoro
Fokuserar inte;1;100;;0;0;0;;;;;;0;;0;0;0;;0;0;;;;0;0;0;;0;0;20;42;Fokuserar inte
Sociala medier;;;;;;;;;;;;;;;;;;;;;;;;;;;;;;;Sociala medier
Stannar hemma;;;;;;;;;;;;;;;;;;;;;;;;;;;;;;;Stannar hemma
Skjuter upp;1;0;;0;0;0;;;100;;;;;0;0;0;;0;0;;;;0;0;0;;0;0;24;35;Skjuter upp
Alkohol/droger;;;;;;;;;;;;;;;;;;;;;;;;;;;;;;;Alkohol/droger
Självskadar;1;0;;0;0;0;;;0;;;0;;;0;0;;50;50;;;;0;0;0;;0;0;10;30;Självskadar
Självmordstankar;1;0;;0;0;0;;;0;;;0;;0;;0;;22;50;;;;0;28;0;;0;0;13;90;Självmordstankar
Äter mer;1;24;;46;0;0;;;0;;;0;;30;0;;;0;0;;;;0;0;0;;0;0;76;94;Äter mer
Tvångar;;;;;;;;;;;;;;;;;;;;;;;;;;;;;;;Tvångar
Ältar;1;100;;0;0;0;;;0;;;0;;0;0;0;;;0;;;;0;0;0;;0;0;5;88;Ältar
Orostankar;1;100;;0;0;0;;;0;;;0;;0;0;0;;0;;;;;0;0;0;;0;0;5;89;Oro
Flashbacks;;;;;;;;;;;;;;;;;;;;;;;;;;;;;;;Flashbacks
Panikångest;;;;;;;;;;;;;;;;;;;;;;;;;;;;;;;Panikångest
Smärta;;;;;;;;;;;;;;;;;;;;;;;;;;;;;;;Smärta
Social ångest;1;33;;0;0;0;;;0;;;0;;0;0;0;;67;0;;;;;;;;;;4;97;Social ångest
Ensam/ledsen;1;100;;0;0;0;;;0;;;0;;0;0;0;;0;0;;;;;;;;;;9;75;Ensam/ledsen
Trött;1;0;;0;51;48;;;0;;;0;;0;0;1;;0;0;;;;;;;;;;34;11;Trött
Stressad;;;;;;;;;;;;;;;;;;;;;;;;;;;;;;;Stressad
Uttråkad;1;0;;0;0;0;;;0;;;0;;0;0;0;;56;44;;;;;;;;;;54;16;Uttråkad
Arg;1;100;;0;0;0;;;0;;;0;;0;0;0;;0;0;;;;;;;;;;55;25;Arg
SUMMA;;;0;46;151;73;0;0;100;0;0;0;0;30;0;1;0;284;188;0;0;0;42;28;0;0;0;0;;;
;;;;;;;;;;;;;;;;;;;;;;;;;;;;;;;
;Obs: följ en rad högerut för att se vad problemet ORSAKAS av;;;;;;;;;;;;;;;;;;;;;;;;;;;;;;
;Följ en kolumn neråt för att se vad problemen i översta raden LEDER TILL;;;;;;;;;;;;;;;;;;;;;;;;;;;;;;
