﻿576299;;Unkn;Äter mindre;Tränar inte;Somnar sent;Vilar;Bråkar;Sjukdomsoro;Fokuserar inte;Sociala medier;Stannar hemma;Skjuter upp;Alkohol/droger;Självskadar;Självmordstankar;Äter mer;Tvångar;Ältar;Orostankar;Flashbacks;Panikångest;Smärta;Social ångest;Ensam/ledsen;Trött;Stressad;Uttråkad;Arg;Modify?;Painful?;
;Relev?;;;1;;;1;;1;1;1;1;;;;;;1;;;1;1;1;1;1;1;1;1;;;
Äter mindre;;;;;;;;;;;;;;;;;;;;;;;;;;;;;;;Äter mindre
Tränar inte;1;0;;;;;14;;0;0;0;0;;;;;;47;;;0;0;0;0;39;0;0;0;82;35;Tränar inte
Somnar sent;;;;;;;;;;;;;;;;;;;;;;;;;;;;;;;Somnar sent
Vilar;;;;;;;;;;;;;;;;;;;;;;;;;;;;;;;Vilar
Bråkar;1;100;;0;;;;;0;0;0;0;;;;;;0;;;0;0;0;0;0;0;0;0;30;80;Bråkar
Sjukdomstankar;;;;;;;;;;;;;;;;;;;;;;;;;;;;;;;Sjukdomsoro
Fokuserar inte;1;0;;0;;;0;;;0;0;0;;;;;;34;;;0;0;30;0;36;0;0;0;36;79;Fokuserar inte
Sociala medier;1;0;;0;;;15;;30;;0;0;;;;;;55;;;0;0;0;0;0;0;0;0;81;21;Sociala medier
Stannar hemma;1;0;;0;;;0;;0;0;;0;;;;;;0;;;0;37;40;0;23;0;0;0;64;47;Stannar hemma
Skjuter upp;1;0;;0;;;0;;51;0;0;;;;;;;35;;;0;0;14;0;0;0;0;0;61;43;Skjuter upp
Alkohol/droger;;;;;;;;;;;;;;;;;;;;;;;;;;;;;;;Alkohol/droger
Självskadar;;;;;;;;;;;;;;;;;;;;;;;;;;;;;;;Självskadar
Självmordstankar;;;;;;;;;;;;;;;;;;;;;;;;;;;;;;;Självmordstankar
Äter mer;;;;;;;;;;;;;;;;;;;;;;;;;;;;;;;Äter mer
Tvångar;;;;;;;;;;;;;;;;;;;;;;;;;;;;;;;Tvångar
Ältar;1;0;;0;;;23;;0;0;0;0;;;;;;;;;0;0;0;66;11;0;0;0;34;87;Ältar
Orostankar;;;;;;;;;;;;;;;;;;;;;;;;;;;;;;;Oro
Flashbacks;;;;;;;;;;;;;;;;;;;;;;;;;;;;;;;Flashbacks
Panikångest;1;17;;0;;;0;;0;0;0;0;;;;;;83;;;;;;;;;;;68;82;Panikångest
Smärta;1;100;;0;;;0;;0;0;0;0;;;;;;0;;;;;;;;;;;51;70;Smärta
Social ångest;1;44;;0;;;0;;19;0;0;0;;;;;;37;;;;;;;;;;;27;67;Social ångest
Ensam/ledsen;1;72;;0;;;0;;0;0;0;0;;;;;;28;;;;;;;;;;;32;87;Ensam/ledsen
Trött;1;100;;0;;;0;;0;0;0;0;;;;;;0;;;;;;;;;;;38;85;Trött
Stressad;1;26;;0;;;31;;0;0;21;0;;;;;;22;;;;;;;;;;;63;85;Stressad
Uttråkad;1;100;;0;;;0;;0;0;0;0;;;;;;0;;;;;;;;;;;41;76;Uttråkad
Arg;1;56;;0;;;25;;0;0;19;0;;;;;;0;;;;;;;;;;;74;68;Arg
SUMMA;;;0;0;0;0;108;0;100;0;40;0;0;0;0;0;0;341;0;0;0;37;84;66;109;0;0;0;;;
;;;;;;;;;;;;;;;;;;;;;;;;;;;;;;;
;Obs: följ en rad högerut för att se vad problemet ORSAKAS av;;;;;;;;;;;;;;;;;;;;;;;;;;;;;;
;Följ en kolumn neråt för att se vad problemen i översta raden LEDER TILL;;;;;;;;;;;;;;;;;;;;;;;;;;;;;;
