﻿592048;;Unkn;Äter mindre;Tränar inte;Somnar sent;Vilar;Bråkar;Sjukdomsoro;Fokuserar inte;Sociala medier;Stannar hemma;Skjuter upp;Alkohol/droger;Självskadar;Självmordstankar;Äter mer;Tvångar;Ältar;Orostankar;Flashbacks;Panikångest;Smärta;Social ångest;Ensam/ledsen;Trött;Stressad;Uttråkad;Arg;Modify?;Painful?;
;Relev?;;1;1;1;1;;;1;1;;1;;;;1;;1;1;1;1;;;;1;1;1;;;;
Äter mindre;1;6;;0;0;0;;;33;34;;0;;;;27;;0;0;0;0;;;;0;0;0;;91;63;Äter mindre
Tränar inte;1;14;0;;29;0;;;0;0;;28;;;;0;;0;0;0;0;;;;29;0;0;;63;97;Tränar inte
Somnar sent;1;18;0;0;;0;;;0;35;;0;;;;0;;0;24;0;0;;;;23;0;0;;60;89;Somnar sent
Vilar;1;2;0;0;98;;;;0;0;;0;;;;0;;0;0;0;0;;;;0;0;0;;99;1;Vilar
Bråkar;;;;;;;;;;;;;;;;;;;;;;;;;;;;;;;Bråkar
Sjukdomstankar;;;;;;;;;;;;;;;;;;;;;;;;;;;;;;;Sjukdomsoro
Fokuserar inte;1;21;0;0;0;0;;;;0;;0;;;;0;;25;27;0;27;;;;0;0;0;;69;76;Fokuserar inte
Sociala medier;1;0;0;0;0;0;;;28;;;28;;;;0;;0;44;0;0;;;;0;0;0;;62;86;Sociala medier
Stannar hemma;;;;;;;;;;;;;;;;;;;;;;;;;;;;;;;Stannar hemma
Skjuter upp;1;0;0;0;0;0;;;18;0;;;;;;0;;41;41;0;0;;;;0;0;0;;86;99;Skjuter upp
Alkohol/droger;;;;;;;;;;;;;;;;;;;;;;;;;;;;;;;Alkohol/droger
Självskadar;;;;;;;;;;;;;;;;;;;;;;;;;;;;;;;Självskadar
Självmordstankar;;;;;;;;;;;;;;;;;;;;;;;;;;;;;;;Självmordstankar
Äter mer;1;0;0;0;31;0;;;26;0;;0;;;;;;43;0;0;0;;;;0;0;0;;74;89;Äter mer
Tvångar;;;;;;;;;;;;;;;;;;;;;;;;;;;;;;;Tvångar
Ältar;1;6;0;0;0;0;;;36;20;;38;;;;0;;;0;0;0;;;;0;0;0;;81;94;Ältar
Orostankar;1;14;0;0;21;0;;;28;0;;37;;;;0;;0;;0;0;;;;0;0;0;;45;99;Oro
Flashbacks;1;52;0;0;15;0;;;16;0;;17;;;;0;;0;0;;;;;;;;;;32;26;Flashbacks
Panikångest;1;11;0;0;0;0;;;18;0;;48;;;;0;;0;23;;;;;;;;;;54;73;Panikångest
Smärta;;;;;;;;;;;;;;;;;;;;;;;;;;;;;;;Smärta
Social ångest;;;;;;;;;;;;;;;;;;;;;;;;;;;;;;;Social ångest
Ensam/ledsen;;;;;;;;;;;;;;;;;;;;;;;;;;;;;;;Ensam/ledsen
Trött;1;4;20;20;0;0;;;0;0;;56;;;;0;;0;0;;;;;;;;;;34;85;Trött
Stressad;1;12;0;0;0;0;;;0;0;;37;;;;0;;24;27;;;;;;;;;;64;84;Stressad
Uttråkad;1;10;0;0;29;0;;;0;0;;42;;;;0;;0;19;;;;;;;;;;98;16;Uttråkad
Arg;;;;;;;;;;;;;;;;;;;;;;;;;;;;;;;Arg
SUMMA;;;20;20;223;0;0;0;203;89;0;331;0;0;0;27;0;133;205;0;27;0;0;0;52;0;0;0;;;
;;;;;;;;;;;;;;;;;;;;;;;;;;;;;;;
;Obs: följ en rad högerut för att se vad problemet ORSAKAS av;;;;;;;;;;;;;;;;;;;;;;;;;;;;;;
;Följ en kolumn neråt för att se vad problemen i översta raden LEDER TILL;;;;;;;;;;;;;;;;;;;;;;;;;;;;;;
