﻿602881;;Unkn;Äter mindre;Tränar inte;Somnar sent;Vilar;Bråkar;Sjukdomsoro;Fokuserar inte;Sociala medier;Stannar hemma;Skjuter upp;Alkohol/droger;Självskadar;Självmordstankar;Äter mer;Tvångar;Ältar;Orostankar;Flashbacks;Panikångest;Smärta;Social ångest;Ensam/ledsen;Trött;Stressad;Uttråkad;Arg;Modify?;Painful?;
;Relev?;;;1;;;;1;1;;;;;;;;;1;1;;;1;1;1;1;1;;1;;;
Äter mindre;;;;;;;;;;;;;;;;;;;;;;;;;;;;;;;Äter mindre
Tränar inte;1;5;;;;;;0;0;;;;;;;;;0;0;;;19;0;0;76;0;;0;80;15;Tränar inte
Somnar sent;;;;;;;;;;;;;;;;;;;;;;;;;;;;;;;Somnar sent
Vilar;;;;;;;;;;;;;;;;;;;;;;;;;;;;;;;Vilar
Bråkar;;;;;;;;;;;;;;;;;;;;;;;;;;;;;;;Bråkar
Sjukdomstankar;1;10;;0;;;;;35;;;;;;;;;0;0;;;24;0;0;31;0;;0;67;27;Sjukdomsoro
Fokuserar inte;1;13;;0;;;;0;;;;;;;;;;25;0;;;0;25;0;37;0;;0;81;70;Fokuserar inte
Sociala medier;;;;;;;;;;;;;;;;;;;;;;;;;;;;;;;Sociala medier
Stannar hemma;;;;;;;;;;;;;;;;;;;;;;;;;;;;;;;Stannar hemma
Skjuter upp;;;;;;;;;;;;;;;;;;;;;;;;;;;;;;;Skjuter upp
Alkohol/droger;;;;;;;;;;;;;;;;;;;;;;;;;;;;;;;Alkohol/droger
Självskadar;;;;;;;;;;;;;;;;;;;;;;;;;;;;;;;Självskadar
Självmordstankar;;;;;;;;;;;;;;;;;;;;;;;;;;;;;;;Självmordstankar
Äter mer;;;;;;;;;;;;;;;;;;;;;;;;;;;;;;;Äter mer
Tvångar;;;;;;;;;;;;;;;;;;;;;;;;;;;;;;;Tvångar
Ältar;1;5;;0;;;;0;0;;;;;;;;;;0;;;0;41;39;0;15;;0;59;65;Ältar
Orostankar;1;20;;15;;;;0;0;;;;;;;;;33;;;;0;32;0;0;0;;0;88;25;Oro
Flashbacks;;;;;;;;;;;;;;;;;;;;;;;;;;;;;;;Flashbacks
Panikångest;;;;;;;;;;;;;;;;;;;;;;;;;;;;;;;Panikångest
Smärta;1;97;;3;;;;0;0;;;;;;;;;0;0;;;;;;;;;;54;50;Smärta
Social ångest;1;10;;0;;;;0;20;;;;;;;;;70;0;;;;;;;;;;16;86;Social ångest
Ensam/ledsen;1;10;;0;;;;0;0;;;;;;;;;90;0;;;;;;;;;;84;65;Ensam/ledsen
Trött;1;88;;12;;;;0;0;;;;;;;;;0;0;;;;;;;;;;79;33;Trött
Stressad;1;12;;0;;;;0;23;;;;;;;;;44;21;;;;;;;;;;81;49;Stressad
Uttråkad;;;;;;;;;;;;;;;;;;;;;;;;;;;;;;;Uttråkad
Arg;1;100;;0;;;;0;0;;;;;;;;;0;0;;;;;;;;;;93;14;Arg
SUMMA;;;0;30;0;0;0;0;78;0;0;0;0;0;0;0;0;262;21;0;0;43;98;39;144;15;0;0;;;
;;;;;;;;;;;;;;;;;;;;;;;;;;;;;;;
;Obs: följ en rad högerut för att se vad problemet ORSAKAS av;;;;;;;;;;;;;;;;;;;;;;;;;;;;;;
;Följ en kolumn neråt för att se vad problemen i översta raden LEDER TILL;;;;;;;;;;;;;;;;;;;;;;;;;;;;;;
