﻿603729;;Unkn;Äter mindre;Tränar inte;Somnar sent;Vilar;Bråkar;Sjukdomsoro;Fokuserar inte;Sociala medier;Stannar hemma;Skjuter upp;Alkohol/droger;Självskadar;Självmordstankar;Äter mer;Tvångar;Ältar;Orostankar;Flashbacks;Panikångest;Smärta;Social ångest;Ensam/ledsen;Trött;Stressad;Uttråkad;Arg;Modify?;Painful?;
;Relev?;;;1;1;1;;;1;;;;;;;;;;1;1;1;1;1;1;1;;;;;;
Äter mindre;;;;;;;;;;;;;;;;;;;;;;;;;;;;;;;Äter mindre
Tränar inte;1;0;;;32;0;;;0;;;;;;;;;;0;0;49;0;0;0;19;;;;71;80;Tränar inte
Somnar sent;1;0;;0;;0;;;0;;;;;;;;;;0;0;58;0;42;0;0;;;;65;86;Somnar sent
Vilar;1;0;;0;33;;;;0;;;;;;;;;;17;0;50;0;0;0;0;;;;65;22;Vilar
Bråkar;;;;;;;;;;;;;;;;;;;;;;;;;;;;;;;Bråkar
Sjukdomstankar;;;;;;;;;;;;;;;;;;;;;;;;;;;;;;;Sjukdomsoro
Fokuserar inte;1;0;;0;0;0;;;;;;;;;;;;;0;0;66;0;34;0;0;;;;65;89;Fokuserar inte
Sociala medier;;;;;;;;;;;;;;;;;;;;;;;;;;;;;;;Sociala medier
Stannar hemma;;;;;;;;;;;;;;;;;;;;;;;;;;;;;;;Stannar hemma
Skjuter upp;;;;;;;;;;;;;;;;;;;;;;;;;;;;;;;Skjuter upp
Alkohol/droger;;;;;;;;;;;;;;;;;;;;;;;;;;;;;;;Alkohol/droger
Självskadar;;;;;;;;;;;;;;;;;;;;;;;;;;;;;;;Självskadar
Självmordstankar;;;;;;;;;;;;;;;;;;;;;;;;;;;;;;;Självmordstankar
Äter mer;;;;;;;;;;;;;;;;;;;;;;;;;;;;;;;Äter mer
Tvångar;;;;;;;;;;;;;;;;;;;;;;;;;;;;;;;Tvångar
Ältar;;;;;;;;;;;;;;;;;;;;;;;;;;;;;;;Ältar
Orostankar;1;0;;0;0;0;;;37;;;;;;;;;;;0;43;0;0;0;20;;;;62;100;Oro
Flashbacks;1;0;;0;44;0;;;0;;;;;;;;;;56;;;;;;;;;;65;100;Flashbacks
Panikångest;1;0;;0;19;0;;;40;;;;;;;;;;41;;;;;;;;;;60;100;Panikångest
Smärta;1;22;;0;25;0;;;0;;;;;;;;;;53;;;;;;;;;;70;65;Smärta
Social ångest;1;35;;0;42;0;;;0;;;;;;;;;;23;;;;;;;;;;70;64;Social ångest
Ensam/ledsen;1;59;;0;41;0;;;0;;;;;;;;;;0;;;;;;;;;;60;89;Ensam/ledsen
Trött;1;0;;27;43;0;;;0;;;;;;;;;;30;;;;;;;;;;47;100;Trött
Stressad;;;;;;;;;;;;;;;;;;;;;;;;;;;;;;;Stressad
Uttråkad;;;;;;;;;;;;;;;;;;;;;;;;;;;;;;;Uttråkad
Arg;;;;;;;;;;;;;;;;;;;;;;;;;;;;;;;Arg
SUMMA;;;0;27;279;0;0;0;77;0;0;0;0;0;0;0;0;0;220;0;266;0;76;0;39;0;0;0;;;
;;;;;;;;;;;;;;;;;;;;;;;;;;;;;;;
;Obs: följ en rad högerut för att se vad problemet ORSAKAS av;;;;;;;;;;;;;;;;;;;;;;;;;;;;;;
;Följ en kolumn neråt för att se vad problemen i översta raden LEDER TILL;;;;;;;;;;;;;;;;;;;;;;;;;;;;;;
