﻿605261;;Unkn;Äter mindre;Tränar inte;Somnar sent;Vilar;Bråkar;Sjukdomsoro;Fokuserar inte;Sociala medier;Stannar hemma;Skjuter upp;Alkohol/droger;Självskadar;Självmordstankar;Äter mer;Tvångar;Ältar;Orostankar;Flashbacks;Panikångest;Smärta;Social ångest;Ensam/ledsen;Trött;Stressad;Uttråkad;Arg;Modify?;Painful?;
;Relev?;;1;;;1;;;1;;;1;;;;;;1;1;;;1;;1;1;1;;1;;;
Äter mindre;1;0;;;;50;;;50;;;0;;;;;;0;0;;;0;;0;0;0;;0;100;20;Äter mindre
Tränar inte;;;;;;;;;;;;;;;;;;;;;;;;;;;;;;;Tränar inte
Somnar sent;;;;;;;;;;;;;;;;;;;;;;;;;;;;;;;Somnar sent
Vilar;1;0;0;;;;;;0;;;0;;;;;;0;70;;;0;;0;30;0;;0;100;20;Vilar
Bråkar;;;;;;;;;;;;;;;;;;;;;;;;;;;;;;;Bråkar
Sjukdomstankar;;;;;;;;;;;;;;;;;;;;;;;;;;;;;;;Sjukdomsoro
Fokuserar inte;1;50;0;;;0;;;;;;0;;;;;;0;0;;;0;;0;0;50;;0;100;50;Fokuserar inte
Sociala medier;;;;;;;;;;;;;;;;;;;;;;;;;;;;;;;Sociala medier
Stannar hemma;;;;;;;;;;;;;;;;;;;;;;;;;;;;;;;Stannar hemma
Skjuter upp;1;0;0;;;0;;;70;;;;;;;;;30;0;;;0;;0;0;0;;0;100;50;Skjuter upp
Alkohol/droger;;;;;;;;;;;;;;;;;;;;;;;;;;;;;;;Alkohol/droger
Självskadar;;;;;;;;;;;;;;;;;;;;;;;;;;;;;;;Självskadar
Självmordstankar;;;;;;;;;;;;;;;;;;;;;;;;;;;;;;;Självmordstankar
Äter mer;;;;;;;;;;;;;;;;;;;;;;;;;;;;;;;Äter mer
Tvångar;;;;;;;;;;;;;;;;;;;;;;;;;;;;;;;Tvångar
Ältar;1;40;0;;;0;;;0;;;0;;;;;;;0;;;0;;0;30;30;;0;80;60;Ältar
Orostankar;1;50;0;;;0;;;0;;;0;;;;;;0;;;;0;;0;39;11;;0;90;60;Oro
Flashbacks;;;;;;;;;;;;;;;;;;;;;;;;;;;;;;;Flashbacks
Panikångest;;;;;;;;;;;;;;;;;;;;;;;;;;;;;;;Panikångest
Smärta;1;0;50;;;0;;;20;;;0;;;;;;0;30;;;;;;;;;;100;20;Smärta
Social ångest;;;;;;;;;;;;;;;;;;;;;;;;;;;;;;;Social ångest
Ensam/ledsen;1;0;0;;;0;;;0;;;0;;;;;;50;50;;;;;;;;;;90;60;Ensam/ledsen
Trött;1;20;0;;;20;;;0;;;0;;;;;;30;30;;;;;;;;;;100;71;Trött
Stressad;1;40;0;;;0;;;60;;;0;;;;;;0;0;;;;;;;;;;100;70;Stressad
Uttråkad;;;;;;;;;;;;;;;;;;;;;;;;;;;;;;;Uttråkad
Arg;1;10;0;;;0;;;40;;;0;;;;;;25;25;;;;;;;;;;80;69;Arg
SUMMA;;;50;0;0;70;0;0;240;0;0;0;0;0;0;0;0;135;205;0;0;0;0;0;99;91;0;0;;;
;;;;;;;;;;;;;;;;;;;;;;;;;;;;;;;
;Obs: följ en rad högerut för att se vad problemet ORSAKAS av;;;;;;;;;;;;;;;;;;;;;;;;;;;;;;
;Följ en kolumn neråt för att se vad problemen i översta raden LEDER TILL;;;;;;;;;;;;;;;;;;;;;;;;;;;;;;
