﻿618019;;Unkn;Äter mindre;Tränar inte;Somnar sent;Vilar;Bråkar;Sjukdomsoro;Fokuserar inte;Sociala medier;Stannar hemma;Skjuter upp;Alkohol/droger;Självskadar;Självmordstankar;Äter mer;Tvångar;Ältar;Oro;Flashbacks;Panikångest;Smärta;Social ångest;Ensam/ledsen;Trött;Stressad;Uttråkad;Arg;Modify?;Painful?;
;Relev?;;;;1;;;;1;;;1;;;1;1;;1;1;;1;1;1;1;;1;1;1;;;
Äter mindre;;;;;;;;;;;;;;;;;;;;;;;;;;;;;;;Äter mindre
Tränar inte;;;;;;;;;;;;;;;;;;;;;;;;;;;;;;;Tränar inte
Somnar sent;1;0;;;;;;;0;;;0;;;23;0;;33;0;;0;0;0;44;;0;0;0;16;100;Somnar sent
Vilar;;;;;;;;;;;;;;;;;;;;;;;;;;;;;;;Vilar
Bråkar;;;;;;;;;;;;;;;;;;;;;;;;;;;;;;;Bråkar
Sjukdomsoro;;;;;;;;;;;;;;;;;;;;;;;;;;;;;;;Sjukdomsoro
Fokuserar inte;1;0;;;46;;;;;;;0;;;10;0;;0;0;;0;0;0;0;;44;0;0;8;100;Fokuserar inte
Sociala medier;;;;;;;;;;;;;;;;;;;;;;;;;;;;;;;Sociala medier
Stannar hemma;;;;;;;;;;;;;;;;;;;;;;;;;;;;;;;Stannar hemma
Skjuter upp;1;23;;;0;;;;0;;;;;;0;0;;0;0;;0;0;0;77;;0;0;0;15;100;Skjuter upp
Alkohol/droger;;;;;;;;;;;;;;;;;;;;;;;;;;;;;;;Alkohol/droger
Självskadar;;;;;;;;;;;;;;;;;;;;;;;;;;;;;;;Självskadar
Självmordstankar;1;0;;;0;;;;0;;;0;;;;50;;0;0;;0;0;0;50;;0;0;0;12;100;Självmordstankar
Äter mer;1;0;;;0;;;;0;;;0;;;49;;;20;0;;0;0;0;31;;0;0;0;7;100;Äter mer
Tvångar;;;;;;;;;;;;;;;;;;;;;;;;;;;;;;;Tvångar
Ältar;1;24;;;0;;;;0;;;0;;;0;0;;;0;;0;0;0;50;;26;0;0;33;100;Ältar
Oro;1;100;;;0;;;;0;;;0;;;0;0;;0;;;0;0;0;0;;0;0;0;12;100;Oro
Flashbacks;;;;;;;;;;;;;;;;;;;;;;;;;;;;;;;Flashbacks
Panikångest;1;100;;;0;;;;0;;;0;;;0;0;;0;0;;;;;;;;;;25;100;Panikångest
Smärta;1;100;;;0;;;;0;;;0;;;0;0;;0;0;;;;;;;;;;5;100;Smärta
Social ångest;1;100;;;0;;;;0;;;0;;;0;0;;0;0;;;;;;;;;;8;100;Social ångest
Ensam/ledsen;1;52;;;0;;;;0;;;0;;;48;0;;0;0;;;;;;;;;;0;100;Ensam/ledsen
Trött;;;;;;;;;;;;;;;;;;;;;;;;;;;;;;;Trött
Stressad;1;29;;;40;;;;0;;;0;;;0;25;;6;0;;;;;;;;;;5;100;Stressad
Uttråkad;1;100;;;0;;;;0;;;0;;;0;0;;0;0;;;;;;;;;;0;100;Uttråkad
Arg;1;35;;;65;;;;0;;;0;;;0;0;;0;0;;;;;;;;;;8;100;Arg
SUMMA;;;0;0;151;0;0;0;0;0;0;0;0;0;130;75;0;59;0;0;0;0;0;252;0;70;0;0;;;
;;;;;;;;;;;;;;;;;;;;;;;;;;;;;;;
;Obs: följ en rad högerut för att se vad problemet ORSAKAS av;;;;;;;;;;;;;;;;;;;;;;;;;;;;;;
;Följ en kolumn neråt för att se vad problemen i översta raden LEDER TILL;;;;;;;;;;;;;;;;;;;;;;;;;;;;;;
