﻿619729;;Unkn;Äter mindre;Tränar inte;Somnar sent;Vilar;Bråkar;Sjukdomsoro;Fokuserar inte;Sociala medier;Stannar hemma;Skjuter upp;Alkohol/droger;Självskadar;Självmordstankar;Äter mer;Tvångar;Ältar;Oro;Flashbacks;Panikångest;Smärta;Social ångest;Ensam/ledsen;Trött;Stressad;Uttråkad;Arg;Modify?;Painful?;
;Relev?;;;1;1;;;1;1;1;1;;1;;;;;1;1;;1;;;;1;1;;1;;;
Äter mindre;;;;;;;;;;;;;;;;;;;;;;;;;;;;;;;Äter mindre
Tränar inte;1;0;;;0;;;0;0;0;0;;0;;;;;0;0;;0;;;;100;0;;0;71;62;Tränar inte
Somnar sent;1;0;;0;;;;0;0;0;0;;0;;;;;59;41;;0;;;;0;0;;0;55;64;Somnar sent
Vilar;;;;;;;;;;;;;;;;;;;;;;;;;;;;;;;Vilar
Bråkar;;;;;;;;;;;;;;;;;;;;;;;;;;;;;;;Bråkar
Sjukdomsoro;1;0;;0;0;;;;0;0;0;;0;;;;;0;0;;0;;;;54;46;;0;71;71;Sjukdomsoro
Fokuserar inte;1;0;;0;0;;;0;;0;0;;0;;;;;0;0;;30;;;;37;33;;0;40;71;Fokuserar inte
Sociala medier;1;0;;0;0;;;0;0;;0;;0;;;;;32;34;;34;;;;0;0;;0;71;28;Sociala medier
Stannar hemma;1;0;;0;0;;;0;0;0;;;0;;;;;0;0;;0;;;;49;51;;0;58;66;Stannar hemma
Skjuter upp;;;;;;;;;;;;;;;;;;;;;;;;;;;;;;;Skjuter upp
Alkohol/droger;1;0;;0;0;;;0;0;0;0;;;;;;;0;0;;39;;;;37;24;;0;59;57;Alkohol/droger
Självskadar;;;;;;;;;;;;;;;;;;;;;;;;;;;;;;;Självskadar
Självmordstankar;;;;;;;;;;;;;;;;;;;;;;;;;;;;;;;Självmordstankar
Äter mer;;;;;;;;;;;;;;;;;;;;;;;;;;;;;;;Äter mer
Tvångar;;;;;;;;;;;;;;;;;;;;;;;;;;;;;;;Tvångar
Ältar;1;0;;0;0;;;0;0;0;29;;0;;;;;;0;;34;;;;0;37;;0;21;86;Ältar
Oro;1;0;;0;0;;;33;0;0;0;;0;;;;;35;;;0;;;;32;0;;0;22;86;Oro
Flashbacks;;;;;;;;;;;;;;;;;;;;;;;;;;;;;;;Flashbacks
Panikångest;1;0;;0;0;;;0;30;0;28;;0;;;;;42;0;;;;;;;;;;22;88;Panikångest
Smärta;;;;;;;;;;;;;;;;;;;;;;;;;;;;;;;Smärta
Social ångest;;;;;;;;;;;;;;;;;;;;;;;;;;;;;;;Social ångest
Ensam/ledsen;;;;;;;;;;;;;;;;;;;;;;;;;;;;;;;Ensam/ledsen
Trött;1;0;;0;0;;;35;0;0;0;;0;;;;;37;28;;;;;;;;;;23;93;Trött
Stressad;1;0;;0;0;;;0;0;0;0;;0;;;;;0;100;;;;;;;;;;27;86;Stressad
Uttråkad;;;;;;;;;;;;;;;;;;;;;;;;;;;;;;;Uttråkad
Arg;1;0;;0;0;;;0;0;0;0;;0;;;;;51;49;;;;;;;;;;30;85;Arg
SUMMA;;;0;0;0;0;0;68;30;0;57;0;0;0;0;0;0;256;252;0;137;0;0;0;309;191;0;0;;;
;;;;;;;;;;;;;;;;;;;;;;;;;;;;;;;
;Obs: följ en rad högerut för att se vad problemet ORSAKAS av;;;;;;;;;;;;;;;;;;;;;;;;;;;;;;
;Följ en kolumn neråt för att se vad problemen i översta raden LEDER TILL;;;;;;;;;;;;;;;;;;;;;;;;;;;;;;
