﻿622440;;Unkn;Äter mindre;Tränar inte;Somnar sent;Vilar;Bråkar;Sjukdomsoro;Fokuserar inte;Sociala medier;Stannar hemma;Skjuter upp;Alkohol/droger;Självskadar;Självmordstankar;Äter mer;Tvångar;Ältar;Orostankar;Flashbacks;Panikångest;Smärta;Social ångest;Ensam/ledsen;Trött;Stressad;Uttråkad;Arg;Modify?;Painful?;
;Relev?;;;1;;1;;;1;1;1;1;;;;1;;;;;;1;1;1;1;1;;;;;
Äter mindre;;;;;;;;;;;;;;;;;;;;;;;;;;;;;;;Äter mindre
Tränar inte;1;19;;;;0;;;40;0;0;0;;;;0;;;;;;20;21;0;0;0;;;60;40;Tränar inte
Somnar sent;;;;;;;;;;;;;;;;;;;;;;;;;;;;;;;Somnar sent
Vilar;1;0;;0;;;;;0;0;10;0;;;;0;;;;;;0;0;0;37;53;;;60;1;Vilar
Bråkar;;;;;;;;;;;;;;;;;;;;;;;;;;;;;;;Bråkar
Sjukdomstankar;;;;;;;;;;;;;;;;;;;;;;;;;;;;;;;Sjukdomsoro
Fokuserar inte;1;0;;0;;0;;;;27;0;0;;;;0;;;;;;0;0;0;7;66;;;37;89;Fokuserar inte
Sociala medier;1;0;;0;;0;;;51;;0;25;;;;0;;;;;;0;0;0;0;24;;;53;71;Sociala medier
Stannar hemma;1;0;;0;;0;;;0;0;;0;;;;0;;;;;;0;42;47;11;0;;;68;48;Stannar hemma
Skjuter upp;1;0;;0;;0;;;61;0;0;;;;;0;;;;;;0;0;0;0;39;;;52;64;Skjuter upp
Alkohol/droger;;;;;;;;;;;;;;;;;;;;;;;;;;;;;;;Alkohol/droger
Självskadar;;;;;;;;;;;;;;;;;;;;;;;;;;;;;;;Självskadar
Självmordstankar;;;;;;;;;;;;;;;;;;;;;;;;;;;;;;;Självmordstankar
Äter mer;1;0;;0;;0;;;0;0;0;0;;;;;;;;;;0;0;66;13;21;;;67;39;Äter mer
Tvångar;;;;;;;;;;;;;;;;;;;;;;;;;;;;;;;Tvångar
Ältar;;;;;;;;;;;;;;;;;;;;;;;;;;;;;;;Ältar
Orostankar;;;;;;;;;;;;;;;;;;;;;;;;;;;;;;;Oro
Flashbacks;;;;;;;;;;;;;;;;;;;;;;;;;;;;;;;Flashbacks
Panikångest;;;;;;;;;;;;;;;;;;;;;;;;;;;;;;;Panikångest
Smärta;1;100;;0;;0;;;0;0;0;0;;;;0;;;;;;;;;;;;;42;81;Smärta
Social ångest;1;100;;0;;0;;;0;0;0;0;;;;0;;;;;;;;;;;;;62;81;Social ångest
Ensam/ledsen;1;100;;0;;0;;;0;0;0;0;;;;0;;;;;;;;;;;;;36;71;Ensam/ledsen
Trött;1;100;;0;;0;;;0;0;0;0;;;;0;;;;;;;;;;;;;10;100;Trött
Stressad;1;0;;0;;0;;;64;0;0;36;;;;0;;;;;;;;;;;;;14;97;Stressad
Uttråkad;;;;;;;;;;;;;;;;;;;;;;;;;;;;;;;Uttråkad
Arg;;;;;;;;;;;;;;;;;;;;;;;;;;;;;;;Arg
SUMMA;;;0;0;0;0;0;0;216;27;10;61;0;0;0;0;0;0;0;0;0;20;63;113;68;203;0;0;;;
;;;;;;;;;;;;;;;;;;;;;;;;;;;;;;;
;Obs: följ en rad högerut för att se vad problemet ORSAKAS av;;;;;;;;;;;;;;;;;;;;;;;;;;;;;;
;Följ en kolumn neråt för att se vad problemen i översta raden LEDER TILL;;;;;;;;;;;;;;;;;;;;;;;;;;;;;;
