﻿623526;;Unkn;Äter mindre;Tränar inte;Somnar sent;Vilar;Bråkar;Sjukdomsoro;Fokuserar inte;Sociala medier;Stannar hemma;Skjuter upp;Alkohol/droger;Självskadar;Självmordstankar;Äter mer;Tvångar;Ältar;Orostankar;Flashbacks;Panikångest;Smärta;Social ångest;Ensam/ledsen;Trött;Stressad;Uttråkad;Arg;Modify?;Painful?;
;Relev?;;1;;1;1;;;;;;1;1;;1;;;;1;1;1;;1;;1;;1;;;;
Äter mindre;1;0;;;0;0;;;;;;0;0;;0;;;;0;0;100;;0;;0;;0;;69;42;Äter mindre
Tränar inte;;;;;;;;;;;;;;;;;;;;;;;;;;;;;;;Tränar inte
Somnar sent;1;0;0;;;0;;;;;;0;0;;100;;;;0;0;0;;0;;0;;0;;35;97;Somnar sent
Vilar;1;0;0;;0;;;;;;;0;0;;100;;;;0;0;0;;0;;0;;0;;49;35;Vilar
Bråkar;;;;;;;;;;;;;;;;;;;;;;;;;;;;;;;Bråkar
Sjukdomstankar;;;;;;;;;;;;;;;;;;;;;;;;;;;;;;;Sjukdomsoro
Fokuserar inte;;;;;;;;;;;;;;;;;;;;;;;;;;;;;;;Fokuserar inte
Sociala medier;;;;;;;;;;;;;;;;;;;;;;;;;;;;;;;Sociala medier
Stannar hemma;;;;;;;;;;;;;;;;;;;;;;;;;;;;;;;Stannar hemma
Skjuter upp;1;0;0;;0;0;;;;;;;0;;100;;;;0;0;0;;0;;0;;0;;52;90;Skjuter upp
Alkohol/droger;1;0;0;;0;0;;;;;;0;;;100;;;;0;0;0;;0;;0;;0;;24;77;Alkohol/droger
Självskadar;;;;;;;;;;;;;;;;;;;;;;;;;;;;;;;Självskadar
Självmordstankar;1;0;0;;0;0;;;;;;0;100;;;;;;0;0;0;;0;;0;;0;;38;99;Självmordstankar
Äter mer;;;;;;;;;;;;;;;;;;;;;;;;;;;;;;;Äter mer
Tvångar;;;;;;;;;;;;;;;;;;;;;;;;;;;;;;;Tvångar
Ältar;;;;;;;;;;;;;;;;;;;;;;;;;;;;;;;Ältar
Orostankar;1;0;0;;0;0;;;;;;0;0;;100;;;;;0;0;;0;;0;;0;;59;85;Oro
Flashbacks;1;0;0;;0;0;;;;;;0;0;;100;;;;0;;;;;;;;;;18;96;Flashbacks
Panikångest;1;0;0;;0;0;;;;;;0;0;;100;;;;0;;;;;;;;;;10;97;Panikångest
Smärta;;;;;;;;;;;;;;;;;;;;;;;;;;;;;;;Smärta
Social ångest;1;0;0;;0;0;;;;;;0;0;;100;;;;0;;;;;;;;;;27;74;Social ångest
Ensam/ledsen;;;;;;;;;;;;;;;;;;;;;;;;;;;;;;;Ensam/ledsen
Trött;1;0;0;;0;0;;;;;;0;0;;100;;;;0;;;;;;;;;;47;63;Trött
Stressad;;;;;;;;;;;;;;;;;;;;;;;;;;;;;;;Stressad
Uttråkad;1;0;0;;0;0;;;;;;0;0;;100;;;;0;;;;;;;;;;60;68;Uttråkad
Arg;;;;;;;;;;;;;;;;;;;;;;;;;;;;;;;Arg
SUMMA;;;0;0;0;0;0;0;0;0;0;0;100;0;1000;0;0;0;0;0;100;0;0;0;0;0;0;0;;;
;;;;;;;;;;;;;;;;;;;;;;;;;;;;;;;
;Obs: följ en rad högerut för att se vad problemet ORSAKAS av;;;;;;;;;;;;;;;;;;;;;;;;;;;;;;
;Följ en kolumn neråt för att se vad problemen i översta raden LEDER TILL;;;;;;;;;;;;;;;;;;;;;;;;;;;;;;
