﻿625567;;Unkn;Äter mindre;Tränar inte;Somnar sent;Vilar;Bråkar;Sjukdomsoro;Fokuserar inte;Sociala medier;Stannar hemma;Skjuter upp;Alkohol/droger;Självskadar;Självmordstankar;Äter mer;Tvångar;Ältar;Orostankar;Flashbacks;Panikångest;Smärta;Social ångest;Ensam/ledsen;Trött;Stressad;Uttråkad;Arg;Modify?;Painful?;
;Relev?;;;;1;1;1;;;1;1;;;;;;;1;1;1;;;;1;;;1;1;;;
Äter mindre;;;;;;;;;;;;;;;;;;;;;;;;;;;;;;;Äter mindre
Tränar inte;;;;;;;;;;;;;;;;;;;;;;;;;;;;;;;Tränar inte
Somnar sent;1;0;;;;39;0;;;39;0;;;;;;;0;0;22;;;;0;;;0;0;79;49;Somnar sent
Vilar;1;0;;;100;;0;;;0;0;;;;;;;0;0;0;;;;0;;;0;0;74;47;Vilar
Bråkar;1;0;;;50;0;;;;0;0;;;;;;;0;0;0;;;;0;;;0;50;47;12;Bråkar
Sjukdomstankar;;;;;;;;;;;;;;;;;;;;;;;;;;;;;;;Sjukdomsoro
Fokuserar inte;;;;;;;;;;;;;;;;;;;;;;;;;;;;;;;Fokuserar inte
Sociala medier;1;0;;;21;0;0;;;;0;;;;;;;50;0;0;;;;0;;;29;0;100;10;Sociala medier
Stannar hemma;1;0;;;100;0;0;;;0;;;;;;;;0;0;0;;;;0;;;0;0;79;54;Stannar hemma
Skjuter upp;;;;;;;;;;;;;;;;;;;;;;;;;;;;;;;Skjuter upp
Alkohol/droger;;;;;;;;;;;;;;;;;;;;;;;;;;;;;;;Alkohol/droger
Självskadar;;;;;;;;;;;;;;;;;;;;;;;;;;;;;;;Självskadar
Självmordstankar;;;;;;;;;;;;;;;;;;;;;;;;;;;;;;;Självmordstankar
Äter mer;;;;;;;;;;;;;;;;;;;;;;;;;;;;;;;Äter mer
Tvångar;;;;;;;;;;;;;;;;;;;;;;;;;;;;;;;Tvångar
Ältar;1;0;;;0;0;0;;;0;36;;;;;;;;0;33;;;;31;;;0;0;100;53;Ältar
Orostankar;1;0;;;0;0;0;;;0;0;;;;;;;28;;33;;;;39;;;0;0;100;52;Oro
Flashbacks;1;0;;;0;0;38;;;0;33;;;;;;;29;0;;;;;;;;;;4;90;Flashbacks
Panikångest;;;;;;;;;;;;;;;;;;;;;;;;;;;;;;;Panikångest
Smärta;;;;;;;;;;;;;;;;;;;;;;;;;;;;;;;Smärta
Social ångest;;;;;;;;;;;;;;;;;;;;;;;;;;;;;;;Social ångest
Ensam/ledsen;1;0;;;41;0;13;;;0;46;;;;;;;0;0;;;;;;;;;;24;97;Ensam/ledsen
Trött;;;;;;;;;;;;;;;;;;;;;;;;;;;;;;;Trött
Stressad;;;;;;;;;;;;;;;;;;;;;;;;;;;;;;;Stressad
Uttråkad;1;44;;;26;0;0;;;0;0;;;;;;;30;0;;;;;;;;;;9;22;Uttråkad
Arg;1;0;;;28;0;0;;;15;0;;;;;;;57;0;;;;;;;;;;15;24;Arg
SUMMA;;;0;0;366;39;51;0;0;54;115;0;0;0;0;0;0;194;0;88;0;0;0;70;0;0;29;50;;;
;;;;;;;;;;;;;;;;;;;;;;;;;;;;;;;
;Obs: följ en rad högerut för att se vad problemet ORSAKAS av;;;;;;;;;;;;;;;;;;;;;;;;;;;;;;
;Följ en kolumn neråt för att se vad problemen i översta raden LEDER TILL;;;;;;;;;;;;;;;;;;;;;;;;;;;;;;
