﻿627939;;Unkn;Äter mindre;Tränar inte;Somnar sent;Vilar;Bråkar;Sjukdomsoro;Fokuserar inte;Sociala medier;Stannar hemma;Skjuter upp;Alkohol/droger;Självskadar;Självmordstankar;Äter mer;Tvångar;Ältar;Orostankar;Flashbacks;Panikångest;Smärta;Social ångest;Ensam/ledsen;Trött;Stressad;Uttråkad;Arg;Modify?;Painful?;
;Relev?;;1;1;1;1;;;1;1;1;1;;;;;;1;;;;1;1;;1;1;1;1;;;
Äter mindre;1;14;;0;0;0;;;0;0;0;86;;;;;;0;;;;0;0;;0;0;0;0;81;22;Äter mindre
Tränar inte;1;10;0;;0;0;;;0;0;0;54;;;;;;0;;;;0;0;;36;0;0;0;89;60;Tränar inte
Somnar sent;1;8;0;25;;0;;;0;0;0;39;;;;;;0;;;;0;0;;0;28;0;0;82;30;Somnar sent
Vilar;1;30;0;0;70;;;;0;0;0;0;;;;;;0;;;;0;0;;0;0;0;0;100;0;Vilar
Bråkar;;;;;;;;;;;;;;;;;;;;;;;;;;;;;;;Bråkar
Sjukdomstankar;;;;;;;;;;;;;;;;;;;;;;;;;;;;;;;Sjukdomsoro
Fokuserar inte;1;8;0;11;0;0;;;;0;0;55;;;;;;0;;;;0;0;;26;0;0;0;38;43;Fokuserar inte
Sociala medier;1;74;0;0;0;0;;;0;;0;13;;;;;;0;;;;0;0;;0;0;13;0;75;72;Sociala medier
Stannar hemma;1;22;0;0;0;0;;;0;0;;0;;;;;;0;;;;0;0;;61;17;0;0;87;23;Stannar hemma
Skjuter upp;1;57;0;0;0;0;;;0;0;0;;;;;;;0;;;;0;0;;0;0;43;0;51;69;Skjuter upp
Alkohol/droger;;;;;;;;;;;;;;;;;;;;;;;;;;;;;;;Alkohol/droger
Självskadar;;;;;;;;;;;;;;;;;;;;;;;;;;;;;;;Självskadar
Självmordstankar;;;;;;;;;;;;;;;;;;;;;;;;;;;;;;;Självmordstankar
Äter mer;;;;;;;;;;;;;;;;;;;;;;;;;;;;;;;Äter mer
Tvångar;;;;;;;;;;;;;;;;;;;;;;;;;;;;;;;Tvångar
Ältar;1;36;0;0;0;0;;;0;0;0;0;;;;;;;;;;0;64;;0;0;0;0;75;81;Ältar
Orostankar;;;;;;;;;;;;;;;;;;;;;;;;;;;;;;;Oro
Flashbacks;;;;;;;;;;;;;;;;;;;;;;;;;;;;;;;Flashbacks
Panikångest;;;;;;;;;;;;;;;;;;;;;;;;;;;;;;;Panikångest
Smärta;1;100;0;0;0;0;;;0;0;0;0;;;;;;0;;;;;;;;;;;64;26;Smärta
Social ångest;1;100;0;0;0;0;;;0;0;0;0;;;;;;0;;;;;;;;;;;95;65;Social ångest
Ensam/ledsen;;;;;;;;;;;;;;;;;;;;;;;;;;;;;;;Ensam/ledsen
Trött;1;63;0;37;0;0;;;0;0;0;0;;;;;;0;;;;;;;;;;;54;32;Trött
Stressad;1;69;0;0;0;0;;;0;8;0;23;;;;;;0;;;;;;;;;;;64;46;Stressad
Uttråkad;1;100;0;0;0;0;;;0;0;0;0;;;;;;0;;;;;;;;;;;75;21;Uttråkad
Arg;1;100;0;0;0;0;;;0;0;0;0;;;;;;0;;;;;;;;;;;86;24;Arg
SUMMA;;;0;73;70;0;0;0;0;8;0;270;0;0;0;0;0;0;0;0;0;0;64;0;123;45;56;0;;;
;;;;;;;;;;;;;;;;;;;;;;;;;;;;;;;
;Obs: följ en rad högerut för att se vad problemet ORSAKAS av;;;;;;;;;;;;;;;;;;;;;;;;;;;;;;
;Följ en kolumn neråt för att se vad problemen i översta raden LEDER TILL;;;;;;;;;;;;;;;;;;;;;;;;;;;;;;
