﻿636765;;Unkn;Äter mindre;Tränar inte;Somnar sent;Vilar;Bråkar;Sjukdomsoro;Fokuserar inte;Sociala medier;Stannar hemma;Skjuter upp;Alkohol/droger;Självskadar;Självmordstankar;Äter mer;Tvångar;Ältar;Orostankar;Flashbacks;Panikångest;Smärta;Social ångest;Ensam/ledsen;Trött;Stressad;Uttråkad;Arg;Modify?;Painful?;
;Relev?;;1;;;1;;1;1;1;;1;;;;1;;;;;;1;;1;1;1;1;1;;;
Äter mindre;1;14;;;;0;;0;0;17;;37;;;;32;;;;;;0;;0;0;0;0;0;99;3;Äter mindre
Tränar inte;;;;;;;;;;;;;;;;;;;;;;;;;;;;;;;Tränar inte
Somnar sent;;;;;;;;;;;;;;;;;;;;;;;;;;;;;;;Somnar sent
Vilar;1;9;0;;;;;0;0;0;;0;;;;0;;;;;;0;;28;31;0;32;0;36;3;Vilar
Bråkar;;;;;;;;;;;;;;;;;;;;;;;;;;;;;;;Bråkar
Sjukdomstankar;1;7;0;;;0;;;0;0;;0;;;;0;;;;;;93;;0;0;0;0;0;99;3;Sjukdomsoro
Fokuserar inte;1;0;0;;;0;;0;;0;;0;;;;0;;;;;;0;;28;0;35;37;0;27;3;Fokuserar inte
Sociala medier;1;0;0;;;0;;0;40;;;37;;;;0;;;;;;0;;0;0;0;23;0;98;3;Sociala medier
Stannar hemma;;;;;;;;;;;;;;;;;;;;;;;;;;;;;;;Stannar hemma
Skjuter upp;1;0;0;;;0;;0;56;0;;;;;;0;;;;;;0;;0;37;0;7;0;97;2;Skjuter upp
Alkohol/droger;;;;;;;;;;;;;;;;;;;;;;;;;;;;;;;Alkohol/droger
Självskadar;;;;;;;;;;;;;;;;;;;;;;;;;;;;;;;Självskadar
Självmordstankar;;;;;;;;;;;;;;;;;;;;;;;;;;;;;;;Självmordstankar
Äter mer;1;0;0;;;0;;0;0;0;;0;;;;;;;;;;0;;41;0;35;24;0;54;2;Äter mer
Tvångar;;;;;;;;;;;;;;;;;;;;;;;;;;;;;;;Tvångar
Ältar;;;;;;;;;;;;;;;;;;;;;;;;;;;;;;;Ältar
Orostankar;;;;;;;;;;;;;;;;;;;;;;;;;;;;;;;Oro
Flashbacks;;;;;;;;;;;;;;;;;;;;;;;;;;;;;;;Flashbacks
Panikångest;;;;;;;;;;;;;;;;;;;;;;;;;;;;;;;Panikångest
Smärta;1;100;0;;;0;;0;0;0;;0;;;;0;;;;;;;;;;;;;40;21;Smärta
Social ångest;;;;;;;;;;;;;;;;;;;;;;;;;;;;;;;Social ångest
Ensam/ledsen;1;100;0;;;0;;0;0;0;;0;;;;0;;;;;;;;;;;;;37;52;Ensam/ledsen
Trött;1;100;0;;;0;;0;0;0;;0;;;;0;;;;;;;;;;;;;40;3;Trött
Stressad;1;100;0;;;0;;0;0;0;;0;;;;0;;;;;;;;;;;;;46;4;Stressad
Uttråkad;1;100;0;;;0;;0;0;0;;0;;;;0;;;;;;;;;;;;;47;45;Uttråkad
Arg;1;100;0;;;0;;0;0;0;;0;;;;0;;;;;;;;;;;;;50;49;Arg
SUMMA;;;0;0;0;0;0;0;96;17;0;74;0;0;0;32;0;0;0;0;0;93;0;97;68;70;123;0;;;
;;;;;;;;;;;;;;;;;;;;;;;;;;;;;;;
;Obs: följ en rad högerut för att se vad problemet ORSAKAS av;;;;;;;;;;;;;;;;;;;;;;;;;;;;;;
;Följ en kolumn neråt för att se vad problemen i översta raden LEDER TILL;;;;;;;;;;;;;;;;;;;;;;;;;;;;;;
