﻿638244;;Unkn;Äter mindre;Tränar inte;Somnar sent;Vilar;Bråkar;Sjukdomsoro;Fokuserar inte;Sociala medier;Stannar hemma;Skjuter upp;Alkohol/droger;Självskadar;Självmordstankar;Äter mer;Tvångar;Ältar;Oro;Flashbacks;Panikångest;Smärta;Social ångest;Ensam/ledsen;Trött;Stressad;Uttråkad;Arg;Modify?;Painful?;
;Relev?;;;1;1;;;1;1;1;;1;;;;1;;1;1;;;;1;;1;1;1;1;;;
Äter mindre;;;;;;;;;;;;;;;;;;;;;;;;;;;;;;;Äter mindre
Tränar inte;1;36;;;26;;;24;0;0;;0;;;;0;;0;0;;;;0;;14;0;0;0;80;72;Tränar inte
Somnar sent;1;59;;0;;;;13;0;0;;0;;;;14;;0;0;;;;0;;0;14;0;0;49;90;Somnar sent
Vilar;;;;;;;;;;;;;;;;;;;;;;;;;;;;;;;Vilar
Bråkar;;;;;;;;;;;;;;;;;;;;;;;;;;;;;;;Bråkar
Sjukdomsoro;1;100;;0;0;;;;0;0;;0;;;;0;;0;0;;;;0;;0;0;0;0;68;90;Sjukdomsoro
Fokuserar inte;1;33;;0;23;;;0;;22;;0;;;;22;;0;0;;;;0;;0;0;0;0;55;51;Fokuserar inte
Sociala medier;1;0;;0;19;;;0;0;;;0;;;;0;;0;39;;;;0;;0;0;42;0;91;51;Sociala medier
Stannar hemma;;;;;;;;;;;;;;;;;;;;;;;;;;;;;;;Stannar hemma
Skjuter upp;1;0;;0;29;;;0;30;0;;;;;;0;;0;0;;;;41;;0;0;0;0;78;58;Skjuter upp
Alkohol/droger;;;;;;;;;;;;;;;;;;;;;;;;;;;;;;;Alkohol/droger
Självskadar;;;;;;;;;;;;;;;;;;;;;;;;;;;;;;;Självskadar
Självmordstankar;;;;;;;;;;;;;;;;;;;;;;;;;;;;;;;Självmordstankar
Äter mer;1;0;;0;24;;;0;0;0;;0;;;;;;36;0;;;;0;;0;0;40;0;84;81;Äter mer
Tvångar;;;;;;;;;;;;;;;;;;;;;;;;;;;;;;;Tvångar
Ältar;1;11;;0;0;;;0;0;0;;0;;;;0;;;24;;;;29;;0;0;0;36;51;100;Ältar
Oro;1;11;;0;13;;;0;0;0;;0;;;;0;;37;;;;;0;;0;0;0;39;50;100;Oro
Flashbacks;;;;;;;;;;;;;;;;;;;;;;;;;;;;;;;Flashbacks
Panikångest;;;;;;;;;;;;;;;;;;;;;;;;;;;;;;;Panikångest
Smärta;;;;;;;;;;;;;;;;;;;;;;;;;;;;;;;Smärta
Social ångest;1;100;;0;0;;;0;0;0;;0;;;;0;;0;0;;;;;;;;;;52;100;Social ångest
Ensam/ledsen;;;;;;;;;;;;;;;;;;;;;;;;;;;;;;;Ensam/ledsen
Trött;1;17;;20;63;;;0;0;0;;0;;;;0;;0;0;;;;;;;;;;50;50;Trött
Stressad;1;0;;0;0;;;0;21;0;;0;;;;0;;44;35;;;;;;;;;;49;71;Stressad
Uttråkad;1;0;;44;0;;;0;0;28;;0;;;;0;;28;0;;;;;;;;;;40;91;Uttråkad
Arg;1;0;;0;30;;;0;0;0;;0;;;;0;;35;35;;;;;;;;;;49;68;Arg
SUMMA;;;0;64;227;0;0;37;51;50;0;0;0;0;0;36;0;180;133;0;0;0;70;0;14;14;82;75;;;
;;;;;;;;;;;;;;;;;;;;;;;;;;;;;;;
;Obs: följ en rad högerut för att se vad problemet ORSAKAS av;;;;;;;;;;;;;;;;;;;;;;;;;;;;;;
;Följ en kolumn neråt för att se vad problemen i översta raden LEDER TILL;;;;;;;;;;;;;;;;;;;;;;;;;;;;;;
