﻿641859;;Unkn;Äter mindre;Tränar inte;Somnar sent;Vilar;Bråkar;Sjukdomsoro;Fokuserar inte;Sociala medier;Stannar hemma;Skjuter upp;Alkohol/droger;Självskadar;Självmordstankar;Äter mer;Tvångar;Ältar;Oro;Flashbacks;Panikångest;Smärta;Social ångest;Ensam/ledsen;Trött;Stressad;Uttråkad;Arg;Modify?;Painful?;
;Relev?;;;;1;;1;;;;;;;;;;;1;1;1;1;1;1;;1;;1;1;;;
Äter mindre;;;;;;;;;;;;;;;;;;;;;;;;;;;;;;;Äter mindre
Tränar inte;;;;;;;;;;;;;;;;;;;;;;;;;;;;;;;Tränar inte
Somnar sent;1;33;;;;;34;;;;;;;;;;;0;33;0;0;0;0;;0;;0;0;100;71;Somnar sent
Vilar;;;;;;;;;;;;;;;;;;;;;;;;;;;;;;;Vilar
Bråkar;1;100;;;0;;;;;;;;;;;;;0;0;0;0;0;0;;0;;0;0;81;95;Bråkar
Sjukdomsoro;;;;;;;;;;;;;;;;;;;;;;;;;;;;;;;Sjukdomsoro
Fokuserar inte;;;;;;;;;;;;;;;;;;;;;;;;;;;;;;;Fokuserar inte
Sociala medier;;;;;;;;;;;;;;;;;;;;;;;;;;;;;;;Sociala medier
Stannar hemma;;;;;;;;;;;;;;;;;;;;;;;;;;;;;;;Stannar hemma
Skjuter upp;;;;;;;;;;;;;;;;;;;;;;;;;;;;;;;Skjuter upp
Alkohol/droger;;;;;;;;;;;;;;;;;;;;;;;;;;;;;;;Alkohol/droger
Självskadar;;;;;;;;;;;;;;;;;;;;;;;;;;;;;;;Självskadar
Självmordstankar;;;;;;;;;;;;;;;;;;;;;;;;;;;;;;;Självmordstankar
Äter mer;;;;;;;;;;;;;;;;;;;;;;;;;;;;;;;Äter mer
Tvångar;;;;;;;;;;;;;;;;;;;;;;;;;;;;;;;Tvångar
Ältar;1;0;;;0;;33;;;;;;;;;;;;33;34;0;0;0;;0;;0;0;100;90;Ältar
Oro;1;0;;;0;;30;;;;;;;;;;;0;;36;34;0;0;;0;;0;0;100;96;Oro
Flashbacks;1;0;;;0;;35;;;;;;;;;;;37;28;;;;;;;;;;100;85;Flashbacks
Panikångest;1;0;;;0;;48;;;;;;;;;;;33;19;;;;;;;;;;100;77;Panikångest
Smärta;1;0;;;0;;50;;;;;;;;;;;26;24;;;;;;;;;;100;90;Smärta
Social ångest;1;100;;;0;;0;;;;;;;;;;;0;0;;;;;;;;;;82;98;Social ångest
Ensam/ledsen;;;;;;;;;;;;;;;;;;;;;;;;;;;;;;;Ensam/ledsen
Trött;1;0;;;0;;38;;;;;;;;;;;34;28;;;;;;;;;;100;82;Trött
Stressad;;;;;;;;;;;;;;;;;;;;;;;;;;;;;;;Stressad
Uttråkad;1;100;;;0;;0;;;;;;;;;;;0;0;;;;;;;;;;85;80;Uttråkad
Arg;1;100;;;0;;0;;;;;;;;;;;0;0;;;;;;;;;;100;82;Arg
SUMMA;;;0;0;0;0;268;0;0;0;0;0;0;0;0;0;0;130;165;70;34;0;0;0;0;0;0;0;;;
;;;;;;;;;;;;;;;;;;;;;;;;;;;;;;;
;Obs: följ en rad högerut för att se vad problemet ORSAKAS av;;;;;;;;;;;;;;;;;;;;;;;;;;;;;;
;Följ en kolumn neråt för att se vad problemen i översta raden LEDER TILL;;;;;;;;;;;;;;;;;;;;;;;;;;;;;;
