﻿644954;;Unkn;Äter mindre;Tränar inte;Somnar sent;Vilar;Bråkar;Sjukdomsoro;Fokuserar inte;Sociala medier;Stannar hemma;Skjuter upp;Alkohol/droger;Självskadar;Självmordstankar;Äter mer;Tvångar;Ältar;Orostankar;Flashbacks;Panikångest;Smärta;Social ångest;Ensam/ledsen;Trött;Stressad;Uttråkad;Arg;Modify?;Painful?;
;Relev?;;1;1;1;;1;;1;1;;;;;;;;1;1;1;1;1;1;;1;1;;1;;;
Äter mindre;1;23;;0;0;;0;;0;0;;;;;;;;0;0;0;39;0;38;;0;0;;0;50;0;Äter mindre
Tränar inte;1;51;0;;0;;0;;0;0;;;;;;;;0;0;0;0;0;0;;49;0;;0;10;8;Tränar inte
Somnar sent;1;17;0;0;;;0;;0;0;;;;;;;;0;0;68;0;15;0;;0;0;;0;4;94;Somnar sent
Vilar;;;;;;;;;;;;;;;;;;;;;;;;;;;;;;;Vilar
Bråkar;1;0;0;0;0;;;;0;0;;;;;;;;0;0;0;0;0;0;;100;0;;0;63;95;Bråkar
Sjukdomstankar;;;;;;;;;;;;;;;;;;;;;;;;;;;;;;;Sjukdomsoro
Fokuserar inte;1;35;0;0;0;;0;;;0;;;;;;;;0;0;0;16;0;24;;0;25;;0;0;78;Fokuserar inte
Sociala medier;1;15;0;0;0;;0;;33;;;;;;;;;0;36;0;0;0;0;;16;0;;0;79;8;Sociala medier
Stannar hemma;;;;;;;;;;;;;;;;;;;;;;;;;;;;;;;Stannar hemma
Skjuter upp;;;;;;;;;;;;;;;;;;;;;;;;;;;;;;;Skjuter upp
Alkohol/droger;;;;;;;;;;;;;;;;;;;;;;;;;;;;;;;Alkohol/droger
Självskadar;;;;;;;;;;;;;;;;;;;;;;;;;;;;;;;Självskadar
Självmordstankar;;;;;;;;;;;;;;;;;;;;;;;;;;;;;;;Självmordstankar
Äter mer;;;;;;;;;;;;;;;;;;;;;;;;;;;;;;;Äter mer
Tvångar;;;;;;;;;;;;;;;;;;;;;;;;;;;;;;;Tvångar
Ältar;1;32;0;0;0;;0;;55;0;;;;;;;;;0;13;0;0;0;;0;0;;0;20;78;Ältar
Orostankar;1;54;0;0;0;;15;;16;0;;;;;;;;0;;15;0;0;0;;0;0;;0;7;81;Oro
Flashbacks;1;70;0;0;5;;0;;0;0;;;;;;;;13;12;;;;;;;;;;0;93;Flashbacks
Panikångest;1;0;0;0;0;;0;;0;0;;;;;;;;0;100;;;;;;;;;;8;80;Panikångest
Smärta;1;100;0;0;0;;0;;0;0;;;;;;;;0;0;;;;;;;;;;0;67;Smärta
Social ångest;1;100;0;0;0;;0;;0;0;;;;;;;;0;0;;;;;;;;;;51;91;Social ångest
Ensam/ledsen;;;;;;;;;;;;;;;;;;;;;;;;;;;;;;;Ensam/ledsen
Trött;1;100;0;0;0;;0;;0;0;;;;;;;;0;0;;;;;;;;;;0;100;Trött
Stressad;1;100;0;0;0;;0;;0;0;;;;;;;;0;0;;;;;;;;;;0;80;Stressad
Uttråkad;;;;;;;;;;;;;;;;;;;;;;;;;;;;;;;Uttråkad
Arg;1;100;0;0;0;;0;;0;0;;;;;;;;0;0;;;;;;;;;;50;73;Arg
SUMMA;;;0;0;5;0;15;0;104;0;0;0;0;0;0;0;0;13;148;96;55;15;62;0;165;25;0;0;;;
;;;;;;;;;;;;;;;;;;;;;;;;;;;;;;;
;Obs: följ en rad högerut för att se vad problemet ORSAKAS av;;;;;;;;;;;;;;;;;;;;;;;;;;;;;;
;Följ en kolumn neråt för att se vad problemen i översta raden LEDER TILL;;;;;;;;;;;;;;;;;;;;;;;;;;;;;;
