﻿654053;;Unkn;Äter mindre;Tränar inte;Somnar sent;Vilar;Bråkar;Sjukdomsoro;Fokuserar inte;Sociala medier;Stannar hemma;Skjuter upp;Alkohol/droger;Självskadar;Självmordstankar;Äter mer;Tvångar;Ältar;Oro;Flashbacks;Panikångest;Smärta;Social ångest;Ensam/ledsen;Trött;Stressad;Uttråkad;Arg;Modify?;Painful?;
;Relev?;;1;1;1;1;;1;1;;;1;;;;;1;;;;;;;;;1;;1;;;
Äter mindre;1;100;;0;0;0;;0;0;;;0;;;;;0;;;;;;;;;0;;0;70;95;Äter mindre
Tränar inte;1;0;34;;66;0;;0;0;;;0;;;;;0;;;;;;;;;0;;0;64;9;Tränar inte
Somnar sent;1;0;0;0;;0;;0;0;;;0;;;;;0;;;;;;;;;100;;0;58;70;Somnar sent
Vilar;1;100;0;0;0;;;0;0;;;0;;;;;0;;;;;;;;;0;;0;92;5;Vilar
Bråkar;;;;;;;;;;;;;;;;;;;;;;;;;;;;;;;Bråkar
Sjukdomsoro;1;94;0;0;0;0;;;0;;;0;;;;;0;;;;;;;;;6;;0;69;51;Sjukdomsoro
Fokuserar inte;1;19;0;0;0;0;;0;;;;0;;;;;0;;;;;;;;;81;;0;69;40;Fokuserar inte
Sociala medier;;;;;;;;;;;;;;;;;;;;;;;;;;;;;;;Sociala medier
Stannar hemma;;;;;;;;;;;;;;;;;;;;;;;;;;;;;;;Stannar hemma
Skjuter upp;1;34;0;0;0;0;;0;0;;;;;;;;0;;;;;;;;;66;;0;65;39;Skjuter upp
Alkohol/droger;;;;;;;;;;;;;;;;;;;;;;;;;;;;;;;Alkohol/droger
Självskadar;;;;;;;;;;;;;;;;;;;;;;;;;;;;;;;Självskadar
Självmordstankar;;;;;;;;;;;;;;;;;;;;;;;;;;;;;;;Självmordstankar
Äter mer;;;;;;;;;;;;;;;;;;;;;;;;;;;;;;;Äter mer
Tvångar;1;67;0;0;0;0;;16;0;;;0;;;;;;;;;;;;;;17;;0;71;18;Tvångar
Ältar;;;;;;;;;;;;;;;;;;;;;;;;;;;;;;;Ältar
Oro;;;;;;;;;;;;;;;;;;;;;;;;;;;;;;;Oro
Flashbacks;;;;;;;;;;;;;;;;;;;;;;;;;;;;;;;Flashbacks
Panikångest;;;;;;;;;;;;;;;;;;;;;;;;;;;;;;;Panikångest
Smärta;;;;;;;;;;;;;;;;;;;;;;;;;;;;;;;Smärta
Social ångest;;;;;;;;;;;;;;;;;;;;;;;;;;;;;;;Social ångest
Ensam/ledsen;;;;;;;;;;;;;;;;;;;;;;;;;;;;;;;Ensam/ledsen
Trött;;;;;;;;;;;;;;;;;;;;;;;;;;;;;;;Trött
Stressad;1;100;0;0;0;0;;0;0;;;0;;;;;0;;;;;;;;;;;;34;94;Stressad
Uttråkad;;;;;;;;;;;;;;;;;;;;;;;;;;;;;;;Uttråkad
Arg;1;100;0;0;0;0;;0;0;;;0;;;;;0;;;;;;;;;;;;76;12;Arg
SUMMA;;;34;0;66;0;0;16;0;0;0;0;0;0;0;0;0;0;0;0;0;0;0;0;0;270;0;0;;;
;;;;;;;;;;;;;;;;;;;;;;;;;;;;;;;
;Obs: följ en rad högerut för att se vad problemet ORSAKAS av;;;;;;;;;;;;;;;;;;;;;;;;;;;;;;
;Följ en kolumn neråt för att se vad problemen i översta raden LEDER TILL;;;;;;;;;;;;;;;;;;;;;;;;;;;;;;
