﻿657414;;Unkn;Äter mindre;Tränar inte;Somnar sent;Vilar;Bråkar;Sjukdomsoro;Fokuserar inte;Sociala medier;Stannar hemma;Skjuter upp;Alkohol/droger;Självskadar;Självmordstankar;Äter mer;Tvångar;Ältar;Oro;Flashbacks;Panikångest;Smärta;Social ångest;Ensam/ledsen;Trött;Stressad;Uttråkad;Arg;Modify?;Painful?;
;Relev?;;;1;;1;1;;;1;1;1;;;;1;;1;1;;;;;1;1;1;1;1;;;
Äter mindre;;;;;;;;;;;;;;;;;;;;;;;;;;;;;;;Äter mindre
Tränar inte;1;0;;;;70;0;;;30;0;0;;;;0;;0;0;;;;;0;0;0;0;0;80;50;Tränar inte
Somnar sent;;;;;;;;;;;;;;;;;;;;;;;;;;;;;;;Somnar sent
Vilar;1;100;;0;;;0;;;0;0;0;;;;0;;0;0;;;;;0;0;0;0;0;80;10;Vilar
Bråkar;1;100;;0;;0;;;;0;0;0;;;;0;;0;0;;;;;0;0;0;0;0;50;20;Bråkar
Sjukdomsoro;;;;;;;;;;;;;;;;;;;;;;;;;;;;;;;Sjukdomsoro
Fokuserar inte;;;;;;;;;;;;;;;;;;;;;;;;;;;;;;;Fokuserar inte
Sociala medier;1;0;;0;;0;0;;;;0;0;;;;0;;70;30;;;;;0;0;0;0;0;80;21;Sociala medier
Stannar hemma;1;100;;0;;0;0;;;0;;0;;;;0;;0;0;;;;;0;0;0;0;0;80;30;Stannar hemma
Skjuter upp;1;0;;0;;51;0;;;49;0;;;;;0;;0;0;;;;;0;0;0;0;0;80;33;Skjuter upp
Alkohol/droger;;;;;;;;;;;;;;;;;;;;;;;;;;;;;;;Alkohol/droger
Självskadar;;;;;;;;;;;;;;;;;;;;;;;;;;;;;;;Självskadar
Självmordstankar;;;;;;;;;;;;;;;;;;;;;;;;;;;;;;;Självmordstankar
Äter mer;1;0;;0;;0;0;;;0;0;0;;;;;;50;50;;;;;0;0;0;0;0;80;80;Äter mer
Tvångar;;;;;;;;;;;;;;;;;;;;;;;;;;;;;;;Tvångar
Ältar;1;100;;0;;0;0;;;0;0;0;;;;0;;;0;;;;;0;0;0;0;0;80;79;Ältar
Oro;1;100;;0;;0;0;;;0;0;0;;;;0;;0;;;;;;0;0;0;0;0;80;47;Oro
Flashbacks;;;;;;;;;;;;;;;;;;;;;;;;;;;;;;;Flashbacks
Panikångest;;;;;;;;;;;;;;;;;;;;;;;;;;;;;;;Panikångest
Smärta;;;;;;;;;;;;;;;;;;;;;;;;;;;;;;;Smärta
Social ångest;;;;;;;;;;;;;;;;;;;;;;;;;;;;;;;Social ångest
Ensam/ledsen;1;0;;0;;0;50;;;50;0;0;;;;0;;0;0;;;;;;;;;;50;50;Ensam/ledsen
Trött;1;100;;0;;0;0;;;0;0;0;;;;0;;0;0;;;;;;;;;;51;18;Trött
Stressad;1;100;;0;;0;0;;;0;0;0;;;;0;;0;0;;;;;;;;;;52;17;Stressad
Uttråkad;1;100;;0;;0;0;;;0;0;0;;;;0;;0;0;;;;;;;;;;50;17;Uttråkad
Arg;1;100;;0;;0;0;;;0;0;0;;;;0;;0;0;;;;;;;;;;49;19;Arg
SUMMA;;;0;0;0;121;50;0;0;129;0;0;0;0;0;0;0;120;80;0;0;0;0;0;0;0;0;0;;;
;;;;;;;;;;;;;;;;;;;;;;;;;;;;;;;
;Obs: följ en rad högerut för att se vad problemet ORSAKAS av;;;;;;;;;;;;;;;;;;;;;;;;;;;;;;
;Följ en kolumn neråt för att se vad problemen i översta raden LEDER TILL;;;;;;;;;;;;;;;;;;;;;;;;;;;;;;
