﻿663661;;Unkn;Äter mindre;Tränar inte;Somnar sent;Vilar;Bråkar;Sjukdomsoro;Fokuserar inte;Sociala medier;Stannar hemma;Skjuter upp;Alkohol/droger;Självskadar;Självmordstankar;Äter mer;Tvångar;Ältar;Orostankar;Flashbacks;Panikångest;Smärta;Social ångest;Ensam/ledsen;Trött;Stressad;Uttråkad;Arg;Modify?;Painful?;
;Relev?;;;;;1;;;;;;1;;;1;;;1;1;1;1;1;;1;1;;1;;;;
Äter mindre;;;;;;;;;;;;;;;;;;;;;;;;;;;;;;;Äter mindre
Tränar inte;;;;;;;;;;;;;;;;;;;;;;;;;;;;;;;Tränar inte
Somnar sent;;;;;;;;;;;;;;;;;;;;;;;;;;;;;;;Somnar sent
Vilar;1;0;;;;;;;;;;0;;;25;;;0;0;0;0;38;;0;37;;0;;6;52;Vilar
Bråkar;;;;;;;;;;;;;;;;;;;;;;;;;;;;;;;Bråkar
Sjukdomstankar;;;;;;;;;;;;;;;;;;;;;;;;;;;;;;;Sjukdomsoro
Fokuserar inte;;;;;;;;;;;;;;;;;;;;;;;;;;;;;;;Fokuserar inte
Sociala medier;;;;;;;;;;;;;;;;;;;;;;;;;;;;;;;Sociala medier
Stannar hemma;;;;;;;;;;;;;;;;;;;;;;;;;;;;;;;Stannar hemma
Skjuter upp;1;0;;;;0;;;;;;;;;0;;;0;52;0;23;0;;25;0;;0;;48;100;Skjuter upp
Alkohol/droger;;;;;;;;;;;;;;;;;;;;;;;;;;;;;;;Alkohol/droger
Självskadar;;;;;;;;;;;;;;;;;;;;;;;;;;;;;;;Självskadar
Självmordstankar;1;0;;;;0;;;;;;0;;;;;;0;71;0;0;0;;19;10;;0;;21;99;Självmordstankar
Äter mer;;;;;;;;;;;;;;;;;;;;;;;;;;;;;;;Äter mer
Tvångar;;;;;;;;;;;;;;;;;;;;;;;;;;;;;;;Tvångar
Ältar;1;0;;;;0;;;;;;26;;;0;;;;60;0;0;0;;0;14;;0;;29;88;Ältar
Orostankar;1;100;;;;0;;;;;;0;;;0;;;0;;0;0;0;;0;0;;0;;28;100;Oro
Flashbacks;1;52;;;;0;;;;;;0;;;31;;;0;17;;;;;;;;;;52;100;Flashbacks
Panikångest;1;19;;;;0;;;;;;31;;;0;;;0;50;;;;;;;;;;51;79;Panikångest
Smärta;1;31;;;;0;;;;;;21;;;0;;;0;48;;;;;;;;;;10;57;Smärta
Social ångest;;;;;;;;;;;;;;;;;;;;;;;;;;;;;;;Social ångest
Ensam/ledsen;1;44;;;;0;;;;;;0;;;20;;;0;36;;;;;;;;;;11;81;Ensam/ledsen
Trött;1;58;;;;0;;;;;;0;;;0;;;0;42;;;;;;;;;;4;100;Trött
Stressad;;;;;;;;;;;;;;;;;;;;;;;;;;;;;;;Stressad
Uttråkad;1;21;;;;0;;;;;;14;;;0;;;50;15;;;;;;;;;;25;71;Uttråkad
Arg;;;;;;;;;;;;;;;;;;;;;;;;;;;;;;;Arg
SUMMA;;;0;0;0;0;0;0;0;0;0;92;0;0;76;0;0;50;391;0;23;38;0;44;61;0;0;0;;;
;;;;;;;;;;;;;;;;;;;;;;;;;;;;;;;
;Obs: följ en rad högerut för att se vad problemet ORSAKAS av;;;;;;;;;;;;;;;;;;;;;;;;;;;;;;
;Följ en kolumn neråt för att se vad problemen i översta raden LEDER TILL;;;;;;;;;;;;;;;;;;;;;;;;;;;;;;
