﻿664607;;Unkn;Äter mindre;Tränar inte;Somnar sent;Vilar;Bråkar;Sjukdomsoro;Fokuserar inte;Sociala medier;Stannar hemma;Skjuter upp;Alkohol/droger;Självskadar;Självmordstankar;Äter mer;Tvångar;Ältar;Orostankar;Flashbacks;Panikångest;Smärta;Social ångest;Ensam/ledsen;Trött;Stressad;Uttråkad;Arg;Modify?;Painful?;
;Relev?;;;1;;;;;1;;;;;;;1;;1;1;1;;;1;1;1;1;1;;;;
Äter mindre;;;;;;;;;;;;;;;;;;;;;;;;;;;;;;;Äter mindre
Tränar inte;1;0;;;;;;;0;;;;;;;57;;0;0;0;;;10;33;0;0;0;;58;73;Tränar inte
Somnar sent;;;;;;;;;;;;;;;;;;;;;;;;;;;;;;;Somnar sent
Vilar;;;;;;;;;;;;;;;;;;;;;;;;;;;;;;;Vilar
Bråkar;;;;;;;;;;;;;;;;;;;;;;;;;;;;;;;Bråkar
Sjukdomstankar;;;;;;;;;;;;;;;;;;;;;;;;;;;;;;;Sjukdomsoro
Fokuserar inte;1;0;;0;;;;;;;;;;;;51;;27;0;0;;;22;0;0;0;0;;47;76;Fokuserar inte
Sociala medier;;;;;;;;;;;;;;;;;;;;;;;;;;;;;;;Sociala medier
Stannar hemma;;;;;;;;;;;;;;;;;;;;;;;;;;;;;;;Stannar hemma
Skjuter upp;;;;;;;;;;;;;;;;;;;;;;;;;;;;;;;Skjuter upp
Alkohol/droger;;;;;;;;;;;;;;;;;;;;;;;;;;;;;;;Alkohol/droger
Självskadar;;;;;;;;;;;;;;;;;;;;;;;;;;;;;;;Självskadar
Självmordstankar;;;;;;;;;;;;;;;;;;;;;;;;;;;;;;;Självmordstankar
Äter mer;1;0;;0;;;;;29;;;;;;;;;0;0;0;;;0;34;0;0;37;;58;29;Äter mer
Tvångar;;;;;;;;;;;;;;;;;;;;;;;;;;;;;;;Tvångar
Ältar;1;0;;0;;;;;0;;;;;;;0;;;50;38;;;0;0;0;0;12;;61;74;Ältar
Orostankar;1;0;;0;;;;;19;;;;;;;0;;39;;0;;;42;0;0;0;0;;50;73;Oro
Flashbacks;1;0;;0;;;;;24;;;;;;;0;;33;43;;;;;;;;;;50;73;Flashbacks
Panikångest;;;;;;;;;;;;;;;;;;;;;;;;;;;;;;;Panikångest
Smärta;;;;;;;;;;;;;;;;;;;;;;;;;;;;;;;Smärta
Social ångest;1;0;;0;;;;;0;;;;;;;20;;59;21;;;;;;;;;;63;69;Social ångest
Ensam/ledsen;1;0;;29;;;;;0;;;;;;;29;;42;0;;;;;;;;;;35;76;Ensam/ledsen
Trött;1;0;;44;;;;;31;;;;;;;25;;0;0;;;;;;;;;;70;53;Trött
Stressad;1;7;;28;;;;;38;;;;;;;27;;0;0;;;;;;;;;;37;49;Stressad
Uttråkad;1;0;;23;;;;;44;;;;;;;0;;33;0;;;;;;;;;;38;75;Uttråkad
Arg;;;;;;;;;;;;;;;;;;;;;;;;;;;;;;;Arg
SUMMA;;;0;124;0;0;0;0;185;0;0;0;0;0;0;209;0;233;114;38;0;0;74;67;0;0;49;0;;;
;;;;;;;;;;;;;;;;;;;;;;;;;;;;;;;
;Obs: följ en rad högerut för att se vad problemet ORSAKAS av;;;;;;;;;;;;;;;;;;;;;;;;;;;;;;
;Följ en kolumn neråt för att se vad problemen i översta raden LEDER TILL;;;;;;;;;;;;;;;;;;;;;;;;;;;;;;
