﻿667788;;Unkn;Äter mindre;Tränar inte;Somnar sent;Vilar;Bråkar;Sjukdomsoro;Fokuserar inte;Sociala medier;Stannar hemma;Skjuter upp;Alkohol/droger;Självskadar;Självmordstankar;Äter mer;Tvångar;Ältar;Oro;Flashbacks;Panikångest;Smärta;Social ångest;Ensam/ledsen;Trött;Stressad;Uttråkad;Arg;Modify?;Painful?;
;Relev?;;;1;;;;1;;;;;1;;;1;;;1;;1;1;;1;1;;1;1;;;
Äter mindre;;;;;;;;;;;;;;;;;;;;;;;;;;;;;;;Äter mindre
Tränar inte;1;0;;;;;;20;;;;;0;;;0;;;0;;0;0;;0;80;;0;0;30;20;Tränar inte
Somnar sent;;;;;;;;;;;;;;;;;;;;;;;;;;;;;;;Somnar sent
Vilar;;;;;;;;;;;;;;;;;;;;;;;;;;;;;;;Vilar
Bråkar;;;;;;;;;;;;;;;;;;;;;;;;;;;;;;;Bråkar
Sjukdomsoro;1;0;;0;;;;;;;;;0;;;0;;;75;;0;0;;0;25;;0;0;9;100;Sjukdomsoro
Fokuserar inte;;;;;;;;;;;;;;;;;;;;;;;;;;;;;;;Fokuserar inte
Sociala medier;;;;;;;;;;;;;;;;;;;;;;;;;;;;;;;Sociala medier
Stannar hemma;;;;;;;;;;;;;;;;;;;;;;;;;;;;;;;Stannar hemma
Skjuter upp;;;;;;;;;;;;;;;;;;;;;;;;;;;;;;;Skjuter upp
Alkohol/droger;1;0;;0;;;;15;;;;;;;;0;;;17;;68;0;;0;0;;0;0;49;1;Alkohol/droger
Självskadar;;;;;;;;;;;;;;;;;;;;;;;;;;;;;;;Självskadar
Självmordstankar;;;;;;;;;;;;;;;;;;;;;;;;;;;;;;;Självmordstankar
Äter mer;1;0;;0;;;;50;;;;;0;;;;;;50;;0;0;;0;0;;0;0;64;62;Äter mer
Tvångar;;;;;;;;;;;;;;;;;;;;;;;;;;;;;;;Tvångar
Ältar;;;;;;;;;;;;;;;;;;;;;;;;;;;;;;;Ältar
Oro;1;0;;0;;;;100;;;;;0;;;0;;;;;0;0;;0;0;;0;0;4;100;Oro
Flashbacks;;;;;;;;;;;;;;;;;;;;;;;;;;;;;;;Flashbacks
Panikångest;1;0;;0;;;;100;;;;;0;;;0;;;0;;;;;;;;;;0;100;Panikångest
Smärta;1;0;;0;;;;50;;;;;0;;;0;;;50;;;;;;;;;;0;66;Smärta
Social ångest;;;;;;;;;;;;;;;;;;;;;;;;;;;;;;;Social ångest
Ensam/ledsen;1;0;;0;;;;50;;;;;0;;;0;;;50;;;;;;;;;;17;54;Ensam/ledsen
Trött;1;56;;0;;;;44;;;;;0;;;0;;;0;;;;;;;;;;0;83;Trött
Stressad;;;;;;;;;;;;;;;;;;;;;;;;;;;;;;;Stressad
Uttråkad;1;0;;0;;;;50;;;;;0;;;0;;;50;;;;;;;;;;21;41;Uttråkad
Arg;1;0;;0;;;;50;;;;;0;;;0;;;50;;;;;;;;;;29;31;Arg
SUMMA;;;0;0;0;0;0;529;0;0;0;0;0;0;0;0;0;0;342;0;68;0;0;0;105;0;0;0;;;
;;;;;;;;;;;;;;;;;;;;;;;;;;;;;;;
;Obs: följ en rad högerut för att se vad problemet ORSAKAS av;;;;;;;;;;;;;;;;;;;;;;;;;;;;;;
;Följ en kolumn neråt för att se vad problemen i översta raden LEDER TILL;;;;;;;;;;;;;;;;;;;;;;;;;;;;;;
