﻿670674;;Unkn;Äter mindre;Tränar inte;Somnar sent;Vilar;Bråkar;Sjukdomsoro;Fokuserar inte;Sociala medier;Stannar hemma;Skjuter upp;Alkohol/droger;Självskadar;Självmordstankar;Äter mer;Tvångar;Ältar;Oro;Flashbacks;Panikångest;Smärta;Social ångest;Ensam/ledsen;Trött;Stressad;Uttråkad;Arg;Modify?;Painful?;
;Relev?;;;;1;1;;1;;1;;1;;;;1;;1;1;1;;1;1;1;;1;1;1;;;
Äter mindre;;;;;;;;;;;;;;;;;;;;;;;;;;;;;;;Äter mindre
Tränar inte;;;;;;;;;;;;;;;;;;;;;;;;;;;;;;;Tränar inte
Somnar sent;1;0;;;;0;;0;;66;;24;;;;0;;0;0;10;;0;0;0;;0;0;0;69;58;Somnar sent
Vilar;1;0;;;10;;;0;;61;;29;;;;0;;0;0;0;;0;0;0;;0;0;0;92;90;Vilar
Bråkar;;;;;;;;;;;;;;;;;;;;;;;;;;;;;;;Bråkar
Sjukdomsoro;1;0;;;0;0;;;;0;;0;;;;0;;0;0;0;;100;0;0;;0;0;0;81;35;Sjukdomsoro
Fokuserar inte;;;;;;;;;;;;;;;;;;;;;;;;;;;;;;;Fokuserar inte
Sociala medier;1;0;;;0;0;;0;;;;100;;;;0;;0;0;0;;0;0;0;;0;0;0;15;100;Sociala medier
Stannar hemma;;;;;;;;;;;;;;;;;;;;;;;;;;;;;;;Stannar hemma
Skjuter upp;1;1;;;0;0;;0;;99;;;;;;0;;0;0;0;;0;0;0;;0;0;0;25;100;Skjuter upp
Alkohol/droger;;;;;;;;;;;;;;;;;;;;;;;;;;;;;;;Alkohol/droger
Självskadar;;;;;;;;;;;;;;;;;;;;;;;;;;;;;;;Självskadar
Självmordstankar;;;;;;;;;;;;;;;;;;;;;;;;;;;;;;;Självmordstankar
Äter mer;1;0;;;0;0;;0;;0;;0;;;;;;0;0;0;;0;0;100;;0;0;0;82;22;Äter mer
Tvångar;;;;;;;;;;;;;;;;;;;;;;;;;;;;;;;Tvångar
Ältar;1;4;;;0;0;;0;;84;;0;;;;0;;;0;12;;0;0;0;;0;0;0;32;31;Ältar
Oro;1;100;;;0;0;;0;;0;;0;;;;0;;0;;0;;0;0;0;;0;0;0;62;35;Oro
Flashbacks;1;50;;;0;0;;0;;0;;0;;;;0;;22;28;;;;;;;;;;61;73;Flashbacks
Panikångest;;;;;;;;;;;;;;;;;;;;;;;;;;;;;;;Panikångest
Smärta;1;74;;;0;0;;0;;21;;5;;;;0;;0;0;;;;;;;;;;45;95;Smärta
Social ångest;1;83;;;0;0;;0;;0;;8;;;;0;;0;9;;;;;;;;;;20;60;Social ångest
Ensam/ledsen;1;60;;;0;0;;0;;0;;20;;;;0;;9;11;;;;;;;;;;86;79;Ensam/ledsen
Trött;;;;;;;;;;;;;;;;;;;;;;;;;;;;;;;Trött
Stressad;1;100;;;0;0;;0;;0;;0;;;;0;;0;0;;;;;;;;;;59;54;Stressad
Uttråkad;1;77;;;0;0;;0;;9;;7;;;;0;;0;7;;;;;;;;;;85;19;Uttråkad
Arg;1;82;;;0;0;;10;;4;;4;;;;0;;0;0;;;;;;;;;;24;10;Arg
SUMMA;;;0;0;10;0;0;10;0;344;0;197;0;0;0;0;0;31;55;22;0;100;0;100;0;0;0;0;;;
;;;;;;;;;;;;;;;;;;;;;;;;;;;;;;;
;Obs: följ en rad högerut för att se vad problemet ORSAKAS av;;;;;;;;;;;;;;;;;;;;;;;;;;;;;;
;Följ en kolumn neråt för att se vad problemen i översta raden LEDER TILL;;;;;;;;;;;;;;;;;;;;;;;;;;;;;;
