﻿672865;;Unkn;Äter mindre;Tränar inte;Somnar sent;Vilar;Bråkar;Sjukdomsoro;Fokuserar inte;Sociala medier;Stannar hemma;Skjuter upp;Alkohol/droger;Självskadar;Självmordstankar;Äter mer;Tvångar;Ältar;Orostankar;Flashbacks;Panikångest;Smärta;Social ångest;Ensam/ledsen;Trött;Stressad;Uttråkad;Arg;Modify?;Painful?;
;Relev?;;1;1;;1;;;;1;1;1;;;;1;;;1;;;1;1;;1;;1;1;;;
Äter mindre;1;20;;0;;10;;;;60;0;0;;;;0;;;10;;;0;0;;0;;0;0;75;30;Äter mindre
Tränar inte;1;0;0;;;0;;;;0;0;0;;;;0;;;50;;;0;50;;0;;0;0;70;80;Tränar inte
Somnar sent;;;;;;;;;;;;;;;;;;;;;;;;;;;;;;;Somnar sent
Vilar;1;20;0;0;;;;;;0;0;0;;;;0;;;0;;;0;0;;40;;40;0;25;80;Vilar
Bråkar;;;;;;;;;;;;;;;;;;;;;;;;;;;;;;;Bråkar
Sjukdomstankar;;;;;;;;;;;;;;;;;;;;;;;;;;;;;;;Sjukdomsoro
Fokuserar inte;;;;;;;;;;;;;;;;;;;;;;;;;;;;;;;Fokuserar inte
Sociala medier;1;0;0;0;;0;;;;;0;0;;;;0;;;50;;;0;0;;0;;50;0;80;95;Sociala medier
Stannar hemma;1;0;0;0;;0;;;;0;;0;;;;0;;;0;;;50;0;;50;;0;0;65;80;Stannar hemma
Skjuter upp;1;100;0;0;;0;;;;0;0;;;;;0;;;0;;;0;0;;0;;0;0;85;95;Skjuter upp
Alkohol/droger;;;;;;;;;;;;;;;;;;;;;;;;;;;;;;;Alkohol/droger
Självskadar;;;;;;;;;;;;;;;;;;;;;;;;;;;;;;;Självskadar
Självmordstankar;;;;;;;;;;;;;;;;;;;;;;;;;;;;;;;Självmordstankar
Äter mer;1;0;0;0;;0;;;;0;0;0;;;;;;;50;;;0;0;;0;;50;0;70;100;Äter mer
Tvångar;;;;;;;;;;;;;;;;;;;;;;;;;;;;;;;Tvångar
Ältar;;;;;;;;;;;;;;;;;;;;;;;;;;;;;;;Ältar
Orostankar;1;40;0;20;;0;;;;0;20;0;;;;20;;;;;;0;0;;0;;0;0;70;90;Oro
Flashbacks;;;;;;;;;;;;;;;;;;;;;;;;;;;;;;;Flashbacks
Panikångest;;;;;;;;;;;;;;;;;;;;;;;;;;;;;;;Panikångest
Smärta;1;50;0;50;;0;;;;0;0;0;;;;0;;;0;;;;;;;;;;50;90;Smärta
Social ångest;1;100;0;0;;0;;;;0;0;0;;;;0;;;0;;;;;;;;;;50;70;Social ångest
Ensam/ledsen;;;;;;;;;;;;;;;;;;;;;;;;;;;;;;;Ensam/ledsen
Trött;1;20;40;40;;0;;;;0;0;0;;;;0;;;0;;;;;;;;;;30;100;Trött
Stressad;;;;;;;;;;;;;;;;;;;;;;;;;;;;;;;Stressad
Uttråkad;1;100;0;0;;0;;;;0;0;0;;;;0;;;0;;;;;;;;;;50;75;Uttråkad
Arg;1;20;0;0;;0;;;;0;0;40;;;;0;;;40;;;;;;;;;;50;100;Arg
SUMMA;;;40;110;0;10;0;0;0;60;20;40;0;0;0;20;0;0;200;0;0;50;50;0;90;0;140;0;;;
;;;;;;;;;;;;;;;;;;;;;;;;;;;;;;;
;Obs: följ en rad högerut för att se vad problemet ORSAKAS av;;;;;;;;;;;;;;;;;;;;;;;;;;;;;;
;Följ en kolumn neråt för att se vad problemen i översta raden LEDER TILL;;;;;;;;;;;;;;;;;;;;;;;;;;;;;;
