﻿673952;;Unkn;Äter mindre;Tränar inte;Somnar sent;Vilar;Bråkar;Sjukdomsoro;Fokuserar inte;Sociala medier;Stannar hemma;Skjuter upp;Alkohol/droger;Självskadar;Självmordstankar;Äter mer;Tvångar;Ältar;Oro;Flashbacks;Panikångest;Smärta;Social ångest;Ensam/ledsen;Trött;Stressad;Uttråkad;Arg;Modify?;Painful?;
;Relev?;;;1;1;1;;;1;1;1;;;;;1;;1;1;;1;1;1;;1;;;;;;
Äter mindre;;;;;;;;;;;;;;;;;;;;;;;;;;;;;;;Äter mindre
Tränar inte;1;44;;;0;0;;;0;0;0;;;;;0;;0;0;;0;30;0;;26;;;;100;5;Tränar inte
Somnar sent;1;65;;0;;0;;;0;0;0;;;;;0;;0;22;;0;13;0;;0;;;;5;100;Somnar sent
Vilar;1;0;;0;0;;;;0;0;0;;;;;0;;0;0;;0;0;0;;100;;;;90;14;Vilar
Bråkar;;;;;;;;;;;;;;;;;;;;;;;;;;;;;;;Bråkar
Sjukdomsoro;;;;;;;;;;;;;;;;;;;;;;;;;;;;;;;Sjukdomsoro
Fokuserar inte;1;69;;0;24;0;;;;0;0;;;;;0;;0;0;;0;0;7;;0;;;;15;100;Fokuserar inte
Sociala medier;1;100;;0;0;0;;;0;;0;;;;;0;;0;0;;0;0;0;;0;;;;100;4;Sociala medier
Stannar hemma;1;0;;0;0;0;;;0;0;;;;;;0;;0;0;;0;0;0;;100;;;;100;50;Stannar hemma
Skjuter upp;;;;;;;;;;;;;;;;;;;;;;;;;;;;;;;Skjuter upp
Alkohol/droger;;;;;;;;;;;;;;;;;;;;;;;;;;;;;;;Alkohol/droger
Självskadar;;;;;;;;;;;;;;;;;;;;;;;;;;;;;;;Självskadar
Självmordstankar;;;;;;;;;;;;;;;;;;;;;;;;;;;;;;;Självmordstankar
Äter mer;1;0;;0;0;0;;;0;0;0;;;;;;;0;22;;0;0;0;;78;;;;50;80;Äter mer
Tvångar;;;;;;;;;;;;;;;;;;;;;;;;;;;;;;;Tvångar
Ältar;1;48;;0;0;0;;;0;0;0;;;;;0;;;29;;0;0;0;;23;;;;61;67;Ältar
Oro;1;43;;0;51;0;;;0;0;0;;;;;0;;0;;;0;0;0;;6;;;;51;67;Oro
Flashbacks;;;;;;;;;;;;;;;;;;;;;;;;;;;;;;;Flashbacks
Panikångest;1;27;;0;0;0;;;36;0;0;;;;;0;;0;37;;;;;;;;;;75;20;Panikångest
Smärta;1;100;;0;0;0;;;0;0;0;;;;;0;;0;0;;;;;;;;;;1;100;Smärta
Social ångest;1;100;;0;0;0;;;0;0;0;;;;;0;;0;0;;;;;;;;;;50;80;Social ångest
Ensam/ledsen;;;;;;;;;;;;;;;;;;;;;;;;;;;;;;;Ensam/ledsen
Trött;1;0;;0;57;0;;;29;0;0;;;;;0;;0;14;;;;;;;;;;21;100;Trött
Stressad;;;;;;;;;;;;;;;;;;;;;;;;;;;;;;;Stressad
Uttråkad;;;;;;;;;;;;;;;;;;;;;;;;;;;;;;;Uttråkad
Arg;;;;;;;;;;;;;;;;;;;;;;;;;;;;;;;Arg
SUMMA;;;0;0;132;0;0;0;65;0;0;0;0;0;0;0;0;0;124;0;0;43;7;0;333;0;0;0;;;
;;;;;;;;;;;;;;;;;;;;;;;;;;;;;;;
;Obs: följ en rad högerut för att se vad problemet ORSAKAS av;;;;;;;;;;;;;;;;;;;;;;;;;;;;;;
;Följ en kolumn neråt för att se vad problemen i översta raden LEDER TILL;;;;;;;;;;;;;;;;;;;;;;;;;;;;;;
