﻿687794;;Unkn;Äter mindre;Tränar inte;Somnar sent;Vilar;Bråkar;Sjukdomsoro;Fokuserar inte;Sociala medier;Stannar hemma;Skjuter upp;Alkohol/droger;Självskadar;Självmordstankar;Äter mer;Tvångar;Ältar;Orostankar;Flashbacks;Panikångest;Smärta;Social ångest;Ensam/ledsen;Trött;Stressad;Uttråkad;Arg;Modify?;Painful?;
;Relev?;;1;;1;;;1;1;1;;1;;;;;;;1;;;1;1;1;1;1;1;1;;;
Äter mindre;1;46;;;0;;;0;0;0;;0;;;;;;;54;;;0;0;0;0;0;0;0;61;22;Äter mindre
Tränar inte;;;;;;;;;;;;;;;;;;;;;;;;;;;;;;;Tränar inte
Somnar sent;1;0;0;;;;;0;0;0;;0;;;;;;;40;;;0;0;10;0;50;0;0;68;58;Somnar sent
Vilar;;;;;;;;;;;;;;;;;;;;;;;;;;;;;;;Vilar
Bråkar;;;;;;;;;;;;;;;;;;;;;;;;;;;;;;;Bråkar
Sjukdomstankar;1;0;0;;0;;;;4;0;;0;;;;;;;0;;;0;0;0;59;37;0;0;76;40;Sjukdomsoro
Fokuserar inte;1;0;0;;0;;;0;;0;;0;;;;;;;21;;;0;0;0;33;46;0;0;67;77;Fokuserar inte
Sociala medier;1;0;0;;0;;;0;0;;;0;;;;;;;0;;;0;0;0;0;0;100;0;87;46;Sociala medier
Stannar hemma;;;;;;;;;;;;;;;;;;;;;;;;;;;;;;;Stannar hemma
Skjuter upp;1;0;0;;0;;;0;45;0;;;;;;;;;0;;;0;0;0;31;24;0;0;79;73;Skjuter upp
Alkohol/droger;;;;;;;;;;;;;;;;;;;;;;;;;;;;;;;Alkohol/droger
Självskadar;;;;;;;;;;;;;;;;;;;;;;;;;;;;;;;Självskadar
Självmordstankar;;;;;;;;;;;;;;;;;;;;;;;;;;;;;;;Självmordstankar
Äter mer;;;;;;;;;;;;;;;;;;;;;;;;;;;;;;;Äter mer
Tvångar;;;;;;;;;;;;;;;;;;;;;;;;;;;;;;;Tvångar
Ältar;;;;;;;;;;;;;;;;;;;;;;;;;;;;;;;Ältar
Orostankar;1;0;0;;0;;;0;49;0;;0;;;;;;;;;;0;0;0;0;51;0;0;82;95;Oro
Flashbacks;;;;;;;;;;;;;;;;;;;;;;;;;;;;;;;Flashbacks
Panikångest;;;;;;;;;;;;;;;;;;;;;;;;;;;;;;;Panikångest
Smärta;1;0;50;;50;;;0;0;0;;0;;;;;;;0;;;;;;;;;;91;69;Smärta
Social ångest;1;25;0;;0;;;0;40;0;;0;;;;;;;35;;;;;;;;;;79;68;Social ångest
Ensam/ledsen;1;6;0;;0;;;0;0;0;;0;;;;;;;94;;;;;;;;;;62;80;Ensam/ledsen
Trött;1;0;0;;43;;;0;57;0;;0;;;;;;;0;;;;;;;;;;65;95;Trött
Stressad;1;0;0;;0;;;0;9;0;;49;;;;;;;42;;;;;;;;;;64;96;Stressad
Uttråkad;1;0;0;;0;;;0;37;0;;63;;;;;;;0;;;;;;;;;;60;74;Uttråkad
Arg;1;0;0;;31;;;0;0;0;;0;;;;;;;69;;;;;;;;;;63;60;Arg
SUMMA;;;50;0;124;0;0;0;241;0;0;112;0;0;0;0;0;0;355;0;0;0;0;10;123;208;100;0;;;
;;;;;;;;;;;;;;;;;;;;;;;;;;;;;;;
;Obs: följ en rad högerut för att se vad problemet ORSAKAS av;;;;;;;;;;;;;;;;;;;;;;;;;;;;;;
;Följ en kolumn neråt för att se vad problemen i översta raden LEDER TILL;;;;;;;;;;;;;;;;;;;;;;;;;;;;;;
