﻿694500;;Unkn;Äter mindre;Tränar inte;Somnar sent;Vilar;Bråkar;Sjukdomsoro;Fokuserar inte;Sociala medier;Stannar hemma;Skjuter upp;Alkohol/droger;Självskadar;Självmordstankar;Äter mer;Tvångar;Ältar;Orostankar;Flashbacks;Panikångest;Smärta;Social ångest;Ensam/ledsen;Trött;Stressad;Uttråkad;Arg;Modify?;Painful?;
;Relev?;;1;1;;;;;1;;1;1;1;1;1;;1;;;1;1;;1;;1;1;1;;;;
Äter mindre;1;0;;0;;;;;5;;0;0;0;55;0;;0;;;0;0;;0;;0;40;0;;100;100;Äter mindre
Tränar inte;1;0;0;;;;;;20;;0;0;0;0;0;;0;;;0;0;;0;;40;40;0;;100;40;Tränar inte
Somnar sent;;;;;;;;;;;;;;;;;;;;;;;;;;;;;;;Somnar sent
Vilar;;;;;;;;;;;;;;;;;;;;;;;;;;;;;;;Vilar
Bråkar;;;;;;;;;;;;;;;;;;;;;;;;;;;;;;;Bråkar
Sjukdomstankar;;;;;;;;;;;;;;;;;;;;;;;;;;;;;;;Sjukdomsoro
Fokuserar inte;1;0;50;0;;;;;;;0;0;0;0;0;;0;;;0;20;;0;;0;30;0;;100;100;Fokuserar inte
Sociala medier;;;;;;;;;;;;;;;;;;;;;;;;;;;;;;;Sociala medier
Stannar hemma;1;0;0;0;;;;;0;;;0;0;0;0;;0;;;33;0;;0;;34;33;0;;100;100;Stannar hemma
Skjuter upp;1;0;0;0;;;;;35;;0;;0;0;0;;0;;;0;0;;15;;0;50;0;;100;30;Skjuter upp
Alkohol/droger;1;0;0;0;;;;;0;;0;0;;0;50;;0;;;0;25;;0;;0;25;0;;100;100;Alkohol/droger
Självskadar;1;0;0;0;;;;;0;;0;0;0;;20;;0;;;30;50;;0;;0;0;0;;100;100;Självskadar
Självmordstankar;1;0;0;0;;;;;0;;0;0;0;0;;;0;;;33;0;;0;;34;33;0;;100;100;Självmordstankar
Äter mer;;;;;;;;;;;;;;;;;;;;;;;;;;;;;;;Äter mer
Tvångar;1;0;0;0;;;;;30;;30;0;0;0;0;;;;;0;0;;0;;0;40;0;;100;50;Tvångar
Ältar;;;;;;;;;;;;;;;;;;;;;;;;;;;;;;;Ältar
Orostankar;;;;;;;;;;;;;;;;;;;;;;;;;;;;;;;Oro
Flashbacks;1;100;0;0;;;;;0;;0;0;0;0;0;;0;;;;;;;;;;;;100;100;Flashbacks
Panikångest;1;100;0;0;;;;;0;;0;0;0;0;0;;0;;;;;;;;;;;;100;100;Panikångest
Smärta;;;;;;;;;;;;;;;;;;;;;;;;;;;;;;;Smärta
Social ångest;1;100;0;0;;;;;0;;0;0;0;0;0;;0;;;;;;;;;;;;100;100;Social ångest
Ensam/ledsen;;;;;;;;;;;;;;;;;;;;;;;;;;;;;;;Ensam/ledsen
Trött;1;0;25;25;;;;;0;;50;0;0;0;0;;0;;;;;;;;;;;;100;100;Trött
Stressad;1;0;30;0;;;;;20;;50;0;0;0;0;;0;;;;;;;;;;;;100;100;Stressad
Uttråkad;1;100;0;0;;;;;0;;0;0;0;0;0;;0;;;;;;;;;;;;100;100;Uttråkad
Arg;;;;;;;;;;;;;;;;;;;;;;;;;;;;;;;Arg
SUMMA;;;105;25;0;0;0;0;110;0;130;0;0;55;70;0;0;0;0;96;95;0;15;0;108;291;0;0;;;
;;;;;;;;;;;;;;;;;;;;;;;;;;;;;;;
;Obs: följ en rad högerut för att se vad problemet ORSAKAS av;;;;;;;;;;;;;;;;;;;;;;;;;;;;;;
;Följ en kolumn neråt för att se vad problemen i översta raden LEDER TILL;;;;;;;;;;;;;;;;;;;;;;;;;;;;;;
