﻿699613;;Unkn;Äter mindre;Tränar inte;Somnar sent;Vilar;Bråkar;Sjukdomsoro;Fokuserar inte;Sociala medier;Stannar hemma;Skjuter upp;Alkohol/droger;Självskadar;Självmordstankar;Äter mer;Tvångar;Ältar;Oro;Flashbacks;Panikångest;Smärta;Social ångest;Ensam/ledsen;Trött;Stressad;Uttråkad;Arg;Modify?;Painful?;
;Relev?;;1;1;1;1;;;;;1;;;;;;;1;1;;1;;;;1;1;1;;;;
Äter mindre;1;0;;0;70;0;;;;;0;;;;;;;0;0;;0;;;;30;0;0;;90;0;Äter mindre
Tränar inte;1;0;0;;60;0;;;;;20;;;;;;;0;0;;0;;;;20;0;0;;50;70;Tränar inte
Somnar sent;1;100;0;0;;0;;;;;0;;;;;;;0;0;;0;;;;0;0;0;;30;90;Somnar sent
Vilar;1;0;0;0;50;;;;;;50;;;;;;;0;0;;0;;;;0;0;0;;50;90;Vilar
Bråkar;;;;;;;;;;;;;;;;;;;;;;;;;;;;;;;Bråkar
Sjukdomsoro;;;;;;;;;;;;;;;;;;;;;;;;;;;;;;;Sjukdomsoro
Fokuserar inte;;;;;;;;;;;;;;;;;;;;;;;;;;;;;;;Fokuserar inte
Sociala medier;;;;;;;;;;;;;;;;;;;;;;;;;;;;;;;Sociala medier
Stannar hemma;1;0;0;0;50;0;;;;;;;;;;;;0;0;;50;;;;0;0;0;;0;0;Stannar hemma
Skjuter upp;;;;;;;;;;;;;;;;;;;;;;;;;;;;;;;Skjuter upp
Alkohol/droger;;;;;;;;;;;;;;;;;;;;;;;;;;;;;;;Alkohol/droger
Självskadar;;;;;;;;;;;;;;;;;;;;;;;;;;;;;;;Självskadar
Självmordstankar;;;;;;;;;;;;;;;;;;;;;;;;;;;;;;;Självmordstankar
Äter mer;;;;;;;;;;;;;;;;;;;;;;;;;;;;;;;Äter mer
Tvångar;;;;;;;;;;;;;;;;;;;;;;;;;;;;;;;Tvångar
Ältar;1;0;0;0;0;0;;;;;0;;;;;;;;0;;50;;;;0;50;0;;100;50;Ältar
Oro;1;0;0;0;50;0;;;;;0;;;;;;;0;;;20;;;;0;30;0;;89;50;Oro
Flashbacks;;;;;;;;;;;;;;;;;;;;;;;;;;;;;;;Flashbacks
Panikångest;1;100;0;0;0;0;;;;;0;;;;;;;0;0;;;;;;;;;;90;50;Panikångest
Smärta;;;;;;;;;;;;;;;;;;;;;;;;;;;;;;;Smärta
Social ångest;;;;;;;;;;;;;;;;;;;;;;;;;;;;;;;Social ångest
Ensam/ledsen;;;;;;;;;;;;;;;;;;;;;;;;;;;;;;;Ensam/ledsen
Trött;1;0;20;0;80;0;;;;;0;;;;;;;0;0;;;;;;;;;;50;90;Trött
Stressad;1;0;0;0;70;30;;;;;0;;;;;;;0;0;;;;;;;;;;100;90;Stressad
Uttråkad;1;0;0;0;70;30;;;;;0;;;;;;;0;0;;;;;;;;;;100;90;Uttråkad
Arg;;;;;;;;;;;;;;;;;;;;;;;;;;;;;;;Arg
SUMMA;;;20;0;500;60;0;0;0;0;70;0;0;0;0;0;0;0;0;0;120;0;0;0;50;80;0;0;;;
;;;;;;;;;;;;;;;;;;;;;;;;;;;;;;;
;Obs: följ en rad högerut för att se vad problemet ORSAKAS av;;;;;;;;;;;;;;;;;;;;;;;;;;;;;;
;Följ en kolumn neråt för att se vad problemen i översta raden LEDER TILL;;;;;;;;;;;;;;;;;;;;;;;;;;;;;;
