﻿699646;;Unkn;Äter mindre;Tränar inte;Somnar sent;Vilar;Bråkar;Sjukdomsoro;Fokuserar inte;Sociala medier;Stannar hemma;Skjuter upp;Alkohol/droger;Självskadar;Självmordstankar;Äter mer;Tvångar;Ältar;Orostankar;Flashbacks;Panikångest;Smärta;Social ångest;Ensam/ledsen;Trött;Stressad;Uttråkad;Arg;Modify?;Painful?;
;Relev?;;1;;1;;;;;;1;1;;;;;1;1;1;;1;1;1;1;1;1;1;1;;;
Äter mindre;1;0;;;0;;;;;;0;0;;;;;40;0;0;;60;0;0;0;0;0;0;0;20;95;Äter mindre
Tränar inte;;;;;;;;;;;;;;;;;;;;;;;;;;;;;;;Tränar inte
Somnar sent;1;0;0;;;;;;;;0;0;;;;;50;50;0;;0;0;0;0;0;0;0;0;20;95;Somnar sent
Vilar;;;;;;;;;;;;;;;;;;;;;;;;;;;;;;;Vilar
Bråkar;;;;;;;;;;;;;;;;;;;;;;;;;;;;;;;Bråkar
Sjukdomstankar;;;;;;;;;;;;;;;;;;;;;;;;;;;;;;;Sjukdomsoro
Fokuserar inte;;;;;;;;;;;;;;;;;;;;;;;;;;;;;;;Fokuserar inte
Sociala medier;;;;;;;;;;;;;;;;;;;;;;;;;;;;;;;Sociala medier
Stannar hemma;1;0;0;;0;;;;;;;0;;;;;0;15;0;;0;0;70;0;15;0;0;0;10;5;Stannar hemma
Skjuter upp;1;0;0;;0;;;;;;0;;;;;;0;0;67;;0;0;33;0;0;0;0;0;60;10;Skjuter upp
Alkohol/droger;;;;;;;;;;;;;;;;;;;;;;;;;;;;;;;Alkohol/droger
Självskadar;;;;;;;;;;;;;;;;;;;;;;;;;;;;;;;Självskadar
Självmordstankar;;;;;;;;;;;;;;;;;;;;;;;;;;;;;;;Självmordstankar
Äter mer;;;;;;;;;;;;;;;;;;;;;;;;;;;;;;;Äter mer
Tvångar;1;0;0;;0;;;;;;0;0;;;;;;0;100;;0;0;0;0;0;0;0;0;5;80;Tvångar
Ältar;1;0;0;;0;;;;;;0;0;;;;;0;;75;;0;0;0;25;0;0;0;0;20;100;Ältar
Orostankar;1;0;0;;0;;;;;;0;0;;;;;0;34;;;0;0;33;33;0;0;0;0;0;100;Oro
Flashbacks;;;;;;;;;;;;;;;;;;;;;;;;;;;;;;;Flashbacks
Panikångest;1;0;0;;0;;;;;;0;0;;;;;0;0;100;;;;;;;;;;0;80;Panikångest
Smärta;1;0;50;;25;;;;;;0;0;;;;;0;0;25;;;;;;;;;;0;66;Smärta
Social ångest;1;0;0;;0;;;;;;0;0;;;;;0;78;22;;;;;;;;;;4;99;Social ångest
Ensam/ledsen;1;0;0;;0;;;;;;0;0;;;;;0;50;50;;;;;;;;;;2;85;Ensam/ledsen
Trött;1;0;34;;35;;;;;;0;0;;;;;0;0;31;;;;;;;;;;49;56;Trött
Stressad;1;0;0;;0;;;;;;0;0;;;;;50;50;0;;;;;;;;;;40;35;Stressad
Uttråkad;1;0;0;;34;;;;;;0;0;;;;;35;0;31;;;;;;;;;;60;55;Uttråkad
Arg;1;0;67;;33;;;;;;0;0;;;;;0;0;0;;;;;;;;;;60;55;Arg
SUMMA;;;151;0;127;0;0;0;0;0;0;0;0;0;0;0;175;277;501;0;60;0;136;58;15;0;0;0;;;
;;;;;;;;;;;;;;;;;;;;;;;;;;;;;;;
;Obs: följ en rad högerut för att se vad problemet ORSAKAS av;;;;;;;;;;;;;;;;;;;;;;;;;;;;;;
;Följ en kolumn neråt för att se vad problemen i översta raden LEDER TILL;;;;;;;;;;;;;;;;;;;;;;;;;;;;;;
