﻿699639;;Unkn;Äter mindre;Tränar inte;Somnar sent;Vilar;Bråkar;Sjukdomsoro;Fokuserar inte;Sociala medier;Stannar hemma;Skjuter upp;Alkohol/droger;Självskadar;Självmordstankar;Äter mer;Tvångar;Ältar;Oro;Flashbacks;Panikångest;Smärta;Social ångest;Ensam/ledsen;Trött;Stressad;Uttråkad;Arg;Modify?;Painful?;
;Relev?;;;1;;1;1;;1;1;;;;;;;;1;1;;;1;;;;;1;1;;;
Äter mindre;;;;;;;;;;;;;;;;;;;;;;;;;;;;;;;Äter mindre
Tränar inte;1;0;;;;0;0;;0;0;;;;;;;;0;0;;;26;;;;;74;0;100;1;Tränar inte
Somnar sent;;;;;;;;;;;;;;;;;;;;;;;;;;;;;;;Somnar sent
Vilar;1;0;;0;;;0;;30;0;;;;;;;;0;0;;;20;;;;;50;0;90;1;Vilar
Bråkar;1;0;;0;;0;;;0;0;;;;;;;;0;15;;;0;;;;;0;85;100;10;Bråkar
Sjukdomsoro;;;;;;;;;;;;;;;;;;;;;;;;;;;;;;;Sjukdomsoro
Fokuserar inte;1;0;;0;;0;0;;;0;;;;;;;;0;9;;;0;;;;;91;0;85;10;Fokuserar inte
Sociala medier;1;0;;0;;16;0;;41;;;;;;;;;0;0;;;0;;;;;43;0;100;0;Sociala medier
Stannar hemma;;;;;;;;;;;;;;;;;;;;;;;;;;;;;;;Stannar hemma
Skjuter upp;;;;;;;;;;;;;;;;;;;;;;;;;;;;;;;Skjuter upp
Alkohol/droger;;;;;;;;;;;;;;;;;;;;;;;;;;;;;;;Alkohol/droger
Självskadar;;;;;;;;;;;;;;;;;;;;;;;;;;;;;;;Självskadar
Självmordstankar;;;;;;;;;;;;;;;;;;;;;;;;;;;;;;;Självmordstankar
Äter mer;;;;;;;;;;;;;;;;;;;;;;;;;;;;;;;Äter mer
Tvångar;;;;;;;;;;;;;;;;;;;;;;;;;;;;;;;Tvångar
Ältar;1;49;;0;;0;0;;0;0;;;;;;;;;51;;;0;;;;;0;0;85;10;Ältar
Oro;1;100;;0;;0;0;;0;0;;;;;;;;0;;;;0;;;;;0;0;85;35;Oro
Flashbacks;;;;;;;;;;;;;;;;;;;;;;;;;;;;;;;Flashbacks
Panikångest;;;;;;;;;;;;;;;;;;;;;;;;;;;;;;;Panikångest
Smärta;1;100;;0;;0;0;;0;0;;;;;;;;0;0;;;;;;;;;;20;50;Smärta
Social ångest;;;;;;;;;;;;;;;;;;;;;;;;;;;;;;;Social ångest
Ensam/ledsen;;;;;;;;;;;;;;;;;;;;;;;;;;;;;;;Ensam/ledsen
Trött;;;;;;;;;;;;;;;;;;;;;;;;;;;;;;;Trött
Stressad;;;;;;;;;;;;;;;;;;;;;;;;;;;;;;;Stressad
Uttråkad;1;0;;0;;0;0;;32;0;;;;;;;;33;35;;;;;;;;;;20;50;Uttråkad
Arg;1;20;;0;;0;30;;0;0;;;;;;;;0;50;;;;;;;;;;75;26;Arg
SUMMA;;;0;0;0;16;30;0;103;0;0;0;0;0;0;0;0;33;160;0;0;46;0;0;0;0;258;85;;;
;;;;;;;;;;;;;;;;;;;;;;;;;;;;;;;
;Obs: följ en rad högerut för att se vad problemet ORSAKAS av;;;;;;;;;;;;;;;;;;;;;;;;;;;;;;
;Följ en kolumn neråt för att se vad problemen i översta raden LEDER TILL;;;;;;;;;;;;;;;;;;;;;;;;;;;;;;
