﻿718704;;Unkn;Äter mindre;Tränar inte;Somnar sent;Vilar;Bråkar;Sjukdomsoro;Fokuserar inte;Sociala medier;Stannar hemma;Skjuter upp;Alkohol/droger;Självskadar;Självmordstankar;Äter mer;Tvångar;Ältar;Orostankar;Flashbacks;Panikångest;Smärta;Social ångest;Ensam/ledsen;Trött;Stressad;Uttråkad;Arg;Modify?;Painful?;
;Relev?;;1;;;;;;;1;;;;;;;1;1;1;1;;1;;1;1;1;;1;;;
Äter mindre;1;0;;;;;;;;0;;;;;;;7;43;50;0;;0;;0;0;0;;0;91;40;Äter mindre
Tränar inte;;;;;;;;;;;;;;;;;;;;;;;;;;;;;;;Tränar inte
Somnar sent;;;;;;;;;;;;;;;;;;;;;;;;;;;;;;;Somnar sent
Vilar;;;;;;;;;;;;;;;;;;;;;;;;;;;;;;;Vilar
Bråkar;;;;;;;;;;;;;;;;;;;;;;;;;;;;;;;Bråkar
Sjukdomstankar;;;;;;;;;;;;;;;;;;;;;;;;;;;;;;;Sjukdomsoro
Fokuserar inte;;;;;;;;;;;;;;;;;;;;;;;;;;;;;;;Fokuserar inte
Sociala medier;1;29;0;;;;;;;;;;;;;;0;0;71;0;;0;;0;0;0;;0;38;30;Sociala medier
Stannar hemma;;;;;;;;;;;;;;;;;;;;;;;;;;;;;;;Stannar hemma
Skjuter upp;;;;;;;;;;;;;;;;;;;;;;;;;;;;;;;Skjuter upp
Alkohol/droger;;;;;;;;;;;;;;;;;;;;;;;;;;;;;;;Alkohol/droger
Självskadar;;;;;;;;;;;;;;;;;;;;;;;;;;;;;;;Självskadar
Självmordstankar;;;;;;;;;;;;;;;;;;;;;;;;;;;;;;;Självmordstankar
Äter mer;;;;;;;;;;;;;;;;;;;;;;;;;;;;;;;Äter mer
Tvångar;1;100;0;;;;;;;0;;;;;;;;0;0;0;;0;;0;0;0;;0;29;40;Tvångar
Ältar;1;0;0;;;;;;;0;;;;;;;0;;13;60;;0;;27;0;0;;0;12;100;Ältar
Orostankar;1;0;0;;;;;;;0;;;;;;;0;40;;50;;0;;10;0;0;;0;14;100;Oro
Flashbacks;1;0;0;;;;;;;0;;;;;;;0;100;0;;;;;;;;;;21;90;Flashbacks
Panikångest;;;;;;;;;;;;;;;;;;;;;;;;;;;;;;;Panikångest
Smärta;1;0;72;;;;;;;0;;;;;;;0;0;28;;;;;;;;;;70;40;Smärta
Social ångest;;;;;;;;;;;;;;;;;;;;;;;;;;;;;;;Social ångest
Ensam/ledsen;1;0;0;;;;;;;0;;;;;;;0;50;50;;;;;;;;;;26;100;Ensam/ledsen
Trött;1;0;50;;;;;;;0;;;;;;;0;0;50;;;;;;;;;;24;50;Trött
Stressad;1;0;0;;;;;;;0;;;;;;;0;50;50;;;;;;;;;;36;100;Stressad
Uttråkad;;;;;;;;;;;;;;;;;;;;;;;;;;;;;;;Uttråkad
Arg;1;0;0;;;;;;;0;;;;;;;0;50;50;;;;;;;;;;78;90;Arg
SUMMA;;;122;0;0;0;0;0;0;0;0;0;0;0;0;0;7;333;362;110;0;0;0;37;0;0;0;0;;;
;;;;;;;;;;;;;;;;;;;;;;;;;;;;;;;
;Obs: följ en rad högerut för att se vad problemet ORSAKAS av;;;;;;;;;;;;;;;;;;;;;;;;;;;;;;
;Följ en kolumn neråt för att se vad problemen i översta raden LEDER TILL;;;;;;;;;;;;;;;;;;;;;;;;;;;;;;
