﻿740184;;Unkn;Äter mindre;Tränar inte;Somnar sent;Vilar;Bråkar;Sjukdomsoro;Fokuserar inte;Sociala medier;Stannar hemma;Skjuter upp;Alkohol/droger;Självskadar;Självmordstankar;Äter mer;Tvångar;Ältar;Oro;Flashbacks;Panikångest;Smärta;Social ångest;Ensam/ledsen;Trött;Stressad;Uttråkad;Arg;Modify?;Painful?;
;Relev?;;1;1;1;;;;;1;;1;;;;;;;;;;1;1;;1;;;1;;;
Äter mindre;1;60;;0;0;;;;;0;;0;;;;;;;;;;40;0;;0;;;0;100;10;Äter mindre
Tränar inte;1;44;0;;0;;;;;0;;19;;;;;;;;;;20;0;;17;;;0;100;37;Tränar inte
Somnar sent;1;79;0;0;;;;;;0;;21;;;;;;;;;;0;0;;0;;;0;100;26;Somnar sent
Vilar;;;;;;;;;;;;;;;;;;;;;;;;;;;;;;;Vilar
Bråkar;;;;;;;;;;;;;;;;;;;;;;;;;;;;;;;Bråkar
Sjukdomsoro;;;;;;;;;;;;;;;;;;;;;;;;;;;;;;;Sjukdomsoro
Fokuserar inte;;;;;;;;;;;;;;;;;;;;;;;;;;;;;;;Fokuserar inte
Sociala medier;1;100;0;0;0;;;;;;;0;;;;;;;;;;0;0;;0;;;0;100;14;Sociala medier
Stannar hemma;;;;;;;;;;;;;;;;;;;;;;;;;;;;;;;Stannar hemma
Skjuter upp;1;69;0;0;0;;;;;0;;;;;;;;;;;;0;0;;31;;;0;94;43;Skjuter upp
Alkohol/droger;;;;;;;;;;;;;;;;;;;;;;;;;;;;;;;Alkohol/droger
Självskadar;;;;;;;;;;;;;;;;;;;;;;;;;;;;;;;Självskadar
Självmordstankar;;;;;;;;;;;;;;;;;;;;;;;;;;;;;;;Självmordstankar
Äter mer;;;;;;;;;;;;;;;;;;;;;;;;;;;;;;;Äter mer
Tvångar;;;;;;;;;;;;;;;;;;;;;;;;;;;;;;;Tvångar
Ältar;;;;;;;;;;;;;;;;;;;;;;;;;;;;;;;Ältar
Oro;;;;;;;;;;;;;;;;;;;;;;;;;;;;;;;Oro
Flashbacks;;;;;;;;;;;;;;;;;;;;;;;;;;;;;;;Flashbacks
Panikångest;;;;;;;;;;;;;;;;;;;;;;;;;;;;;;;Panikångest
Smärta;1;75;0;25;0;;;;;0;;0;;;;;;;;;;;;;;;;;90;79;Smärta
Social ångest;1;21;0;30;49;;;;;0;;0;;;;;;;;;;;;;;;;;100;45;Social ångest
Ensam/ledsen;;;;;;;;;;;;;;;;;;;;;;;;;;;;;;;Ensam/ledsen
Trött;1;33;0;0;52;;;;;0;;15;;;;;;;;;;;;;;;;;100;77;Trött
Stressad;;;;;;;;;;;;;;;;;;;;;;;;;;;;;;;Stressad
Uttråkad;;;;;;;;;;;;;;;;;;;;;;;;;;;;;;;Uttråkad
Arg;1;7;0;31;48;;;;;0;;14;;;;;;;;;;;;;;;;;96;49;Arg
SUMMA;;;0;86;149;0;0;0;0;0;0;69;0;0;0;0;0;0;0;0;0;60;0;0;48;0;0;0;;;
;;;;;;;;;;;;;;;;;;;;;;;;;;;;;;;
;Obs: följ en rad högerut för att se vad problemet ORSAKAS av;;;;;;;;;;;;;;;;;;;;;;;;;;;;;;
;Följ en kolumn neråt för att se vad problemen i översta raden LEDER TILL;;;;;;;;;;;;;;;;;;;;;;;;;;;;;;
