﻿741392;;Unkn;Äter mindre;Tränar inte;Somnar sent;Vilar;Bråkar;Sjukdomsoro;Fokuserar inte;Sociala medier;Stannar hemma;Skjuter upp;Alkohol/droger;Självskadar;Självmordstankar;Äter mer;Tvångar;Ältar;Orostankar;Flashbacks;Panikångest;Smärta;Social ångest;Ensam/ledsen;Trött;Stressad;Uttråkad;Arg;Modify?;Painful?;
;Relev?;;;;1;1;;1;;;;;1;;;;;1;;;;1;;1;1;1;1;1;;;
Äter mindre;;;;;;;;;;;;;;;;;;;;;;;;;;;;;;;Äter mindre
Tränar inte;;;;;;;;;;;;;;;;;;;;;;;;;;;;;;;Tränar inte
Somnar sent;1;0;;;;0;;0;;;;;46;;;;;28;;;;0;;26;0;0;0;0;81;5;Somnar sent
Vilar;1;7;;;76;;;0;;;;;0;;;;;0;;;;0;;0;13;0;4;0;100;1;Vilar
Bråkar;;;;;;;;;;;;;;;;;;;;;;;;;;;;;;;Bråkar
Sjukdomstankar;1;69;;;0;0;;;;;;;0;;;;;22;;;;0;;0;0;9;0;0;36;31;Sjukdomsoro
Fokuserar inte;;;;;;;;;;;;;;;;;;;;;;;;;;;;;;;Fokuserar inte
Sociala medier;;;;;;;;;;;;;;;;;;;;;;;;;;;;;;;Sociala medier
Stannar hemma;;;;;;;;;;;;;;;;;;;;;;;;;;;;;;;Stannar hemma
Skjuter upp;;;;;;;;;;;;;;;;;;;;;;;;;;;;;;;Skjuter upp
Alkohol/droger;1;0;;;0;0;;0;;;;;;;;;;24;;;;0;;76;0;0;0;0;50;2;Alkohol/droger
Självskadar;;;;;;;;;;;;;;;;;;;;;;;;;;;;;;;Självskadar
Självmordstankar;;;;;;;;;;;;;;;;;;;;;;;;;;;;;;;Självmordstankar
Äter mer;;;;;;;;;;;;;;;;;;;;;;;;;;;;;;;Äter mer
Tvångar;;;;;;;;;;;;;;;;;;;;;;;;;;;;;;;Tvångar
Ältar;1;58;;;0;0;;0;;;;;0;;;;;;;;;0;;42;0;0;0;0;14;48;Ältar
Orostankar;;;;;;;;;;;;;;;;;;;;;;;;;;;;;;;Oro
Flashbacks;;;;;;;;;;;;;;;;;;;;;;;;;;;;;;;Flashbacks
Panikångest;;;;;;;;;;;;;;;;;;;;;;;;;;;;;;;Panikångest
Smärta;1;87;;;13;0;;0;;;;;0;;;;;0;;;;;;;;;;;14;16;Smärta
Social ångest;;;;;;;;;;;;;;;;;;;;;;;;;;;;;;;Social ångest
Ensam/ledsen;1;100;;;0;0;;0;;;;;0;;;;;0;;;;;;;;;;;17;51;Ensam/ledsen
Trött;1;0;;;40;0;;0;;;;;40;;;;;20;;;;;;;;;;;52;19;Trött
Stressad;1;100;;;0;0;;0;;;;;0;;;;;0;;;;;;;;;;;39;27;Stressad
Uttråkad;1;87;;;0;0;;0;;;;;0;;;;;13;;;;;;;;;;;50;22;Uttråkad
Arg;1;100;;;0;0;;0;;;;;0;;;;;0;;;;;;;;;;;67;7;Arg
SUMMA;;;0;0;129;0;0;0;0;0;0;0;86;0;0;0;0;107;0;0;0;0;0;144;13;9;4;0;;;
;;;;;;;;;;;;;;;;;;;;;;;;;;;;;;;
;Obs: följ en rad högerut för att se vad problemet ORSAKAS av;;;;;;;;;;;;;;;;;;;;;;;;;;;;;;
;Följ en kolumn neråt för att se vad problemen i översta raden LEDER TILL;;;;;;;;;;;;;;;;;;;;;;;;;;;;;;
