﻿742226;;Unkn;Äter mindre;Tränar inte;Somnar sent;Vilar;Bråkar;Sjukdomsoro;Fokuserar inte;Sociala medier;Stannar hemma;Skjuter upp;Alkohol/droger;Självskadar;Självmordstankar;Äter mer;Tvångar;Ältar;Orostankar;Flashbacks;Panikångest;Smärta;Social ångest;Ensam/ledsen;Trött;Stressad;Uttråkad;Arg;Modify?;Painful?;
;Relev?;;;;;;1;;;1;1;1;;;;1;;;1;;;1;1;;1;1;1;;;;
Äter mindre;;;;;;;;;;;;;;;;;;;;;;;;;;;;;;;Äter mindre
Tränar inte;;;;;;;;;;;;;;;;;;;;;;;;;;;;;;;Tränar inte
Somnar sent;;;;;;;;;;;;;;;;;;;;;;;;;;;;;;;Somnar sent
Vilar;;;;;;;;;;;;;;;;;;;;;;;;;;;;;;;Vilar
Bråkar;1;100;;;;;;;;0;0;0;;;;0;;;0;;;0;0;;0;0;0;;90;30;Bråkar
Sjukdomstankar;;;;;;;;;;;;;;;;;;;;;;;;;;;;;;;Sjukdomsoro
Fokuserar inte;;;;;;;;;;;;;;;;;;;;;;;;;;;;;;;Fokuserar inte
Sociala medier;1;60;;;;;0;;;;20;0;;;;0;;;20;;;0;0;;0;0;0;;90;20;Sociala medier
Stannar hemma;1;10;;;;;0;;;0;;0;;;;0;;;0;;;60;30;;0;0;0;;70;50;Stannar hemma
Skjuter upp;1;100;;;;;0;;;0;0;;;;;0;;;0;;;0;0;;0;0;0;;70;50;Skjuter upp
Alkohol/droger;;;;;;;;;;;;;;;;;;;;;;;;;;;;;;;Alkohol/droger
Självskadar;;;;;;;;;;;;;;;;;;;;;;;;;;;;;;;Självskadar
Självmordstankar;;;;;;;;;;;;;;;;;;;;;;;;;;;;;;;Självmordstankar
Äter mer;1;40;;;;;0;;;0;0;0;;;;;;;30;;;0;0;;0;0;30;;50;20;Äter mer
Tvångar;;;;;;;;;;;;;;;;;;;;;;;;;;;;;;;Tvångar
Ältar;;;;;;;;;;;;;;;;;;;;;;;;;;;;;;;Ältar
Orostankar;1;0;;;;;35;;;35;0;0;;;;0;;;;;;0;0;;0;30;0;;70;50;Oro
Flashbacks;;;;;;;;;;;;;;;;;;;;;;;;;;;;;;;Flashbacks
Panikångest;;;;;;;;;;;;;;;;;;;;;;;;;;;;;;;Panikångest
Smärta;1;100;;;;;0;;;0;0;0;;;;0;;;0;;;;;;;;;;50;90;Smärta
Social ångest;1;100;;;;;0;;;0;0;0;;;;0;;;0;;;;;;;;;;70;20;Social ångest
Ensam/ledsen;;;;;;;;;;;;;;;;;;;;;;;;;;;;;;;Ensam/ledsen
Trött;1;5;;;;;33;;;0;0;0;;;;15;;;47;;;;;;;;;;50;50;Trött
Stressad;1;63;;;;;0;;;0;0;0;;;;0;;;37;;;;;;;;;;80;40;Stressad
Uttråkad;1;0;;;;;0;;;10;34;0;;;;0;;;56;;;;;;;;;;80;20;Uttråkad
Arg;;;;;;;;;;;;;;;;;;;;;;;;;;;;;;;Arg
SUMMA;;;0;0;0;0;68;0;0;45;54;0;0;0;0;15;0;0;190;0;0;60;30;0;0;30;30;0;;;
;;;;;;;;;;;;;;;;;;;;;;;;;;;;;;;
;Obs: följ en rad högerut för att se vad problemet ORSAKAS av;;;;;;;;;;;;;;;;;;;;;;;;;;;;;;
;Följ en kolumn neråt för att se vad problemen i översta raden LEDER TILL;;;;;;;;;;;;;;;;;;;;;;;;;;;;;;
