﻿744734;;Unkn;Äter mindre;Tränar inte;Somnar sent;Vilar;Bråkar;Sjukdomsoro;Fokuserar inte;Sociala medier;Stannar hemma;Skjuter upp;Alkohol/droger;Självskadar;Självmordstankar;Äter mer;Tvångar;Ältar;Oro;Flashbacks;Panikångest;Smärta;Social ångest;Ensam/ledsen;Trött;Stressad;Uttråkad;Arg;Modify?;Painful?;
;Relev?;;;1;;1;;;1;1;1;1;;;;1;;1;1;;1;1;1;;1;1;;1;;;
Äter mindre;;;;;;;;;;;;;;;;;;;;;;;;;;;;;;;Äter mindre
Tränar inte;1;0;;;;0;;;0;0;0;50;;;;0;;0;0;;0;0;0;;50;0;;0;40;50;Tränar inte
Somnar sent;;;;;;;;;;;;;;;;;;;;;;;;;;;;;;;Somnar sent
Vilar;1;0;;0;;;;;0;0;0;0;;;;0;;0;0;;0;0;46;;54;0;;0;90;10;Vilar
Bråkar;;;;;;;;;;;;;;;;;;;;;;;;;;;;;;;Bråkar
Sjukdomsoro;;;;;;;;;;;;;;;;;;;;;;;;;;;;;;;Sjukdomsoro
Fokuserar inte;1;0;;0;;0;;;;0;0;0;;;;0;;0;0;;0;0;50;;0;50;;0;30;30;Fokuserar inte
Sociala medier;1;0;;0;;0;;;0;;0;49;;;;0;;0;51;;0;0;0;;0;0;;0;70;30;Sociala medier
Stannar hemma;1;18;;0;;0;;;0;0;;0;;;;0;;0;0;;0;0;50;;0;32;;0;100;5;Stannar hemma
Skjuter upp;1;0;;0;;0;;;0;0;0;;;;;0;;0;0;;0;0;16;;50;34;;0;70;50;Skjuter upp
Alkohol/droger;;;;;;;;;;;;;;;;;;;;;;;;;;;;;;;Alkohol/droger
Självskadar;;;;;;;;;;;;;;;;;;;;;;;;;;;;;;;Självskadar
Självmordstankar;;;;;;;;;;;;;;;;;;;;;;;;;;;;;;;Självmordstankar
Äter mer;1;35;;0;;0;;;0;0;0;0;;;;;;65;0;;0;0;0;;0;0;;0;80;10;Äter mer
Tvångar;;;;;;;;;;;;;;;;;;;;;;;;;;;;;;;Tvångar
Ältar;1;0;;0;;0;;;0;0;0;0;;;;0;;;0;;0;0;71;;29;0;;0;50;50;Ältar
Oro;1;0;;0;;0;;;0;0;0;0;;;;0;;0;;;0;0;50;;25;25;;0;60;40;Oro
Flashbacks;;;;;;;;;;;;;;;;;;;;;;;;;;;;;;;Flashbacks
Panikångest;1;0;;0;;0;;;0;0;0;11;;;;0;;35;54;;;;;;;;;;60;30;Panikångest
Smärta;1;36;;0;;0;;;0;0;0;0;;;;0;;0;64;;;;;;;;;;50;40;Smärta
Social ångest;1;0;;0;;0;;;36;0;0;0;;;;0;;38;26;;;;;;;;;;5;65;Social ångest
Ensam/ledsen;;;;;;;;;;;;;;;;;;;;;;;;;;;;;;;Ensam/ledsen
Trött;1;59;;29;;0;;;0;0;0;0;;;;0;;12;0;;;;;;;;;;20;65;Trött
Stressad;1;0;;42;;0;;;34;0;0;0;;;;0;;24;0;;;;;;;;;;30;80;Stressad
Uttråkad;;;;;;;;;;;;;;;;;;;;;;;;;;;;;;;Uttråkad
Arg;1;0;;0;;0;;;36;0;0;0;;;;0;;0;64;;;;;;;;;;50;30;Arg
SUMMA;;;0;71;0;0;0;0;106;0;0;110;0;0;0;0;0;174;259;0;0;0;283;0;208;141;0;0;;;
;;;;;;;;;;;;;;;;;;;;;;;;;;;;;;;
;Obs: följ en rad högerut för att se vad problemet ORSAKAS av;;;;;;;;;;;;;;;;;;;;;;;;;;;;;;
;Följ en kolumn neråt för att se vad problemen i översta raden LEDER TILL;;;;;;;;;;;;;;;;;;;;;;;;;;;;;;
