﻿747413;;Unkn;Äter mindre;Tränar inte;Somnar sent;Vilar;Bråkar;Sjukdomsoro;Fokuserar inte;Sociala medier;Stannar hemma;Skjuter upp;Alkohol/droger;Självskadar;Självmordstankar;Äter mer;Tvångar;Ältar;Oro;Flashbacks;Panikångest;Smärta;Social ångest;Ensam/ledsen;Trött;Stressad;Uttråkad;Arg;Modify?;Painful?;
;Relev?;;;1;1;1;1;;1;1;1;;;;;1;;;1;;;1;;;;1;1;1;;;
Äter mindre;;;;;;;;;;;;;;;;;;;;;;;;;;;;;;;Äter mindre
Tränar inte;1;0;;;0;0;0;;55;0;0;;;;;0;;;0;;;20;;;;25;0;0;100;50;Tränar inte
Somnar sent;1;0;;0;;0;0;;50;0;0;;;;;0;;;0;;;0;;;;50;0;0;100;72;Somnar sent
Vilar;1;0;;30;42;;0;;0;0;0;;;;;28;;;0;;;0;;;;0;0;0;99;13;Vilar
Bråkar;1;0;;0;0;0;;;0;0;0;;;;;0;;;0;;;0;;;;0;0;100;59;74;Bråkar
Sjukdomsoro;;;;;;;;;;;;;;;;;;;;;;;;;;;;;;;Sjukdomsoro
Fokuserar inte;1;0;;0;0;0;0;;;0;0;;;;;0;;;0;;;0;;;;36;53;11;53;66;Fokuserar inte
Sociala medier;1;0;;0;0;0;0;;0;;0;;;;;0;;;0;;;0;;;;0;100;0;51;17;Sociala medier
Stannar hemma;1;100;;0;0;0;0;;0;0;;;;;;0;;;0;;;0;;;;0;0;0;47;100;Stannar hemma
Skjuter upp;;;;;;;;;;;;;;;;;;;;;;;;;;;;;;;Skjuter upp
Alkohol/droger;;;;;;;;;;;;;;;;;;;;;;;;;;;;;;;Alkohol/droger
Självskadar;;;;;;;;;;;;;;;;;;;;;;;;;;;;;;;Självskadar
Självmordstankar;;;;;;;;;;;;;;;;;;;;;;;;;;;;;;;Självmordstankar
Äter mer;1;0;;0;0;0;0;;0;0;0;;;;;;;;53;;;0;;;;0;47;0;20;41;Äter mer
Tvångar;;;;;;;;;;;;;;;;;;;;;;;;;;;;;;;Tvångar
Ältar;;;;;;;;;;;;;;;;;;;;;;;;;;;;;;;Ältar
Oro;1;100;;0;0;0;0;;0;0;0;;;;;0;;;;;;0;;;;0;0;0;53;15;Oro
Flashbacks;;;;;;;;;;;;;;;;;;;;;;;;;;;;;;;Flashbacks
Panikångest;;;;;;;;;;;;;;;;;;;;;;;;;;;;;;;Panikångest
Smärta;1;100;;0;0;0;0;;0;0;0;;;;;0;;;0;;;;;;;;;;6;100;Smärta
Social ångest;;;;;;;;;;;;;;;;;;;;;;;;;;;;;;;Social ångest
Ensam/ledsen;;;;;;;;;;;;;;;;;;;;;;;;;;;;;;;Ensam/ledsen
Trött;;;;;;;;;;;;;;;;;;;;;;;;;;;;;;;Trött
Stressad;1;100;;0;0;0;0;;0;0;0;;;;;0;;;0;;;;;;;;;;45;64;Stressad
Uttråkad;1;100;;0;0;0;0;;0;0;0;;;;;0;;;0;;;;;;;;;;7;68;Uttråkad
Arg;1;100;;0;0;0;0;;0;0;0;;;;;0;;;0;;;;;;;;;;40;89;Arg
SUMMA;;;0;30;42;0;0;0;105;0;0;0;0;0;0;28;0;0;53;0;0;20;0;0;0;111;200;111;;;
;;;;;;;;;;;;;;;;;;;;;;;;;;;;;;;
;Obs: följ en rad högerut för att se vad problemet ORSAKAS av;;;;;;;;;;;;;;;;;;;;;;;;;;;;;;
;Följ en kolumn neråt för att se vad problemen i översta raden LEDER TILL;;;;;;;;;;;;;;;;;;;;;;;;;;;;;;
