﻿759638;;Unkn;Äter mindre;Tränar inte;Somnar sent;Vilar;Bråkar;Sjukdomsoro;Fokuserar inte;Sociala medier;Stannar hemma;Skjuter upp;Alkohol/droger;Självskadar;Självmordstankar;Äter mer;Tvångar;Ältar;Orostankar;Flashbacks;Panikångest;Smärta;Social ångest;Ensam/ledsen;Trött;Stressad;Uttråkad;Arg;Modify?;Painful?;
;Relev?;;1;;1;1;1;;;;;;;;;;;1;1;;;;1;;1;1;1;;;;
Äter mindre;1;100;;;0;0;0;;;;;;;;;;;0;0;;;;0;;0;0;0;;90;15;Äter mindre
Tränar inte;;;;;;;;;;;;;;;;;;;;;;;;;;;;;;;Tränar inte
Somnar sent;1;0;0;;;13;0;;;;;;;;;;;0;87;;;;0;;0;0;0;;76;21;Somnar sent
Vilar;1;0;0;;88;;0;;;;;;;;;;;0;0;;;;0;;12;0;0;;98;3;Vilar
Bråkar;1;100;0;;0;0;;;;;;;;;;;;0;0;;;;0;;0;0;0;;4;83;Bråkar
Sjukdomstankar;;;;;;;;;;;;;;;;;;;;;;;;;;;;;;;Sjukdomsoro
Fokuserar inte;;;;;;;;;;;;;;;;;;;;;;;;;;;;;;;Fokuserar inte
Sociala medier;;;;;;;;;;;;;;;;;;;;;;;;;;;;;;;Sociala medier
Stannar hemma;;;;;;;;;;;;;;;;;;;;;;;;;;;;;;;Stannar hemma
Skjuter upp;;;;;;;;;;;;;;;;;;;;;;;;;;;;;;;Skjuter upp
Alkohol/droger;;;;;;;;;;;;;;;;;;;;;;;;;;;;;;;Alkohol/droger
Självskadar;;;;;;;;;;;;;;;;;;;;;;;;;;;;;;;Självskadar
Självmordstankar;;;;;;;;;;;;;;;;;;;;;;;;;;;;;;;Självmordstankar
Äter mer;;;;;;;;;;;;;;;;;;;;;;;;;;;;;;;Äter mer
Tvångar;;;;;;;;;;;;;;;;;;;;;;;;;;;;;;;Tvångar
Ältar;1;74;0;;0;0;26;;;;;;;;;;;;0;;;;0;;0;0;0;;3;72;Ältar
Orostankar;1;100;0;;0;0;0;;;;;;;;;;;0;;;;;0;;0;0;0;;9;64;Oro
Flashbacks;;;;;;;;;;;;;;;;;;;;;;;;;;;;;;;Flashbacks
Panikångest;;;;;;;;;;;;;;;;;;;;;;;;;;;;;;;Panikångest
Smärta;;;;;;;;;;;;;;;;;;;;;;;;;;;;;;;Smärta
Social ångest;1;61;0;;0;0;0;;;;;;;;;;;0;39;;;;;;;;;;14;28;Social ångest
Ensam/ledsen;;;;;;;;;;;;;;;;;;;;;;;;;;;;;;;Ensam/ledsen
Trött;1;18;0;;82;0;0;;;;;;;;;;;0;0;;;;;;;;;;72;15;Trött
Stressad;1;100;0;;0;0;0;;;;;;;;;;;0;0;;;;;;;;;;12;45;Stressad
Uttråkad;1;100;0;;0;0;0;;;;;;;;;;;0;0;;;;;;;;;;4;60;Uttråkad
Arg;;;;;;;;;;;;;;;;;;;;;;;;;;;;;;;Arg
SUMMA;;;0;0;170;13;26;0;0;0;0;0;0;0;0;0;0;0;126;0;0;0;0;0;12;0;0;0;;;
;;;;;;;;;;;;;;;;;;;;;;;;;;;;;;;
;Obs: följ en rad högerut för att se vad problemet ORSAKAS av;;;;;;;;;;;;;;;;;;;;;;;;;;;;;;
;Följ en kolumn neråt för att se vad problemen i översta raden LEDER TILL;;;;;;;;;;;;;;;;;;;;;;;;;;;;;;
