﻿760938;;Unkn;Äter mindre;Tränar inte;Somnar sent;Vilar;Bråkar;Sjukdomsoro;Fokuserar inte;Sociala medier;Stannar hemma;Skjuter upp;Alkohol/droger;Självskadar;Självmordstankar;Äter mer;Tvångar;Ältar;Orostankar;Flashbacks;Panikångest;Smärta;Social ångest;Ensam/ledsen;Trött;Stressad;Uttråkad;Arg;Modify?;Painful?;
;Relev?;;1;;1;;;;1;1;;1;;;1;1;;1;;;;;1;1;1;1;;;;;
Äter mindre;1;1;;;0;;;;0;33;;17;;;0;0;;0;;;;;0;0;49;0;;;70;8;Äter mindre
Tränar inte;;;;;;;;;;;;;;;;;;;;;;;;;;;;;;;Tränar inte
Somnar sent;1;2;0;;;;;;0;42;;0;;;0;33;;0;;;;;0;0;0;23;;;63;85;Somnar sent
Vilar;;;;;;;;;;;;;;;;;;;;;;;;;;;;;;;Vilar
Bråkar;;;;;;;;;;;;;;;;;;;;;;;;;;;;;;;Bråkar
Sjukdomstankar;;;;;;;;;;;;;;;;;;;;;;;;;;;;;;;Sjukdomsoro
Fokuserar inte;1;1;7;;37;;;;;0;;0;;;0;0;;0;;;;;0;0;0;55;;;27;41;Fokuserar inte
Sociala medier;1;3;0;;0;;;;0;;;0;;;8;0;;39;;;;;0;50;0;0;;;52;79;Sociala medier
Stannar hemma;;;;;;;;;;;;;;;;;;;;;;;;;;;;;;;Stannar hemma
Skjuter upp;1;4;0;;0;;;;31;0;;;;;0;0;;0;;;;;0;0;37;28;;;19;19;Skjuter upp
Alkohol/droger;;;;;;;;;;;;;;;;;;;;;;;;;;;;;;;Alkohol/droger
Självskadar;;;;;;;;;;;;;;;;;;;;;;;;;;;;;;;Självskadar
Självmordstankar;1;7;0;;0;;;;0;24;;0;;;;0;;32;;;;;0;37;0;0;;;79;84;Självmordstankar
Äter mer;1;5;33;;0;;;;0;0;;0;;;0;;;0;;;;;0;38;0;24;;;56;36;Äter mer
Tvångar;;;;;;;;;;;;;;;;;;;;;;;;;;;;;;;Tvångar
Ältar;1;2;0;;0;;;;41;0;;0;;;51;6;;;;;;;0;0;0;0;;;13;93;Ältar
Orostankar;;;;;;;;;;;;;;;;;;;;;;;;;;;;;;;Oro
Flashbacks;;;;;;;;;;;;;;;;;;;;;;;;;;;;;;;Flashbacks
Panikångest;;;;;;;;;;;;;;;;;;;;;;;;;;;;;;;Panikångest
Smärta;;;;;;;;;;;;;;;;;;;;;;;;;;;;;;;Smärta
Social ångest;1;6;33;;0;;;;0;0;;0;;;21;0;;40;;;;;;;;;;;82;11;Social ångest
Ensam/ledsen;1;3;0;;0;;;;0;38;;0;;;42;0;;17;;;;;;;;;;;19;97;Ensam/ledsen
Trött;1;3;0;;50;;;;0;0;;0;;;37;0;;10;;;;;;;;;;;24;74;Trött
Stressad;1;6;31;;0;;;;29;0;;0;;;0;0;;34;;;;;;;;;;;25;56;Stressad
Uttråkad;;;;;;;;;;;;;;;;;;;;;;;;;;;;;;;Uttråkad
Arg;;;;;;;;;;;;;;;;;;;;;;;;;;;;;;;Arg
SUMMA;;;104;0;87;0;0;0;101;137;0;17;0;0;159;39;0;172;0;0;0;0;0;125;86;130;0;0;;;
;;;;;;;;;;;;;;;;;;;;;;;;;;;;;;;
;Obs: följ en rad högerut för att se vad problemet ORSAKAS av;;;;;;;;;;;;;;;;;;;;;;;;;;;;;;
;Följ en kolumn neråt för att se vad problemen i översta raden LEDER TILL;;;;;;;;;;;;;;;;;;;;;;;;;;;;;;
