﻿762493;;Unkn;Äter mindre;Tränar inte;Somnar sent;Vilar;Bråkar;Sjukdomsoro;Fokuserar inte;Sociala medier;Stannar hemma;Skjuter upp;Alkohol/droger;Självskadar;Självmordstankar;Äter mer;Tvångar;Ältar;Orostankar;Flashbacks;Panikångest;Smärta;Social ångest;Ensam/ledsen;Trött;Stressad;Uttråkad;Arg;Modify?;Painful?;
;Relev?;;1;1;;1;;;1;1;1;;1;;;;;1;;;;;1;1;1;;;;;;
Äter mindre;1;0;;0;;0;;;0;0;0;;69;;;;;0;;;;;0;0;31;;;;89;24;Äter mindre
Tränar inte;1;0;0;;;0;;;0;13;0;;46;;;;;41;;;;;0;0;0;;;;95;51;Tränar inte
Somnar sent;;;;;;;;;;;;;;;;;;;;;;;;;;;;;;;Somnar sent
Vilar;1;0;0;0;;;;;0;0;0;;32;;;;;0;;;;;0;34;34;;;;48;29;Vilar
Bråkar;;;;;;;;;;;;;;;;;;;;;;;;;;;;;;;Bråkar
Sjukdomstankar;;;;;;;;;;;;;;;;;;;;;;;;;;;;;;;Sjukdomsoro
Fokuserar inte;1;0;0;0;;0;;;;0;0;;0;;;;;27;;;;;0;44;29;;;;68;63;Fokuserar inte
Sociala medier;1;0;0;0;;0;;;0;;0;;0;;;;;43;;;;;57;0;0;;;;62;24;Sociala medier
Stannar hemma;1;0;0;0;;0;;;0;0;;;0;;;;;0;;;;;0;45;55;;;;70;43;Stannar hemma
Skjuter upp;;;;;;;;;;;;;;;;;;;;;;;;;;;;;;;Skjuter upp
Alkohol/droger;1;100;0;0;;0;;;0;0;0;;;;;;;0;;;;;0;0;0;;;;73;22;Alkohol/droger
Självskadar;;;;;;;;;;;;;;;;;;;;;;;;;;;;;;;Självskadar
Självmordstankar;;;;;;;;;;;;;;;;;;;;;;;;;;;;;;;Självmordstankar
Äter mer;;;;;;;;;;;;;;;;;;;;;;;;;;;;;;;Äter mer
Tvångar;;;;;;;;;;;;;;;;;;;;;;;;;;;;;;;Tvångar
Ältar;1;0;0;0;;0;;;48;0;0;;0;;;;;;;;;;0;52;0;;;;75;60;Ältar
Orostankar;;;;;;;;;;;;;;;;;;;;;;;;;;;;;;;Oro
Flashbacks;;;;;;;;;;;;;;;;;;;;;;;;;;;;;;;Flashbacks
Panikångest;;;;;;;;;;;;;;;;;;;;;;;;;;;;;;;Panikångest
Smärta;;;;;;;;;;;;;;;;;;;;;;;;;;;;;;;Smärta
Social ångest;1;48;0;0;;0;;;0;0;0;;0;;;;;52;;;;;;;;;;;69;46;Social ångest
Ensam/ledsen;1;29;0;0;;0;;;0;0;0;;0;;;;;71;;;;;;;;;;;75;72;Ensam/ledsen
Trött;1;15;0;0;;0;;;42;0;0;;43;;;;;0;;;;;;;;;;;59;64;Trött
Stressad;;;;;;;;;;;;;;;;;;;;;;;;;;;;;;;Stressad
Uttråkad;;;;;;;;;;;;;;;;;;;;;;;;;;;;;;;Uttråkad
Arg;;;;;;;;;;;;;;;;;;;;;;;;;;;;;;;Arg
SUMMA;;;0;0;0;0;0;0;90;13;0;0;190;0;0;0;0;234;0;0;0;0;57;175;149;0;0;0;;;
;;;;;;;;;;;;;;;;;;;;;;;;;;;;;;;
;Obs: följ en rad högerut för att se vad problemet ORSAKAS av;;;;;;;;;;;;;;;;;;;;;;;;;;;;;;
;Följ en kolumn neråt för att se vad problemen i översta raden LEDER TILL;;;;;;;;;;;;;;;;;;;;;;;;;;;;;;
