﻿762961;;Unkn;Äter mindre;Tränar inte;Somnar sent;Vilar;Bråkar;Sjukdomsoro;Fokuserar inte;Sociala medier;Stannar hemma;Skjuter upp;Alkohol/droger;Självskadar;Självmordstankar;Äter mer;Tvångar;Ältar;Oro;Flashbacks;Panikångest;Smärta;Social ångest;Ensam/ledsen;Trött;Stressad;Uttråkad;Arg;Modify?;Painful?;
;Relev?;;1;;1;;;;;1;;;1;;1;1;;1;1;;;;;1;1;1;;1;;;
Äter mindre;1;0;;;0;;;;;0;;;0;;0;0;;0;35;;;;;0;0;65;;0;7;0;Äter mindre
Tränar inte;;;;;;;;;;;;;;;;;;;;;;;;;;;;;;;Tränar inte
Somnar sent;1;0;0;;;;;;;0;;;0;;0;0;;0;0;;;;;0;0;72;;28;17;53;Somnar sent
Vilar;;;;;;;;;;;;;;;;;;;;;;;;;;;;;;;Vilar
Bråkar;;;;;;;;;;;;;;;;;;;;;;;;;;;;;;;Bråkar
Sjukdomsoro;;;;;;;;;;;;;;;;;;;;;;;;;;;;;;;Sjukdomsoro
Fokuserar inte;;;;;;;;;;;;;;;;;;;;;;;;;;;;;;;Fokuserar inte
Sociala medier;1;0;0;;0;;;;;;;;0;;0;0;;0;0;;;;;100;0;0;;0;25;2;Sociala medier
Stannar hemma;;;;;;;;;;;;;;;;;;;;;;;;;;;;;;;Stannar hemma
Skjuter upp;;;;;;;;;;;;;;;;;;;;;;;;;;;;;;;Skjuter upp
Alkohol/droger;1;0;0;;0;;;;;0;;;;;70;0;;0;20;;;;;0;0;10;;0;6;0;Alkohol/droger
Självskadar;;;;;;;;;;;;;;;;;;;;;;;;;;;;;;;Självskadar
Självmordstankar;1;0;0;;0;;;;;0;;;0;;;0;;35;54;;;;;11;0;0;;0;1;2;Självmordstankar
Äter mer;1;100;0;;0;;;;;0;;;0;;0;;;0;0;;;;;0;0;0;;0;65;75;Äter mer
Tvångar;;;;;;;;;;;;;;;;;;;;;;;;;;;;;;;Tvångar
Ältar;1;0;0;;0;;;;;0;;;0;;0;54;;;0;;;;;0;0;0;;46;11;75;Ältar
Oro;1;100;0;;0;;;;;0;;;0;;0;0;;0;;;;;;0;0;0;;0;1;100;Oro
Flashbacks;;;;;;;;;;;;;;;;;;;;;;;;;;;;;;;Flashbacks
Panikångest;;;;;;;;;;;;;;;;;;;;;;;;;;;;;;;Panikångest
Smärta;;;;;;;;;;;;;;;;;;;;;;;;;;;;;;;Smärta
Social ångest;;;;;;;;;;;;;;;;;;;;;;;;;;;;;;;Social ångest
Ensam/ledsen;1;22;0;;0;;;;;0;;;0;;44;0;;13;21;;;;;;;;;;1;60;Ensam/ledsen
Trött;1;0;20;;80;;;;;0;;;0;;0;0;;0;0;;;;;;;;;;4;58;Trött
Stressad;1;0;0;;0;;;;;0;;;0;;0;0;;0;100;;;;;;;;;;2;56;Stressad
Uttråkad;;;;;;;;;;;;;;;;;;;;;;;;;;;;;;;Uttråkad
Arg;1;0;11;;36;;;;;0;;;0;;0;53;;0;0;;;;;;;;;;1;39;Arg
SUMMA;;;31;0;116;0;0;0;0;0;0;0;0;0;114;107;0;48;230;0;0;0;0;111;0;147;0;74;;;
;;;;;;;;;;;;;;;;;;;;;;;;;;;;;;;
;Obs: följ en rad högerut för att se vad problemet ORSAKAS av;;;;;;;;;;;;;;;;;;;;;;;;;;;;;;
;Följ en kolumn neråt för att se vad problemen i översta raden LEDER TILL;;;;;;;;;;;;;;;;;;;;;;;;;;;;;;
