﻿765299;;Unkn;Äter mindre;Tränar inte;Somnar sent;Vilar;Bråkar;Sjukdomsoro;Fokuserar inte;Sociala medier;Stannar hemma;Skjuter upp;Alkohol/droger;Självskadar;Självmordstankar;Äter mer;Tvångar;Ältar;Orostankar;Flashbacks;Panikångest;Smärta;Social ångest;Ensam/ledsen;Trött;Stressad;Uttråkad;Arg;Modify?;Painful?;
;Relev?;;;1;1;1;;;;;;1;;;;1;;1;1;;;1;;1;;;1;1;;;
Äter mindre;;;;;;;;;;;;;;;;;;;;;;;;;;;;;;;Äter mindre
Tränar inte;1;34;;;0;0;;;;;;0;;;;0;;0;0;;;66;;0;;;0;0;74;37;Tränar inte
Somnar sent;1;28;;0;;0;;;;;;0;;;;0;;0;0;;;0;;72;;;0;0;34;85;Somnar sent
Vilar;1;10;;0;57;;;;;;;0;;;;0;;0;0;;;33;;0;;;0;0;56;82;Vilar
Bråkar;;;;;;;;;;;;;;;;;;;;;;;;;;;;;;;Bråkar
Sjukdomstankar;;;;;;;;;;;;;;;;;;;;;;;;;;;;;;;Sjukdomsoro
Fokuserar inte;;;;;;;;;;;;;;;;;;;;;;;;;;;;;;;Fokuserar inte
Sociala medier;;;;;;;;;;;;;;;;;;;;;;;;;;;;;;;Sociala medier
Stannar hemma;;;;;;;;;;;;;;;;;;;;;;;;;;;;;;;Stannar hemma
Skjuter upp;1;5;;0;0;0;;;;;;;;;;0;;0;62;;;33;;0;;;0;0;64;91;Skjuter upp
Alkohol/droger;;;;;;;;;;;;;;;;;;;;;;;;;;;;;;;Alkohol/droger
Självskadar;;;;;;;;;;;;;;;;;;;;;;;;;;;;;;;Självskadar
Självmordstankar;;;;;;;;;;;;;;;;;;;;;;;;;;;;;;;Självmordstankar
Äter mer;1;9;;0;0;0;;;;;;0;;;;;;26;0;;;37;;28;;;0;0;58;24;Äter mer
Tvångar;;;;;;;;;;;;;;;;;;;;;;;;;;;;;;;Tvångar
Ältar;1;0;;0;0;0;;;;;;5;;;;0;;;0;;;0;;77;;;18;0;73;94;Ältar
Orostankar;1;9;;0;0;0;;;;;;0;;;;0;;0;;;;0;;40;;;0;51;72;41;Oro
Flashbacks;;;;;;;;;;;;;;;;;;;;;;;;;;;;;;;Flashbacks
Panikångest;;;;;;;;;;;;;;;;;;;;;;;;;;;;;;;Panikångest
Smärta;1;0;;25;25;0;;;;;;50;;;;0;;0;0;;;;;;;;;;39;45;Smärta
Social ångest;;;;;;;;;;;;;;;;;;;;;;;;;;;;;;;Social ångest
Ensam/ledsen;1;0;;0;0;0;;;;;;0;;;;0;;100;0;;;;;;;;;;58;92;Ensam/ledsen
Trött;;;;;;;;;;;;;;;;;;;;;;;;;;;;;;;Trött
Stressad;;;;;;;;;;;;;;;;;;;;;;;;;;;;;;;Stressad
Uttråkad;1;0;;0;0;0;;;;;;27;;;;0;;52;21;;;;;;;;;;1;92;Uttråkad
Arg;1;31;;0;0;0;;;;;;0;;;;0;;0;69;;;;;;;;;;63;52;Arg
SUMMA;;;0;25;82;0;0;0;0;0;0;82;0;0;0;0;0;178;152;0;0;169;0;217;0;0;18;51;;;
;;;;;;;;;;;;;;;;;;;;;;;;;;;;;;;
;Obs: följ en rad högerut för att se vad problemet ORSAKAS av;;;;;;;;;;;;;;;;;;;;;;;;;;;;;;
;Följ en kolumn neråt för att se vad problemen i översta raden LEDER TILL;;;;;;;;;;;;;;;;;;;;;;;;;;;;;;
