﻿766057;;Unkn;Äter mindre;Tränar inte;Somnar sent;Vilar;Bråkar;Sjukdomsoro;Fokuserar inte;Sociala medier;Stannar hemma;Skjuter upp;Alkohol/droger;Självskadar;Självmordstankar;Äter mer;Tvångar;Ältar;Oro;Flashbacks;Panikångest;Smärta;Social ångest;Ensam/ledsen;Trött;Stressad;Uttråkad;Arg;Modify?;Painful?;
;Relev?;;;;1;;1;;1;1;;1;;;;;;1;1;1;;1;;1;1;1;1;1;;;
Äter mindre;;;;;;;;;;;;;;;;;;;;;;;;;;;;;;;Äter mindre
Tränar inte;;;;;;;;;;;;;;;;;;;;;;;;;;;;;;;Tränar inte
Somnar sent;1;0;;;;;0;;0;0;;0;;;;;;25;75;0;;0;;0;0;0;0;0;52;44;Somnar sent
Vilar;;;;;;;;;;;;;;;;;;;;;;;;;;;;;;;Vilar
Bråkar;1;0;;;0;;;;0;0;;0;;;;;;0;49;0;;0;;51;0;0;0;0;69;76;Bråkar
Sjukdomsoro;;;;;;;;;;;;;;;;;;;;;;;;;;;;;;;Sjukdomsoro
Fokuserar inte;1;0;;;0;;0;;;0;;0;;;;;;0;100;0;;0;;0;0;0;0;0;38;76;Fokuserar inte
Sociala medier;1;0;;;0;;0;;0;;;0;;;;;;0;0;0;;0;;0;100;0;0;0;86;11;Sociala medier
Stannar hemma;;;;;;;;;;;;;;;;;;;;;;;;;;;;;;;Stannar hemma
Skjuter upp;1;0;;;0;;0;;0;0;;;;;;;;50;50;0;;0;;0;0;0;0;0;92;84;Skjuter upp
Alkohol/droger;;;;;;;;;;;;;;;;;;;;;;;;;;;;;;;Alkohol/droger
Självskadar;;;;;;;;;;;;;;;;;;;;;;;;;;;;;;;Självskadar
Självmordstankar;;;;;;;;;;;;;;;;;;;;;;;;;;;;;;;Självmordstankar
Äter mer;;;;;;;;;;;;;;;;;;;;;;;;;;;;;;;Äter mer
Tvångar;;;;;;;;;;;;;;;;;;;;;;;;;;;;;;;Tvångar
Ältar;1;100;;;0;;0;;0;0;;0;;;;;;;0;0;;0;;0;0;0;0;0;56;85;Ältar
Oro;1;100;;;0;;0;;0;0;;0;;;;;;0;;0;;0;;0;0;0;0;0;18;93;Oro
Flashbacks;1;100;;;0;;0;;0;0;;0;;;;;;0;0;;;;;;;;;;33;70;Flashbacks
Panikångest;;;;;;;;;;;;;;;;;;;;;;;;;;;;;;;Panikångest
Smärta;1;100;;;0;;0;;0;0;;0;;;;;;0;0;;;;;;;;;;30;51;Smärta
Social ångest;;;;;;;;;;;;;;;;;;;;;;;;;;;;;;;Social ångest
Ensam/ledsen;1;100;;;0;;0;;0;0;;0;;;;;;0;0;;;;;;;;;;62;86;Ensam/ledsen
Trött;1;100;;;0;;0;;0;0;;0;;;;;;0;0;;;;;;;;;;34;71;Trött
Stressad;1;100;;;0;;0;;0;0;;0;;;;;;0;0;;;;;;;;;;52;70;Stressad
Uttråkad;1;100;;;0;;0;;0;0;;0;;;;;;0;0;;;;;;;;;;41;45;Uttråkad
Arg;1;100;;;0;;0;;0;0;;0;;;;;;0;0;;;;;;;;;;68;47;Arg
SUMMA;;;0;0;0;0;0;0;0;0;0;0;0;0;0;0;0;75;274;0;0;0;0;51;100;0;0;0;;;
;;;;;;;;;;;;;;;;;;;;;;;;;;;;;;;
;Obs: följ en rad högerut för att se vad problemet ORSAKAS av;;;;;;;;;;;;;;;;;;;;;;;;;;;;;;
;Följ en kolumn neråt för att se vad problemen i översta raden LEDER TILL;;;;;;;;;;;;;;;;;;;;;;;;;;;;;;
