﻿767513;;Unkn;Äter mindre;Tränar inte;Somnar sent;Vilar;Bråkar;Sjukdomsoro;Fokuserar inte;Sociala medier;Stannar hemma;Skjuter upp;Alkohol/droger;Självskadar;Självmordstankar;Äter mer;Tvångar;Ältar;Orostankar;Flashbacks;Panikångest;Smärta;Social ångest;Ensam/ledsen;Trött;Stressad;Uttråkad;Arg;Modify?;Painful?;
;Relev?;;;1;;;;;1;1;;1;1;;1;1;;1;1;;1;;;1;1;1;;1;;;
Äter mindre;;;;;;;;;;;;;;;;;;;;;;;;;;;;;;;Äter mindre
Tränar inte;1;0;;;;;;;40;0;;37;0;;0;0;;0;0;;0;;;0;23;0;;0;82;56;Tränar inte
Somnar sent;;;;;;;;;;;;;;;;;;;;;;;;;;;;;;;Somnar sent
Vilar;;;;;;;;;;;;;;;;;;;;;;;;;;;;;;;Vilar
Bråkar;;;;;;;;;;;;;;;;;;;;;;;;;;;;;;;Bråkar
Sjukdomstankar;;;;;;;;;;;;;;;;;;;;;;;;;;;;;;;Sjukdomsoro
Fokuserar inte;1;0;;0;;;;;;0;;0;0;;27;0;;0;39;;0;;;34;0;0;;0;57;75;Fokuserar inte
Sociala medier;1;0;;0;;;;;32;;;0;0;;0;0;;0;61;;0;;;7;0;0;;0;93;53;Sociala medier
Stannar hemma;;;;;;;;;;;;;;;;;;;;;;;;;;;;;;;Stannar hemma
Skjuter upp;1;0;;0;;;;;0;25;;;0;;0;0;;0;40;;0;;;0;35;0;;0;67;68;Skjuter upp
Alkohol/droger;1;0;;0;;;;;0;0;;0;;;20;0;;0;45;;0;;;35;0;0;;0;88;60;Alkohol/droger
Självskadar;;;;;;;;;;;;;;;;;;;;;;;;;;;;;;;Självskadar
Självmordstankar;1;0;;0;;;;;0;0;;28;0;;;0;;30;0;;0;;;42;0;0;;0;63;67;Självmordstankar
Äter mer;1;0;;0;;;;;0;0;;0;0;;24;;;0;53;;0;;;23;0;0;;0;86;76;Äter mer
Tvångar;;;;;;;;;;;;;;;;;;;;;;;;;;;;;;;Tvångar
Ältar;1;0;;0;;;;;25;0;;35;0;;0;0;;;40;;0;;;0;0;0;;0;59;70;Ältar
Orostankar;1;0;;34;;;;;0;0;;36;0;;0;0;;0;;;0;;;30;0;0;;0;76;82;Oro
Flashbacks;;;;;;;;;;;;;;;;;;;;;;;;;;;;;;;Flashbacks
Panikångest;1;0;;0;;;;;0;0;;0;0;;25;33;;0;42;;;;;;;;;;69;73;Panikångest
Smärta;;;;;;;;;;;;;;;;;;;;;;;;;;;;;;;Smärta
Social ångest;;;;;;;;;;;;;;;;;;;;;;;;;;;;;;;Social ångest
Ensam/ledsen;1;0;;0;;;;;0;0;;0;0;;31;0;;30;39;;;;;;;;;;69;81;Ensam/ledsen
Trött;1;0;;58;;;;;0;22;;0;20;;0;0;;0;0;;;;;;;;;;43;39;Trött
Stressad;1;0;;30;;;;;26;0;;0;0;;0;0;;44;0;;;;;;;;;;79;72;Stressad
Uttråkad;;;;;;;;;;;;;;;;;;;;;;;;;;;;;;;Uttråkad
Arg;1;0;;0;;;;;0;29;;0;0;;0;0;;44;27;;;;;;;;;;74;72;Arg
SUMMA;;;0;122;0;0;0;0;123;76;0;136;20;0;127;33;0;148;386;0;0;0;0;171;58;0;0;0;;;
;;;;;;;;;;;;;;;;;;;;;;;;;;;;;;;
;Obs: följ en rad högerut för att se vad problemet ORSAKAS av;;;;;;;;;;;;;;;;;;;;;;;;;;;;;;
;Följ en kolumn neråt för att se vad problemen i översta raden LEDER TILL;;;;;;;;;;;;;;;;;;;;;;;;;;;;;;
