﻿772195;;Unkn;Äter mindre;Tränar inte;Somnar sent;Vilar;Bråkar;Sjukdomsoro;Fokuserar inte;Sociala medier;Stannar hemma;Skjuter upp;Alkohol/droger;Självskadar;Självmordstankar;Äter mer;Tvångar;Ältar;Oro;Flashbacks;Panikångest;Smärta;Social ångest;Ensam/ledsen;Trött;Stressad;Uttråkad;Arg;Modify?;Painful?;
;Relev?;;;1;;;1;1;;1;;1;;;;;;;;;;1;;;1;1;1;1;;;
Äter mindre;;;;;;;;;;;;;;;;;;;;;;;;;;;;;;;Äter mindre
Tränar inte;1;0;;;;;0;0;;0;;0;;;;;;;;;;0;;;52;27;21;0;71;11;Tränar inte
Somnar sent;;;;;;;;;;;;;;;;;;;;;;;;;;;;;;;Somnar sent
Vilar;;;;;;;;;;;;;;;;;;;;;;;;;;;;;;;Vilar
Bråkar;1;0;;0;;;;0;;0;;0;;;;;;;;;;0;;;0;39;15;46;63;64;Bråkar
Sjukdomsoro;1;18;;0;;;0;;;0;;0;;;;;;;;;;82;;;0;0;0;0;54;6;Sjukdomsoro
Fokuserar inte;;;;;;;;;;;;;;;;;;;;;;;;;;;;;;;Fokuserar inte
Sociala medier;1;14;;0;;;17;0;;;;0;;;;;;;;;;0;;;33;36;0;0;80;10;Sociala medier
Stannar hemma;;;;;;;;;;;;;;;;;;;;;;;;;;;;;;;Stannar hemma
Skjuter upp;1;5;;0;;;0;0;;0;;;;;;;;;;;;0;;;34;23;38;0;61;12;Skjuter upp
Alkohol/droger;;;;;;;;;;;;;;;;;;;;;;;;;;;;;;;Alkohol/droger
Självskadar;;;;;;;;;;;;;;;;;;;;;;;;;;;;;;;Självskadar
Självmordstankar;;;;;;;;;;;;;;;;;;;;;;;;;;;;;;;Självmordstankar
Äter mer;;;;;;;;;;;;;;;;;;;;;;;;;;;;;;;Äter mer
Tvångar;;;;;;;;;;;;;;;;;;;;;;;;;;;;;;;Tvångar
Ältar;;;;;;;;;;;;;;;;;;;;;;;;;;;;;;;Ältar
Oro;;;;;;;;;;;;;;;;;;;;;;;;;;;;;;;Oro
Flashbacks;;;;;;;;;;;;;;;;;;;;;;;;;;;;;;;Flashbacks
Panikångest;;;;;;;;;;;;;;;;;;;;;;;;;;;;;;;Panikångest
Smärta;1;65;;13;;;0;0;;0;;22;;;;;;;;;;;;;;;;;37;14;Smärta
Social ångest;;;;;;;;;;;;;;;;;;;;;;;;;;;;;;;Social ångest
Ensam/ledsen;;;;;;;;;;;;;;;;;;;;;;;;;;;;;;;Ensam/ledsen
Trött;1;39;;30;;;31;0;;0;;0;;;;;;;;;;;;;;;;;33;56;Trött
Stressad;1;36;;27;;;23;0;;0;;14;;;;;;;;;;;;;;;;;61;55;Stressad
Uttråkad;1;64;;0;;;36;0;;0;;0;;;;;;;;;;;;;;;;;38;64;Uttråkad
Arg;1;66;;0;;;34;0;;0;;0;;;;;;;;;;;;;;;;;44;66;Arg
SUMMA;;;0;70;0;0;141;0;0;0;0;36;0;0;0;0;0;0;0;0;0;82;0;0;119;125;74;46;;;
;;;;;;;;;;;;;;;;;;;;;;;;;;;;;;;
;Obs: följ en rad högerut för att se vad problemet ORSAKAS av;;;;;;;;;;;;;;;;;;;;;;;;;;;;;;
;Följ en kolumn neråt för att se vad problemen i översta raden LEDER TILL;;;;;;;;;;;;;;;;;;;;;;;;;;;;;;
