﻿784494;;Unkn;Äter mindre;Tränar inte;Somnar sent;Vilar;Bråkar;Sjukdomsoro;Fokuserar inte;Sociala medier;Stannar hemma;Skjuter upp;Alkohol/droger;Självskadar;Självmordstankar;Äter mer;Tvångar;Ältar;Orostankar;Flashbacks;Panikångest;Smärta;Social ångest;Ensam/ledsen;Trött;Stressad;Uttråkad;Arg;Modify?;Painful?;
;Relev?;;1;1;;;;;;1;;1;1;;;;;1;1;;1;1;1;1;;;1;1;;;
Äter mindre;1;0;;0;;;;;;0;;31;0;;;;;38;0;;0;0;0;31;;;0;0;100;11;Äter mindre
Tränar inte;1;0;0;;;;;;;0;;14;70;;;;;16;0;;0;0;0;0;;;0;0;52;6;Tränar inte
Somnar sent;;;;;;;;;;;;;;;;;;;;;;;;;;;;;;;Somnar sent
Vilar;;;;;;;;;;;;;;;;;;;;;;;;;;;;;;;Vilar
Bråkar;;;;;;;;;;;;;;;;;;;;;;;;;;;;;;;Bråkar
Sjukdomstankar;;;;;;;;;;;;;;;;;;;;;;;;;;;;;;;Sjukdomsoro
Fokuserar inte;;;;;;;;;;;;;;;;;;;;;;;;;;;;;;;Fokuserar inte
Sociala medier;1;0;0;0;;;;;;;;32;50;;;;;18;0;;0;0;0;0;;;0;0;76;11;Sociala medier
Stannar hemma;;;;;;;;;;;;;;;;;;;;;;;;;;;;;;;Stannar hemma
Skjuter upp;1;0;0;0;;;;;;50;;;36;;;;;14;0;;0;0;0;0;;;0;0;77;15;Skjuter upp
Alkohol/droger;1;0;0;0;;;;;;0;;0;;;;;;33;0;;0;0;0;34;;;33;0;76;50;Alkohol/droger
Självskadar;;;;;;;;;;;;;;;;;;;;;;;;;;;;;;;Självskadar
Självmordstankar;;;;;;;;;;;;;;;;;;;;;;;;;;;;;;;Självmordstankar
Äter mer;;;;;;;;;;;;;;;;;;;;;;;;;;;;;;;Äter mer
Tvångar;;;;;;;;;;;;;;;;;;;;;;;;;;;;;;;Tvångar
Ältar;1;0;0;0;;;;;;0;;0;49;;;;;;0;;0;0;0;27;;;0;24;75;20;Ältar
Orostankar;1;0;0;0;;;;;;0;;0;0;;;;;33;;;0;0;0;33;;;34;0;74;20;Oro
Flashbacks;;;;;;;;;;;;;;;;;;;;;;;;;;;;;;;Flashbacks
Panikångest;1;0;0;0;;;;;;0;;0;0;;;;;55;45;;;;;;;;;;76;20;Panikångest
Smärta;1;0;50;0;;;;;;0;;50;0;;;;;0;0;;;;;;;;;;51;20;Smärta
Social ångest;1;100;0;0;;;;;;0;;0;0;;;;;0;0;;;;;;;;;;78;20;Social ångest
Ensam/ledsen;1;0;0;0;;;;;;0;;32;0;;;;;33;35;;;;;;;;;;77;8;Ensam/ledsen
Trött;;;;;;;;;;;;;;;;;;;;;;;;;;;;;;;Trött
Stressad;;;;;;;;;;;;;;;;;;;;;;;;;;;;;;;Stressad
Uttråkad;1;0;0;34;;;;;;0;;0;0;;;;;32;34;;;;;;;;;;77;9;Uttråkad
Arg;1;0;0;0;;;;;;0;;0;33;;;;;33;34;;;;;;;;;;52;30;Arg
SUMMA;;;50;34;0;0;0;0;0;50;0;159;238;0;0;0;0;305;148;0;0;0;0;125;0;0;67;24;;;
;;;;;;;;;;;;;;;;;;;;;;;;;;;;;;;
;Obs: följ en rad högerut för att se vad problemet ORSAKAS av;;;;;;;;;;;;;;;;;;;;;;;;;;;;;;
;Följ en kolumn neråt för att se vad problemen i översta raden LEDER TILL;;;;;;;;;;;;;;;;;;;;;;;;;;;;;;
