﻿809538;;Unkn;Äter mindre;Tränar inte;Somnar sent;Vilar;Bråkar;Sjukdomsoro;Fokuserar inte;Sociala medier;Stannar hemma;Skjuter upp;Alkohol/droger;Självskadar;Självmordstankar;Äter mer;Tvångar;Ältar;Orostankar;Flashbacks;Panikångest;Smärta;Social ångest;Ensam/ledsen;Trött;Stressad;Uttråkad;Arg;Modify?;Painful?;
;Relev?;;;1;1;;1;;1;1;;1;;;;;;;;;;;;;1;1;;1;;;
Äter mindre;;;;;;;;;;;;;;;;;;;;;;;;;;;;;;;Äter mindre
Tränar inte;1;0;;;0;;0;;25;0;;64;;;;;;;;;;;;;0;11;;0;91;33;Tränar inte
Somnar sent;1;0;;0;;;0;;0;25;;61;;;;;;;;;;;;;0;14;;0;87;46;Somnar sent
Vilar;;;;;;;;;;;;;;;;;;;;;;;;;;;;;;;Vilar
Bråkar;1;0;;0;27;;;;0;0;;0;;;;;;;;;;;;;0;44;;29;83;76;Bråkar
Sjukdomstankar;;;;;;;;;;;;;;;;;;;;;;;;;;;;;;;Sjukdomsoro
Fokuserar inte;1;0;;0;0;;0;;;0;;51;;;;;;;;;;;;;12;37;;0;81;33;Fokuserar inte
Sociala medier;1;100;;0;0;;0;;0;;;0;;;;;;;;;;;;;0;0;;0;92;9;Sociala medier
Stannar hemma;;;;;;;;;;;;;;;;;;;;;;;;;;;;;;;Stannar hemma
Skjuter upp;1;0;;0;0;;0;;54;0;;;;;;;;;;;;;;;14;32;;0;90;9;Skjuter upp
Alkohol/droger;;;;;;;;;;;;;;;;;;;;;;;;;;;;;;;Alkohol/droger
Självskadar;;;;;;;;;;;;;;;;;;;;;;;;;;;;;;;Självskadar
Självmordstankar;;;;;;;;;;;;;;;;;;;;;;;;;;;;;;;Självmordstankar
Äter mer;;;;;;;;;;;;;;;;;;;;;;;;;;;;;;;Äter mer
Tvångar;;;;;;;;;;;;;;;;;;;;;;;;;;;;;;;Tvångar
Ältar;;;;;;;;;;;;;;;;;;;;;;;;;;;;;;;Ältar
Orostankar;;;;;;;;;;;;;;;;;;;;;;;;;;;;;;;Oro
Flashbacks;;;;;;;;;;;;;;;;;;;;;;;;;;;;;;;Flashbacks
Panikångest;;;;;;;;;;;;;;;;;;;;;;;;;;;;;;;Panikångest
Smärta;;;;;;;;;;;;;;;;;;;;;;;;;;;;;;;Smärta
Social ångest;;;;;;;;;;;;;;;;;;;;;;;;;;;;;;;Social ångest
Ensam/ledsen;;;;;;;;;;;;;;;;;;;;;;;;;;;;;;;Ensam/ledsen
Trött;1;0;;40;27;;0;;33;0;;0;;;;;;;;;;;;;;;;;54;40;Trött
Stressad;1;0;;27;0;;0;;44;0;;29;;;;;;;;;;;;;;;;;55;59;Stressad
Uttråkad;;;;;;;;;;;;;;;;;;;;;;;;;;;;;;;Uttråkad
Arg;1;0;;53;0;;0;;42;0;;5;;;;;;;;;;;;;;;;;90;32;Arg
SUMMA;;;0;120;54;0;0;0;198;25;0;210;0;0;0;0;0;0;0;0;0;0;0;0;26;138;0;29;;;
;;;;;;;;;;;;;;;;;;;;;;;;;;;;;;;
;Obs: följ en rad högerut för att se vad problemet ORSAKAS av;;;;;;;;;;;;;;;;;;;;;;;;;;;;;;
;Följ en kolumn neråt för att se vad problemen i översta raden LEDER TILL;;;;;;;;;;;;;;;;;;;;;;;;;;;;;;
