﻿820756;;Unkn;Äter mindre;Tränar inte;Somnar sent;Vilar;Bråkar;Sjukdomsoro;Fokuserar inte;Sociala medier;Stannar hemma;Skjuter upp;Alkohol/droger;Självskadar;Självmordstankar;Äter mer;Tvångar;Ältar;Oro;Flashbacks;Panikångest;Smärta;Social ångest;Ensam/ledsen;Trött;Stressad;Uttråkad;Arg;Modify?;Painful?;
;Relev?;;;1;;1;;;1;1;;1;;;;;;;1;1;;;1;1;1;1;1;;;;
Äter mindre;;;;;;;;;;;;;;;;;;;;;;;;;;;;;;;Äter mindre
Tränar inte;1;0;;;;0;;;18;7;;0;;;;;;;0;0;;;0;0;75;0;0;;100;30;Tränar inte
Somnar sent;;;;;;;;;;;;;;;;;;;;;;;;;;;;;;;Somnar sent
Vilar;1;15;;0;;;;;0;0;;0;;;;;;;0;0;;;0;0;60;0;25;;70;65;Vilar
Bråkar;;;;;;;;;;;;;;;;;;;;;;;;;;;;;;;Bråkar
Sjukdomsoro;;;;;;;;;;;;;;;;;;;;;;;;;;;;;;;Sjukdomsoro
Fokuserar inte;1;13;;0;;0;;;;0;;0;;;;;;;74;0;;;0;0;0;13;0;;59;35;Fokuserar inte
Sociala medier;1;5;;0;;0;;;15;;;0;;;;;;;0;0;;;25;0;0;0;55;;80;55;Sociala medier
Stannar hemma;;;;;;;;;;;;;;;;;;;;;;;;;;;;;;;Stannar hemma
Skjuter upp;1;5;;0;;0;;;65;10;;;;;;;;;0;0;;;20;0;0;0;0;;100;35;Skjuter upp
Alkohol/droger;;;;;;;;;;;;;;;;;;;;;;;;;;;;;;;Alkohol/droger
Självskadar;;;;;;;;;;;;;;;;;;;;;;;;;;;;;;;Självskadar
Självmordstankar;;;;;;;;;;;;;;;;;;;;;;;;;;;;;;;Självmordstankar
Äter mer;;;;;;;;;;;;;;;;;;;;;;;;;;;;;;;Äter mer
Tvångar;;;;;;;;;;;;;;;;;;;;;;;;;;;;;;;Tvångar
Ältar;;;;;;;;;;;;;;;;;;;;;;;;;;;;;;;Ältar
Oro;1;10;;0;;0;;;0;0;;0;;;;;;;;0;;;0;30;10;0;50;;80;40;Oro
Flashbacks;1;100;;0;;0;;;0;0;;0;;;;;;;0;;;;;;;;;;75;75;Flashbacks
Panikångest;;;;;;;;;;;;;;;;;;;;;;;;;;;;;;;Panikångest
Smärta;;;;;;;;;;;;;;;;;;;;;;;;;;;;;;;Smärta
Social ångest;1;50;;0;;0;;;0;0;;0;;;;;;;50;;;;;;;;;;80;50;Social ångest
Ensam/ledsen;1;34;;0;;0;;;0;33;;0;;;;;;;33;;;;;;;;;;90;60;Ensam/ledsen
Trött;1;100;;0;;0;;;0;0;;0;;;;;;;0;;;;;;;;;;30;85;Trött
Stressad;1;100;;0;;0;;;0;0;;0;;;;;;;0;;;;;;;;;;29;15;Stressad
Uttråkad;1;100;;0;;0;;;0;0;;0;;;;;;;0;;;;;;;;;;65;100;Uttråkad
Arg;;;;;;;;;;;;;;;;;;;;;;;;;;;;;;;Arg
SUMMA;;;0;0;0;0;0;0;98;50;0;0;0;0;0;0;0;0;157;0;0;0;45;30;145;13;130;0;;;
;;;;;;;;;;;;;;;;;;;;;;;;;;;;;;;
;Obs: följ en rad högerut för att se vad problemet ORSAKAS av;;;;;;;;;;;;;;;;;;;;;;;;;;;;;;
;Följ en kolumn neråt för att se vad problemen i översta raden LEDER TILL;;;;;;;;;;;;;;;;;;;;;;;;;;;;;;
