﻿825562;;Unkn;Äter mindre;Tränar inte;Somnar sent;Vilar;Bråkar;Sjukdomsoro;Fokuserar inte;Sociala medier;Stannar hemma;Skjuter upp;Alkohol/droger;Självskadar;Självmordstankar;Äter mer;Tvångar;Ältar;Orostankar;Flashbacks;Panikångest;Smärta;Social ångest;Ensam/ledsen;Trött;Stressad;Uttråkad;Arg;Modify?;Painful?;
;Relev?;;;;;;;;1;;1;;;;1;1;;1;1;;;;1;1;1;1;1;;;;
Äter mindre;;;;;;;;;;;;;;;;;;;;;;;;;;;;;;;Äter mindre
Tränar inte;;;;;;;;;;;;;;;;;;;;;;;;;;;;;;;Tränar inte
Somnar sent;;;;;;;;;;;;;;;;;;;;;;;;;;;;;;;Somnar sent
Vilar;;;;;;;;;;;;;;;;;;;;;;;;;;;;;;;Vilar
Bråkar;;;;;;;;;;;;;;;;;;;;;;;;;;;;;;;Bråkar
Sjukdomstankar;;;;;;;;;;;;;;;;;;;;;;;;;;;;;;;Sjukdomsoro
Fokuserar inte;1;0;;;;;;;;;0;;;;21;0;;0;0;;;;27;52;0;0;0;;52;14;Fokuserar inte
Sociala medier;;;;;;;;;;;;;;;;;;;;;;;;;;;;;;;Sociala medier
Stannar hemma;1;21;;;;;;;0;;;;;;16;0;;0;0;;;;7;56;0;0;0;;89;44;Stannar hemma
Skjuter upp;;;;;;;;;;;;;;;;;;;;;;;;;;;;;;;Skjuter upp
Alkohol/droger;;;;;;;;;;;;;;;;;;;;;;;;;;;;;;;Alkohol/droger
Självskadar;;;;;;;;;;;;;;;;;;;;;;;;;;;;;;;Självskadar
Självmordstankar;1;11;;;;;;;0;;0;;;;;0;;16;17;;;;0;56;0;0;0;;1;100;Självmordstankar
Äter mer;1;15;;;;;;;0;;0;;;;0;;;0;0;;;;0;28;0;28;29;;91;46;Äter mer
Tvångar;;;;;;;;;;;;;;;;;;;;;;;;;;;;;;;Tvångar
Ältar;1;32;;;;;;;0;;0;;;;0;4;;;0;;;;0;64;0;0;0;;39;23;Ältar
Orostankar;1;9;;;;;;;0;;19;;;;17;0;;0;;;;;0;55;0;0;0;;2;23;Oro
Flashbacks;;;;;;;;;;;;;;;;;;;;;;;;;;;;;;;Flashbacks
Panikångest;;;;;;;;;;;;;;;;;;;;;;;;;;;;;;;Panikångest
Smärta;;;;;;;;;;;;;;;;;;;;;;;;;;;;;;;Smärta
Social ångest;1;32;;;;;;;14;;0;;;;33;0;;0;21;;;;;;;;;;48;51;Social ångest
Ensam/ledsen;1;0;;;;;;;0;;25;;;;0;0;;50;25;;;;;;;;;;0;100;Ensam/ledsen
Trött;1;9;;;;;;;27;;0;;;;0;0;;31;33;;;;;;;;;;12;15;Trött
Stressad;1;0;;;;;;;0;;0;;;;44;0;;24;32;;;;;;;;;;11;30;Stressad
Uttråkad;1;0;;;;;;;0;;70;;;;18;0;;0;12;;;;;;;;;;21;21;Uttråkad
Arg;;;;;;;;;;;;;;;;;;;;;;;;;;;;;;;Arg
SUMMA;;;0;0;0;0;0;0;41;0;114;0;0;0;149;4;0;121;140;0;0;0;34;311;0;28;29;0;;;
;;;;;;;;;;;;;;;;;;;;;;;;;;;;;;;
;Obs: följ en rad högerut för att se vad problemet ORSAKAS av;;;;;;;;;;;;;;;;;;;;;;;;;;;;;;
;Följ en kolumn neråt för att se vad problemen i översta raden LEDER TILL;;;;;;;;;;;;;;;;;;;;;;;;;;;;;;
