﻿828505;;Unkn;Äter mindre;Tränar inte;Somnar sent;Vilar;Bråkar;Sjukdomsoro;Fokuserar inte;Sociala medier;Stannar hemma;Skjuter upp;Alkohol/droger;Självskadar;Självmordstankar;Äter mer;Tvångar;Ältar;Orostankar;Flashbacks;Panikångest;Smärta;Social ångest;Ensam/ledsen;Trött;Stressad;Uttråkad;Arg;Modify?;Painful?;
;Relev?;;1;1;1;;;;1;1;;1;;;;;;;;;;1;;;1;1;1;;;;
Äter mindre;1;0;;33;28;;;;0;0;;0;;;;;;;;;;39;;;0;0;0;;100;51;Äter mindre
Tränar inte;1;0;0;;0;;;;0;0;;32;;;;;;;;;;49;;;0;0;19;;100;86;Tränar inte
Somnar sent;1;0;0;0;;;;;0;43;;0;;;;;;;;;;21;;;0;36;0;;100;88;Somnar sent
Vilar;;;;;;;;;;;;;;;;;;;;;;;;;;;;;;;Vilar
Bråkar;;;;;;;;;;;;;;;;;;;;;;;;;;;;;;;Bråkar
Sjukdomstankar;;;;;;;;;;;;;;;;;;;;;;;;;;;;;;;Sjukdomsoro
Fokuserar inte;1;0;0;54;0;;;;;28;;0;;;;;;;;;;0;;;0;18;0;;100;50;Fokuserar inte
Sociala medier;1;2;0;0;0;;;;0;;;0;;;;;;;;;;0;;;0;98;0;;100;50;Sociala medier
Stannar hemma;;;;;;;;;;;;;;;;;;;;;;;;;;;;;;;Stannar hemma
Skjuter upp;1;0;0;0;13;;;;0;0;;;;;;;;;;;;34;;;0;53;0;;100;83;Skjuter upp
Alkohol/droger;;;;;;;;;;;;;;;;;;;;;;;;;;;;;;;Alkohol/droger
Självskadar;;;;;;;;;;;;;;;;;;;;;;;;;;;;;;;Självskadar
Självmordstankar;;;;;;;;;;;;;;;;;;;;;;;;;;;;;;;Självmordstankar
Äter mer;;;;;;;;;;;;;;;;;;;;;;;;;;;;;;;Äter mer
Tvångar;;;;;;;;;;;;;;;;;;;;;;;;;;;;;;;Tvångar
Ältar;;;;;;;;;;;;;;;;;;;;;;;;;;;;;;;Ältar
Orostankar;;;;;;;;;;;;;;;;;;;;;;;;;;;;;;;Oro
Flashbacks;;;;;;;;;;;;;;;;;;;;;;;;;;;;;;;Flashbacks
Panikångest;;;;;;;;;;;;;;;;;;;;;;;;;;;;;;;Panikångest
Smärta;1;0;49;43;0;;;;0;8;;0;;;;;;;;;;;;;;;;;51;65;Smärta
Social ångest;;;;;;;;;;;;;;;;;;;;;;;;;;;;;;;Social ångest
Ensam/ledsen;;;;;;;;;;;;;;;;;;;;;;;;;;;;;;;Ensam/ledsen
Trött;1;0;17;25;58;;;;0;0;;0;;;;;;;;;;;;;;;;;66;73;Trött
Stressad;1;26;0;74;0;;;;0;0;;0;;;;;;;;;;;;;;;;;100;64;Stressad
Uttråkad;1;43;0;57;0;;;;0;0;;0;;;;;;;;;;;;;;;;;100;63;Uttråkad
Arg;;;;;;;;;;;;;;;;;;;;;;;;;;;;;;;Arg
SUMMA;;;66;286;99;0;0;0;0;79;0;32;0;0;0;0;0;0;0;0;0;143;0;0;0;205;19;0;;;
;;;;;;;;;;;;;;;;;;;;;;;;;;;;;;;
;Obs: följ en rad högerut för att se vad problemet ORSAKAS av;;;;;;;;;;;;;;;;;;;;;;;;;;;;;;
;Följ en kolumn neråt för att se vad problemen i översta raden LEDER TILL;;;;;;;;;;;;;;;;;;;;;;;;;;;;;;
