﻿831462;;Unkn;Äter mindre;Tränar inte;Somnar sent;Vilar;Bråkar;Sjukdomsoro;Fokuserar inte;Sociala medier;Stannar hemma;Skjuter upp;Alkohol/droger;Självskadar;Självmordstankar;Äter mer;Tvångar;Ältar;Orostankar;Flashbacks;Panikångest;Smärta;Social ångest;Ensam/ledsen;Trött;Stressad;Uttråkad;Arg;Modify?;Painful?;
;Relev?;;;1;1;;;;1;1;;1;;;1;;;1;1;1;;1;;1;1;1;1;1;;;
Äter mindre;;;;;;;;;;;;;;;;;;;;;;;;;;;;;;;Äter mindre
Tränar inte;1;0;;;0;;;;14;0;;0;;;0;;;0;52;0;;0;;34;0;0;0;0;22;100;Tränar inte
Somnar sent;1;0;;0;;;;;0;0;;0;;;0;;;0;67;33;;0;;0;0;0;0;0;20;100;Somnar sent
Vilar;;;;;;;;;;;;;;;;;;;;;;;;;;;;;;;Vilar
Bråkar;;;;;;;;;;;;;;;;;;;;;;;;;;;;;;;Bråkar
Sjukdomstankar;;;;;;;;;;;;;;;;;;;;;;;;;;;;;;;Sjukdomsoro
Fokuserar inte;1;0;;0;0;;;;;0;;0;;;0;;;0;30;26;;0;;0;0;44;0;0;24;96;Fokuserar inte
Sociala medier;1;0;;0;0;;;;0;;;0;;;0;;;30;38;0;;0;;32;0;0;0;0;56;97;Sociala medier
Stannar hemma;;;;;;;;;;;;;;;;;;;;;;;;;;;;;;;Stannar hemma
Skjuter upp;1;0;;0;0;;;;31;0;;;;;0;;;0;47;0;;0;;22;0;0;0;0;28;100;Skjuter upp
Alkohol/droger;;;;;;;;;;;;;;;;;;;;;;;;;;;;;;;Alkohol/droger
Självskadar;;;;;;;;;;;;;;;;;;;;;;;;;;;;;;;Självskadar
Självmordstankar;1;0;;0;0;;;;0;0;;0;;;;;;0;100;0;;0;;0;0;0;0;0;33;100;Självmordstankar
Äter mer;;;;;;;;;;;;;;;;;;;;;;;;;;;;;;;Äter mer
Tvångar;;;;;;;;;;;;;;;;;;;;;;;;;;;;;;;Tvångar
Ältar;1;0;;0;0;;;;0;0;;0;;;0;;;;51;29;;0;;20;0;0;0;0;14;100;Ältar
Orostankar;1;29;;0;0;;;;0;0;;0;;;0;;;71;;0;;0;;0;0;0;0;0;13;100;Oro
Flashbacks;1;53;;0;0;;;;0;0;;0;;;0;;;47;0;;;;;;;;;;7;100;Flashbacks
Panikångest;;;;;;;;;;;;;;;;;;;;;;;;;;;;;;;Panikångest
Smärta;1;0;;0;0;;;;0;0;;0;;;0;;;0;100;;;;;;;;;;38;100;Smärta
Social ångest;;;;;;;;;;;;;;;;;;;;;;;;;;;;;;;Social ångest
Ensam/ledsen;1;0;;0;0;;;;52;0;;0;;;0;;;0;48;;;;;;;;;;0;100;Ensam/ledsen
Trött;1;0;;0;0;;;;0;0;;0;;;0;;;100;0;;;;;;;;;;7;100;Trött
Stressad;1;0;;0;0;;;;0;0;;0;;;0;;;0;100;;;;;;;;;;5;100;Stressad
Uttråkad;1;0;;0;0;;;;0;0;;0;;;0;;;0;100;;;;;;;;;;0;100;Uttråkad
Arg;1;0;;0;0;;;;0;0;;0;;;0;;;0;100;;;;;;;;;;1;100;Arg
SUMMA;;;0;0;0;0;0;0;97;0;0;0;0;0;0;0;0;248;833;88;0;0;0;108;0;44;0;0;;;
;;;;;;;;;;;;;;;;;;;;;;;;;;;;;;;
;Obs: följ en rad högerut för att se vad problemet ORSAKAS av;;;;;;;;;;;;;;;;;;;;;;;;;;;;;;
;Följ en kolumn neråt för att se vad problemen i översta raden LEDER TILL;;;;;;;;;;;;;;;;;;;;;;;;;;;;;;
