﻿838448;;Unkn;Äter mindre;Tränar inte;Somnar sent;Vilar;Bråkar;Sjukdomsoro;Fokuserar inte;Sociala medier;Stannar hemma;Skjuter upp;Alkohol/droger;Självskadar;Självmordstankar;Äter mer;Tvångar;Ältar;Oro;Flashbacks;Panikångest;Smärta;Social ångest;Ensam/ledsen;Trött;Stressad;Uttråkad;Arg;Modify?;Painful?;
;Relev?;;;;1;;1;;1;;;1;;;;1;;1;;;;1;1;;1;1;1;1;;;
Äter mindre;;;;;;;;;;;;;;;;;;;;;;;;;;;;;;;Äter mindre
Tränar inte;;;;;;;;;;;;;;;;;;;;;;;;;;;;;;;Tränar inte
Somnar sent;1;14;;;;;0;;0;;;53;;;;0;;0;;;;0;11;;22;0;0;0;82;30;Somnar sent
Vilar;;;;;;;;;;;;;;;;;;;;;;;;;;;;;;;Vilar
Bråkar;1;22;;;0;;;;22;;;30;;;;0;;0;;;;0;0;;26;0;0;0;43;100;Bråkar
Sjukdomsoro;;;;;;;;;;;;;;;;;;;;;;;;;;;;;;;Sjukdomsoro
Fokuserar inte;1;100;;;0;;0;;;;;0;;;;0;;0;;;;0;0;;0;0;0;0;59;60;Fokuserar inte
Sociala medier;;;;;;;;;;;;;;;;;;;;;;;;;;;;;;;Sociala medier
Stannar hemma;;;;;;;;;;;;;;;;;;;;;;;;;;;;;;;Stannar hemma
Skjuter upp;1;24;;;0;;15;;0;;;;;;;0;;0;;;;0;23;;38;0;0;0;77;60;Skjuter upp
Alkohol/droger;;;;;;;;;;;;;;;;;;;;;;;;;;;;;;;Alkohol/droger
Självskadar;;;;;;;;;;;;;;;;;;;;;;;;;;;;;;;Självskadar
Självmordstankar;;;;;;;;;;;;;;;;;;;;;;;;;;;;;;;Självmordstankar
Äter mer;1;23;;;0;;0;;0;;;0;;;;;;0;;;;0;22;;28;27;0;0;90;13;Äter mer
Tvångar;;;;;;;;;;;;;;;;;;;;;;;;;;;;;;;Tvångar
Ältar;1;12;;;0;;0;;0;;;0;;;;0;;;;;;0;44;;27;0;0;17;76;63;Ältar
Oro;;;;;;;;;;;;;;;;;;;;;;;;;;;;;;;Oro
Flashbacks;;;;;;;;;;;;;;;;;;;;;;;;;;;;;;;Flashbacks
Panikångest;;;;;;;;;;;;;;;;;;;;;;;;;;;;;;;Panikångest
Smärta;1;28;;;28;;0;;0;;;33;;;;11;;0;;;;;;;;;;;81;25;Smärta
Social ångest;1;27;;;13;;0;;31;;;29;;;;0;;0;;;;;;;;;;;70;91;Social ångest
Ensam/ledsen;;;;;;;;;;;;;;;;;;;;;;;;;;;;;;;Ensam/ledsen
Trött;1;13;;;54;;23;;0;;;0;;;;0;;10;;;;;;;;;;;86;55;Trött
Stressad;1;48;;;9;;0;;0;;;43;;;;0;;0;;;;;;;;;;;32;86;Stressad
Uttråkad;1;0;;;11;;53;;0;;;0;;;;0;;36;;;;;;;;;;;34;93;Uttråkad
Arg;1;15;;;13;;25;;0;;;0;;;;0;;47;;;;;;;;;;;46;97;Arg
SUMMA;;;0;0;128;0;116;0;53;0;0;188;0;0;0;11;0;93;0;0;0;0;100;0;141;27;0;17;;;
;;;;;;;;;;;;;;;;;;;;;;;;;;;;;;;
;Obs: följ en rad högerut för att se vad problemet ORSAKAS av;;;;;;;;;;;;;;;;;;;;;;;;;;;;;;
;Följ en kolumn neråt för att se vad problemen i översta raden LEDER TILL;;;;;;;;;;;;;;;;;;;;;;;;;;;;;;
