﻿841644;;Unkn;Äter mindre;Tränar inte;Somnar sent;Vilar;Bråkar;Sjukdomsoro;Fokuserar inte;Sociala medier;Stannar hemma;Skjuter upp;Alkohol/droger;Självskadar;Självmordstankar;Äter mer;Tvångar;Ältar;Orostankar;Flashbacks;Panikångest;Smärta;Social ångest;Ensam/ledsen;Trött;Stressad;Uttråkad;Arg;Modify?;Painful?;
;Relev?;;1;1;1;;;;1;1;;;1;1;1;;;;;1;1;1;1;1;1;;1;;;;
Äter mindre;1;25;;0;0;;;;0;0;;;0;0;0;;;;;0;0;25;0;25;25;;0;;30;0;Äter mindre
Tränar inte;1;25;0;;0;;;;0;0;;;0;0;0;;;;;25;0;0;0;25;25;;0;;60;0;Tränar inte
Somnar sent;1;25;0;0;;;;;0;0;;;0;0;0;;;;;25;25;0;0;25;0;;0;;20;22;Somnar sent
Vilar;;;;;;;;;;;;;;;;;;;;;;;;;;;;;;;Vilar
Bråkar;;;;;;;;;;;;;;;;;;;;;;;;;;;;;;;Bråkar
Sjukdomstankar;;;;;;;;;;;;;;;;;;;;;;;;;;;;;;;Sjukdomsoro
Fokuserar inte;1;25;0;0;0;;;;;0;;;0;0;0;;;;;25;0;0;0;25;25;;0;;20;82;Fokuserar inte
Sociala medier;1;25;0;0;0;;;;0;;;;25;0;0;;;;;0;0;0;0;25;25;;0;;19;30;Sociala medier
Stannar hemma;;;;;;;;;;;;;;;;;;;;;;;;;;;;;;;Stannar hemma
Skjuter upp;;;;;;;;;;;;;;;;;;;;;;;;;;;;;;;Skjuter upp
Alkohol/droger;1;0;0;0;0;;;;0;0;;;;0;0;;;;;34;33;0;33;0;0;;0;;0;8;Alkohol/droger
Självskadar;1;100;0;0;0;;;;0;0;;;0;;0;;;;;0;0;0;0;0;0;;0;;70;61;Självskadar
Självmordstankar;1;34;0;0;0;;;;0;0;;;0;0;;;;;;33;33;0;0;0;0;;0;;70;100;Självmordstankar
Äter mer;;;;;;;;;;;;;;;;;;;;;;;;;;;;;;;Äter mer
Tvångar;;;;;;;;;;;;;;;;;;;;;;;;;;;;;;;Tvångar
Ältar;;;;;;;;;;;;;;;;;;;;;;;;;;;;;;;Ältar
Orostankar;;;;;;;;;;;;;;;;;;;;;;;;;;;;;;;Oro
Flashbacks;1;100;0;0;0;;;;0;0;;;0;0;0;;;;;;;;;;;;;;60;100;Flashbacks
Panikångest;1;75;0;0;0;;;;0;0;;;0;0;25;;;;;;;;;;;;;;11;80;Panikångest
Smärta;1;50;25;0;25;;;;0;0;;;0;0;0;;;;;;;;;;;;;;1;51;Smärta
Social ångest;1;100;0;0;0;;;;0;0;;;0;0;0;;;;;;;;;;;;;;60;51;Social ångest
Ensam/ledsen;1;100;0;0;0;;;;0;0;;;0;0;0;;;;;;;;;;;;;;20;50;Ensam/ledsen
Trött;1;70;10;0;10;;;;0;0;;;0;0;10;;;;;;;;;;;;;;10;68;Trött
Stressad;;;;;;;;;;;;;;;;;;;;;;;;;;;;;;;Stressad
Uttråkad;1;100;0;0;0;;;;0;0;;;0;0;0;;;;;;;;;;;;;;30;27;Uttråkad
Arg;;;;;;;;;;;;;;;;;;;;;;;;;;;;;;;Arg
SUMMA;;;35;0;35;0;0;0;0;0;0;0;25;0;35;0;0;0;0;142;91;25;33;125;100;0;0;0;;;
;;;;;;;;;;;;;;;;;;;;;;;;;;;;;;;
;Obs: följ en rad högerut för att se vad problemet ORSAKAS av;;;;;;;;;;;;;;;;;;;;;;;;;;;;;;
;Följ en kolumn neråt för att se vad problemen i översta raden LEDER TILL;;;;;;;;;;;;;;;;;;;;;;;;;;;;;;
