﻿847278;;Unkn;Äter mindre;Tränar inte;Somnar sent;Vilar;Bråkar;Sjukdomsoro;Fokuserar inte;Sociala medier;Stannar hemma;Skjuter upp;Alkohol/droger;Självskadar;Självmordstankar;Äter mer;Tvångar;Ältar;Orostankar;Flashbacks;Panikångest;Smärta;Social ångest;Ensam/ledsen;Trött;Stressad;Uttråkad;Arg;Modify?;Painful?;
;Relev?;;;1;1;1;;;1;1;;;1;;;;;1;1;;1;1;1;1;1;1;1;;;;
Äter mindre;;;;;;;;;;;;;;;;;;;;;;;;;;;;;;;Äter mindre
Tränar inte;1;0;;;0;0;;;0;0;;;0;;;;;44;0;;0;0;38;0;0;0;18;;80;74;Tränar inte
Somnar sent;1;0;;0;;0;;;0;0;;;0;;;;;30;0;;59;0;0;11;0;0;0;;28;48;Somnar sent
Vilar;1;0;;0;51;;;;0;0;;;0;;;;;0;0;;35;0;14;0;0;0;0;;39;17;Vilar
Bråkar;;;;;;;;;;;;;;;;;;;;;;;;;;;;;;;Bråkar
Sjukdomstankar;;;;;;;;;;;;;;;;;;;;;;;;;;;;;;;Sjukdomsoro
Fokuserar inte;1;0;;0;0;0;;;;0;;;0;;;;;23;23;;0;0;0;0;0;54;0;;59;36;Fokuserar inte
Sociala medier;1;0;;16;0;0;;;0;;;;0;;;;;41;43;;0;0;0;0;0;0;0;;59;1;Sociala medier
Stannar hemma;;;;;;;;;;;;;;;;;;;;;;;;;;;;;;;Stannar hemma
Skjuter upp;;;;;;;;;;;;;;;;;;;;;;;;;;;;;;;Skjuter upp
Alkohol/droger;1;0;;0;0;0;;;0;0;;;;;;;;0;0;;50;0;35;15;0;0;0;;69;75;Alkohol/droger
Självskadar;;;;;;;;;;;;;;;;;;;;;;;;;;;;;;;Självskadar
Självmordstankar;;;;;;;;;;;;;;;;;;;;;;;;;;;;;;;Självmordstankar
Äter mer;;;;;;;;;;;;;;;;;;;;;;;;;;;;;;;Äter mer
Tvångar;;;;;;;;;;;;;;;;;;;;;;;;;;;;;;;Tvångar
Ältar;1;62;;19;0;0;;;0;19;;;0;;;;;;0;;0;0;0;0;0;0;0;;10;86;Ältar
Orostankar;1;0;;0;0;0;;;0;0;;;41;;;;;0;;;36;0;23;0;0;0;0;;19;83;Oro
Flashbacks;;;;;;;;;;;;;;;;;;;;;;;;;;;;;;;Flashbacks
Panikångest;1;100;;0;0;0;;;0;0;;;0;;;;;0;0;;;;;;;;;;13;90;Panikångest
Smärta;1;50;;0;50;0;;;0;0;;;0;;;;;0;0;;;;;;;;;;14;11;Smärta
Social ångest;1;100;;0;0;0;;;0;0;;;0;;;;;0;0;;;;;;;;;;10;100;Social ångest
Ensam/ledsen;1;0;;0;0;0;;;0;0;;;0;;;;;50;50;;;;;;;;;;50;74;Ensam/ledsen
Trött;1;50;;0;50;0;;;0;0;;;0;;;;;0;0;;;;;;;;;;28;31;Trött
Stressad;1;100;;0;0;0;;;0;0;;;0;;;;;0;0;;;;;;;;;;14;73;Stressad
Uttråkad;1;0;;41;0;0;;;37;0;;;0;;;;;22;0;;;;;;;;;;51;50;Uttråkad
Arg;;;;;;;;;;;;;;;;;;;;;;;;;;;;;;;Arg
SUMMA;;;0;76;151;0;0;0;37;19;0;0;41;0;0;0;0;210;116;0;180;0;110;26;0;54;18;0;;;
;;;;;;;;;;;;;;;;;;;;;;;;;;;;;;;
;Obs: följ en rad högerut för att se vad problemet ORSAKAS av;;;;;;;;;;;;;;;;;;;;;;;;;;;;;;
;Följ en kolumn neråt för att se vad problemen i översta raden LEDER TILL;;;;;;;;;;;;;;;;;;;;;;;;;;;;;;
