﻿850238;;Unkn;Äter mindre;Tränar inte;Somnar sent;Vilar;Bråkar;Sjukdomsoro;Fokuserar inte;Sociala medier;Stannar hemma;Skjuter upp;Alkohol/droger;Självskadar;Självmordstankar;Äter mer;Tvångar;Ältar;Orostankar;Flashbacks;Panikångest;Smärta;Social ångest;Ensam/ledsen;Trött;Stressad;Uttråkad;Arg;Modify?;Painful?;
;Relev?;;1;;;;;;1;1;1;1;;;;;;1;1;;1;;1;1;1;1;1;1;;;
Äter mindre;1;30;;;;;;;0;0;0;50;;;;;;0;0;;0;;0;0;20;0;0;0;95;20;Äter mindre
Tränar inte;;;;;;;;;;;;;;;;;;;;;;;;;;;;;;;Tränar inte
Somnar sent;;;;;;;;;;;;;;;;;;;;;;;;;;;;;;;Somnar sent
Vilar;;;;;;;;;;;;;;;;;;;;;;;;;;;;;;;Vilar
Bråkar;;;;;;;;;;;;;;;;;;;;;;;;;;;;;;;Bråkar
Sjukdomstankar;;;;;;;;;;;;;;;;;;;;;;;;;;;;;;;Sjukdomsoro
Fokuserar inte;1;0;0;;;;;;;0;0;0;;;;;;45;40;;0;;0;0;0;15;0;0;60;40;Fokuserar inte
Sociala medier;1;20;0;;;;;;0;;0;0;;;;;;40;40;;0;;0;0;0;0;0;0;90;40;Sociala medier
Stannar hemma;1;0;0;;;;;;0;0;;0;;;;;;0;0;;0;;0;35;0;30;35;0;85;40;Stannar hemma
Skjuter upp;1;0;0;;;;;;33;0;0;;;;;;;34;33;;0;;0;0;0;0;0;0;70;50;Skjuter upp
Alkohol/droger;;;;;;;;;;;;;;;;;;;;;;;;;;;;;;;Alkohol/droger
Självskadar;;;;;;;;;;;;;;;;;;;;;;;;;;;;;;;Självskadar
Självmordstankar;;;;;;;;;;;;;;;;;;;;;;;;;;;;;;;Självmordstankar
Äter mer;;;;;;;;;;;;;;;;;;;;;;;;;;;;;;;Äter mer
Tvångar;;;;;;;;;;;;;;;;;;;;;;;;;;;;;;;Tvångar
Ältar;1;20;0;;;;;;0;0;0;0;;;;;;;40;;0;;40;0;0;0;0;0;40;90;Ältar
Orostankar;1;0;0;;;;;;0;0;0;0;;;;;;40;;;0;;20;0;0;40;0;0;40;90;Oro
Flashbacks;;;;;;;;;;;;;;;;;;;;;;;;;;;;;;;Flashbacks
Panikångest;1;20;0;;;;;;0;0;0;0;;;;;;40;40;;;;;;;;;;50;40;Panikångest
Smärta;;;;;;;;;;;;;;;;;;;;;;;;;;;;;;;Smärta
Social ångest;1;0;0;;;;;;20;0;0;0;;;;;;40;40;;;;;;;;;;50;60;Social ångest
Ensam/ledsen;1;0;0;;;;;;0;0;0;0;;;;;;30;70;;;;;;;;;;40;80;Ensam/ledsen
Trött;1;100;0;;;;;;0;0;0;0;;;;;;0;0;;;;;;;;;;50;20;Trött
Stressad;1;100;0;;;;;;0;0;0;0;;;;;;0;0;;;;;;;;;;60;40;Stressad
Uttråkad;1;0;0;;;;;;0;0;0;0;;;;;;50;50;;;;;;;;;;30;50;Uttråkad
Arg;1;100;0;;;;;;0;0;0;0;;;;;;0;0;;;;;;;;;;60;40;Arg
SUMMA;;;0;0;0;0;0;0;53;0;0;50;0;0;0;0;0;319;353;0;0;0;60;35;20;85;35;0;;;
;;;;;;;;;;;;;;;;;;;;;;;;;;;;;;;
;Obs: följ en rad högerut för att se vad problemet ORSAKAS av;;;;;;;;;;;;;;;;;;;;;;;;;;;;;;
;Följ en kolumn neråt för att se vad problemen i översta raden LEDER TILL;;;;;;;;;;;;;;;;;;;;;;;;;;;;;;
