﻿866755;;Unkn;Äter mindre;Tränar inte;Somnar sent;Vilar;Bråkar;Sjukdomsoro;Fokuserar inte;Sociala medier;Stannar hemma;Skjuter upp;Alkohol/droger;Självskadar;Självmordstankar;Äter mer;Tvångar;Ältar;Orostankar;Flashbacks;Panikångest;Smärta;Social ångest;Ensam/ledsen;Trött;Stressad;Uttråkad;Arg;Modify?;Painful?;
;Relev?;;1;1;;1;;;;1;1;1;;;;;;;;;;;;;1;;;;;;
Äter mindre;1;20;;31;;27;;;;0;22;0;;;;;;;;;;;;;0;;;;100;3;Äter mindre
Tränar inte;1;0;31;;;31;;;;38;0;0;;;;;;;;;;;;;0;;;;100;37;Tränar inte
Somnar sent;;;;;;;;;;;;;;;;;;;;;;;;;;;;;;;Somnar sent
Vilar;1;0;33;26;;;;;;41;0;0;;;;;;;;;;;;;0;;;;91;1;Vilar
Bråkar;;;;;;;;;;;;;;;;;;;;;;;;;;;;;;;Bråkar
Sjukdomstankar;;;;;;;;;;;;;;;;;;;;;;;;;;;;;;;Sjukdomsoro
Fokuserar inte;;;;;;;;;;;;;;;;;;;;;;;;;;;;;;;Fokuserar inte
Sociala medier;1;0;0;29;;14;;;;;57;0;;;;;;;;;;;;;0;;;;100;2;Sociala medier
Stannar hemma;1;0;0;0;;29;;;;0;;36;;;;;;;;;;;;;35;;;;84;1;Stannar hemma
Skjuter upp;1;0;0;42;;43;;;;0;15;;;;;;;;;;;;;;0;;;;100;10;Skjuter upp
Alkohol/droger;;;;;;;;;;;;;;;;;;;;;;;;;;;;;;;Alkohol/droger
Självskadar;;;;;;;;;;;;;;;;;;;;;;;;;;;;;;;Självskadar
Självmordstankar;;;;;;;;;;;;;;;;;;;;;;;;;;;;;;;Självmordstankar
Äter mer;;;;;;;;;;;;;;;;;;;;;;;;;;;;;;;Äter mer
Tvångar;;;;;;;;;;;;;;;;;;;;;;;;;;;;;;;Tvångar
Ältar;;;;;;;;;;;;;;;;;;;;;;;;;;;;;;;Ältar
Orostankar;;;;;;;;;;;;;;;;;;;;;;;;;;;;;;;Oro
Flashbacks;;;;;;;;;;;;;;;;;;;;;;;;;;;;;;;Flashbacks
Panikångest;;;;;;;;;;;;;;;;;;;;;;;;;;;;;;;Panikångest
Smärta;;;;;;;;;;;;;;;;;;;;;;;;;;;;;;;Smärta
Social ångest;;;;;;;;;;;;;;;;;;;;;;;;;;;;;;;Social ångest
Ensam/ledsen;;;;;;;;;;;;;;;;;;;;;;;;;;;;;;;Ensam/ledsen
Trött;1;0;22;57;;0;;;;21;0;0;;;;;;;;;;;;;;;;;78;58;Trött
Stressad;;;;;;;;;;;;;;;;;;;;;;;;;;;;;;;Stressad
Uttråkad;;;;;;;;;;;;;;;;;;;;;;;;;;;;;;;Uttråkad
Arg;;;;;;;;;;;;;;;;;;;;;;;;;;;;;;;Arg
SUMMA;;;86;185;0;144;0;0;0;100;94;36;0;0;0;0;0;0;0;0;0;0;0;0;35;0;0;0;;;
;;;;;;;;;;;;;;;;;;;;;;;;;;;;;;;
;Obs: följ en rad högerut för att se vad problemet ORSAKAS av;;;;;;;;;;;;;;;;;;;;;;;;;;;;;;
;Följ en kolumn neråt för att se vad problemen i översta raden LEDER TILL;;;;;;;;;;;;;;;;;;;;;;;;;;;;;;
