﻿871319;;Unkn;Äter mindre;Tränar inte;Somnar sent;Vilar;Bråkar;Sjukdomsoro;Fokuserar inte;Sociala medier;Stannar hemma;Skjuter upp;Alkohol/droger;Självskadar;Självmordstankar;Äter mer;Tvångar;Ältar;Orostankar;Flashbacks;Panikångest;Smärta;Social ångest;Ensam/ledsen;Trött;Stressad;Uttråkad;Arg;Modify?;Painful?;
;Relev?;;1;1;1;1;;;1;1;;1;;;;;;;1;;;1;1;1;1;1;;1;;;
Äter mindre;1;0;;0;0;53;;;9;38;;0;;;;;;;0;;;0;0;0;0;0;;0;94;22;Äter mindre
Tränar inte;1;84;0;;0;13;;;0;3;;0;;;;;;;0;;;0;0;0;0;0;;0;89;32;Tränar inte
Somnar sent;1;0;0;0;;0;;;0;0;;0;;;;;;;33;;;28;39;0;0;0;;0;91;54;Somnar sent
Vilar;1;0;0;0;0;;;;0;0;;0;;;;;;;0;;;0;0;0;100;0;;0;62;35;Vilar
Bråkar;;;;;;;;;;;;;;;;;;;;;;;;;;;;;;;Bråkar
Sjukdomstankar;;;;;;;;;;;;;;;;;;;;;;;;;;;;;;;Sjukdomsoro
Fokuserar inte;1;0;0;0;0;0;;;;0;;0;;;;;;;0;;;0;45;0;0;55;;0;64;58;Fokuserar inte
Sociala medier;1;0;0;0;0;0;;;65;;;35;;;;;;;0;;;0;0;0;0;0;;0;82;37;Sociala medier
Stannar hemma;;;;;;;;;;;;;;;;;;;;;;;;;;;;;;;Stannar hemma
Skjuter upp;1;0;0;0;0;37;;;0;29;;;;;;;;;0;;;0;0;0;34;0;;0;63;55;Skjuter upp
Alkohol/droger;;;;;;;;;;;;;;;;;;;;;;;;;;;;;;;Alkohol/droger
Självskadar;;;;;;;;;;;;;;;;;;;;;;;;;;;;;;;Självskadar
Självmordstankar;;;;;;;;;;;;;;;;;;;;;;;;;;;;;;;Självmordstankar
Äter mer;;;;;;;;;;;;;;;;;;;;;;;;;;;;;;;Äter mer
Tvångar;;;;;;;;;;;;;;;;;;;;;;;;;;;;;;;Tvångar
Ältar;;;;;;;;;;;;;;;;;;;;;;;;;;;;;;;Ältar
Orostankar;1;0;0;0;0;0;;;52;0;;0;;;;;;;;;;0;30;0;0;18;;0;78;79;Oro
Flashbacks;;;;;;;;;;;;;;;;;;;;;;;;;;;;;;;Flashbacks
Panikångest;;;;;;;;;;;;;;;;;;;;;;;;;;;;;;;Panikångest
Smärta;1;58;0;42;0;0;;;0;0;;0;;;;;;;0;;;;;;;;;;62;37;Smärta
Social ångest;1;100;0;0;0;0;;;0;0;;0;;;;;;;0;;;;;;;;;;63;76;Social ångest
Ensam/ledsen;1;0;0;0;0;0;;;76;0;;0;;;;;;;24;;;;;;;;;;63;52;Ensam/ledsen
Trött;1;32;0;0;0;0;;;32;0;;0;;;;;;;36;;;;;;;;;;61;64;Trött
Stressad;1;0;0;0;0;0;;;54;0;;18;;;;;;;28;;;;;;;;;;64;70;Stressad
Uttråkad;;;;;;;;;;;;;;;;;;;;;;;;;;;;;;;Uttråkad
Arg;1;0;0;0;0;0;;;50;0;;0;;;;;;;50;;;;;;;;;;63;56;Arg
SUMMA;;;0;42;0;103;0;0;338;70;0;53;0;0;0;0;0;0;171;0;0;28;114;0;134;73;0;0;;;
;;;;;;;;;;;;;;;;;;;;;;;;;;;;;;;
;Obs: följ en rad högerut för att se vad problemet ORSAKAS av;;;;;;;;;;;;;;;;;;;;;;;;;;;;;;
;Följ en kolumn neråt för att se vad problemen i översta raden LEDER TILL;;;;;;;;;;;;;;;;;;;;;;;;;;;;;;
