﻿874798;;Unkn;Äter mindre;Tränar inte;Somnar sent;Vilar;Bråkar;Sjukdomsoro;Fokuserar inte;Sociala medier;Stannar hemma;Skjuter upp;Alkohol/droger;Självskadar;Självmordstankar;Äter mer;Tvångar;Ältar;Orostankar;Flashbacks;Panikångest;Smärta;Social ångest;Ensam/ledsen;Trött;Stressad;Uttråkad;Arg;Modify?;Painful?;
;Relev?;;;1;1;1;;1;1;1;1;1;;;;;;;;;;;;;1;1;;1;;;
Äter mindre;;;;;;;;;;;;;;;;;;;;;;;;;;;;;;;Äter mindre
Tränar inte;1;0;;;35;0;;30;0;0;35;0;;;;;;;;;;;;;0;0;;0;81;17;Tränar inte
Somnar sent;1;0;;34;;33;;0;0;0;33;0;;;;;;;;;;;;;0;0;;0;59;39;Somnar sent
Vilar;1;0;;0;0;;;17;0;0;33;0;;;;;;;;;;;;;50;0;;0;57;19;Vilar
Bråkar;;;;;;;;;;;;;;;;;;;;;;;;;;;;;;;Bråkar
Sjukdomstankar;1;100;;0;0;0;;;0;0;0;0;;;;;;;;;;;;;0;0;;0;69;36;Sjukdomsoro
Fokuserar inte;1;0;;0;0;0;;0;;0;0;0;;;;;;;;;;;;;46;54;;0;68;33;Fokuserar inte
Sociala medier;1;20;;0;0;0;;0;0;;80;0;;;;;;;;;;;;;0;0;;0;58;29;Sociala medier
Stannar hemma;1;76;;0;0;0;;0;0;0;;0;;;;;;;;;;;;;24;0;;0;72;20;Stannar hemma
Skjuter upp;1;0;;0;0;0;;0;0;0;0;;;;;;;;;;;;;;76;24;;0;65;22;Skjuter upp
Alkohol/droger;;;;;;;;;;;;;;;;;;;;;;;;;;;;;;;Alkohol/droger
Självskadar;;;;;;;;;;;;;;;;;;;;;;;;;;;;;;;Självskadar
Självmordstankar;;;;;;;;;;;;;;;;;;;;;;;;;;;;;;;Självmordstankar
Äter mer;;;;;;;;;;;;;;;;;;;;;;;;;;;;;;;Äter mer
Tvångar;;;;;;;;;;;;;;;;;;;;;;;;;;;;;;;Tvångar
Ältar;;;;;;;;;;;;;;;;;;;;;;;;;;;;;;;Ältar
Orostankar;;;;;;;;;;;;;;;;;;;;;;;;;;;;;;;Oro
Flashbacks;;;;;;;;;;;;;;;;;;;;;;;;;;;;;;;Flashbacks
Panikångest;;;;;;;;;;;;;;;;;;;;;;;;;;;;;;;Panikångest
Smärta;;;;;;;;;;;;;;;;;;;;;;;;;;;;;;;Smärta
Social ångest;;;;;;;;;;;;;;;;;;;;;;;;;;;;;;;Social ångest
Ensam/ledsen;;;;;;;;;;;;;;;;;;;;;;;;;;;;;;;Ensam/ledsen
Trött;1;49;;0;34;0;;17;0;0;0;0;;;;;;;;;;;;;;;;;92;31;Trött
Stressad;1;100;;0;0;0;;0;0;0;0;0;;;;;;;;;;;;;;;;;89;43;Stressad
Uttråkad;;;;;;;;;;;;;;;;;;;;;;;;;;;;;;;Uttråkad
Arg;1;100;;0;0;0;;0;0;0;0;0;;;;;;;;;;;;;;;;;80;44;Arg
SUMMA;;;0;34;69;33;0;64;0;0;181;0;0;0;0;0;0;0;0;0;0;0;0;0;196;78;0;0;;;
;;;;;;;;;;;;;;;;;;;;;;;;;;;;;;;
;Obs: följ en rad högerut för att se vad problemet ORSAKAS av;;;;;;;;;;;;;;;;;;;;;;;;;;;;;;
;Följ en kolumn neråt för att se vad problemen i översta raden LEDER TILL;;;;;;;;;;;;;;;;;;;;;;;;;;;;;;
