﻿879736;;Unkn;Äter mindre;Tränar inte;Somnar sent;Vilar;Bråkar;Sjukdomsoro;Fokuserar inte;Sociala medier;Stannar hemma;Skjuter upp;Alkohol/droger;Självskadar;Självmordstankar;Äter mer;Tvångar;Ältar;Orostankar;Flashbacks;Panikångest;Smärta;Social ångest;Ensam/ledsen;Trött;Stressad;Uttråkad;Arg;Modify?;Painful?;
;Relev?;;;1;;1;;;1;;1;1;1;;;1;;;;;;1;;;1;1;;1;;;
Äter mindre;;;;;;;;;;;;;;;;;;;;;;;;;;;;;;;Äter mindre
Tränar inte;1;25;;;;0;;;0;;0;25;0;;;0;;;;;;0;;;50;0;;0;90;35;Tränar inte
Somnar sent;;;;;;;;;;;;;;;;;;;;;;;;;;;;;;;Somnar sent
Vilar;1;0;;75;;;;;0;;0;0;0;;;0;;;;;;0;;;0;25;;0;20;4;Vilar
Bråkar;;;;;;;;;;;;;;;;;;;;;;;;;;;;;;;Bråkar
Sjukdomstankar;;;;;;;;;;;;;;;;;;;;;;;;;;;;;;;Sjukdomsoro
Fokuserar inte;1;8;;0;;0;;;;;0;0;0;;;0;;;;;;25;;;20;47;;0;40;60;Fokuserar inte
Sociala medier;;;;;;;;;;;;;;;;;;;;;;;;;;;;;;;Sociala medier
Stannar hemma;1;0;;0;;0;;;22;;;0;0;;;0;;;;;;39;;;0;39;;0;70;20;Stannar hemma
Skjuter upp;1;12;;0;;0;;;20;;48;;0;;;0;;;;;;0;;;20;0;;0;40;30;Skjuter upp
Alkohol/droger;1;25;;0;;0;;;0;;0;0;;;;0;;;;;;0;;;0;50;;25;10;50;Alkohol/droger
Självskadar;;;;;;;;;;;;;;;;;;;;;;;;;;;;;;;Självskadar
Självmordstankar;;;;;;;;;;;;;;;;;;;;;;;;;;;;;;;Självmordstankar
Äter mer;1;0;;0;;0;;;0;;0;0;0;;;;;;;;;0;;;100;0;;0;20;25;Äter mer
Tvångar;;;;;;;;;;;;;;;;;;;;;;;;;;;;;;;Tvångar
Ältar;;;;;;;;;;;;;;;;;;;;;;;;;;;;;;;Ältar
Orostankar;;;;;;;;;;;;;;;;;;;;;;;;;;;;;;;Oro
Flashbacks;;;;;;;;;;;;;;;;;;;;;;;;;;;;;;;Flashbacks
Panikångest;;;;;;;;;;;;;;;;;;;;;;;;;;;;;;;Panikångest
Smärta;1;65;;35;;0;;;0;;0;0;0;;;0;;;;;;;;;;;;;50;70;Smärta
Social ångest;;;;;;;;;;;;;;;;;;;;;;;;;;;;;;;Social ångest
Ensam/ledsen;;;;;;;;;;;;;;;;;;;;;;;;;;;;;;;Ensam/ledsen
Trött;1;70;;30;;0;;;0;;0;0;0;;;0;;;;;;;;;;;;;20;70;Trött
Stressad;1;49;;31;;0;;;20;;0;0;0;;;0;;;;;;;;;;;;;40;30;Stressad
Uttråkad;;;;;;;;;;;;;;;;;;;;;;;;;;;;;;;Uttråkad
Arg;1;57;;25;;0;;;18;;0;0;0;;;0;;;;;;;;;;;;;50;55;Arg
SUMMA;;;0;196;0;0;0;0;80;0;48;25;0;0;0;0;0;0;0;0;0;64;0;0;190;161;0;25;;;
;;;;;;;;;;;;;;;;;;;;;;;;;;;;;;;
;Obs: följ en rad högerut för att se vad problemet ORSAKAS av;;;;;;;;;;;;;;;;;;;;;;;;;;;;;;
;Följ en kolumn neråt för att se vad problemen i översta raden LEDER TILL;;;;;;;;;;;;;;;;;;;;;;;;;;;;;;
