﻿884553;;Unkn;Äter mindre;Tränar inte;Somnar sent;Vilar;Bråkar;Sjukdomsoro;Fokuserar inte;Sociala medier;Stannar hemma;Skjuter upp;Alkohol/droger;Självskadar;Självmordstankar;Äter mer;Tvångar;Ältar;Oro;Flashbacks;Panikångest;Smärta;Social ångest;Ensam/ledsen;Trött;Stressad;Uttråkad;Arg;Modify?;Painful?;
;Relev?;;1;;;;;;1;1;;1;;;;;;1;1;1;1;1;1;1;;1;;1;;;
Äter mindre;1;15;;;;;;;43;0;;0;;;;;;0;0;31;0;0;0;0;;11;;0;90;17;Äter mindre
Tränar inte;;;;;;;;;;;;;;;;;;;;;;;;;;;;;;;Tränar inte
Somnar sent;;;;;;;;;;;;;;;;;;;;;;;;;;;;;;;Somnar sent
Vilar;;;;;;;;;;;;;;;;;;;;;;;;;;;;;;;Vilar
Bråkar;;;;;;;;;;;;;;;;;;;;;;;;;;;;;;;Bråkar
Sjukdomsoro;;;;;;;;;;;;;;;;;;;;;;;;;;;;;;;Sjukdomsoro
Fokuserar inte;1;10;0;;;;;;;0;;0;;;;;;0;0;0;33;45;0;12;;0;;0;77;48;Fokuserar inte
Sociala medier;1;9;0;;;;;;0;;;0;;;;;;0;0;0;16;0;46;29;;0;;0;74;8;Sociala medier
Stannar hemma;;;;;;;;;;;;;;;;;;;;;;;;;;;;;;;Stannar hemma
Skjuter upp;1;10;0;;;;;;43;0;;;;;;;;0;0;0;37;10;0;0;;0;;0;80;30;Skjuter upp
Alkohol/droger;;;;;;;;;;;;;;;;;;;;;;;;;;;;;;;Alkohol/droger
Självskadar;;;;;;;;;;;;;;;;;;;;;;;;;;;;;;;Självskadar
Självmordstankar;;;;;;;;;;;;;;;;;;;;;;;;;;;;;;;Självmordstankar
Äter mer;;;;;;;;;;;;;;;;;;;;;;;;;;;;;;;Äter mer
Tvångar;;;;;;;;;;;;;;;;;;;;;;;;;;;;;;;Tvångar
Ältar;1;7;0;;;;;;0;0;;0;;;;;;;15;16;62;0;0;0;;0;;0;79;84;Ältar
Oro;1;3;0;;;;;;0;0;;0;;;;;;0;;29;40;28;0;0;;0;;0;73;78;Oro
Flashbacks;1;9;11;;;;;;0;0;;0;;;;;;37;43;;;;;;;;;;76;97;Flashbacks
Panikångest;1;9;0;;;;;;28;0;;0;;;;;;30;33;;;;;;;;;;65;88;Panikångest
Smärta;1;10;28;;;;;;0;0;;0;;;;;;31;31;;;;;;;;;;77;49;Smärta
Social ångest;1;9;17;;;;;;30;0;;0;;;;;;44;0;;;;;;;;;;80;41;Social ångest
Ensam/ledsen;1;9;31;;;;;;41;0;;0;;;;;;19;0;;;;;;;;;;80;81;Ensam/ledsen
Trött;;;;;;;;;;;;;;;;;;;;;;;;;;;;;;;Trött
Stressad;1;27;10;;;;;;25;0;;0;;;;;;38;0;;;;;;;;;;81;82;Stressad
Uttråkad;;;;;;;;;;;;;;;;;;;;;;;;;;;;;;;Uttråkad
Arg;1;20;12;;;;;;11;0;;0;;;;;;0;57;;;;;;;;;;91;51;Arg
SUMMA;;;109;0;0;0;0;0;221;0;0;0;0;0;0;0;0;199;179;76;188;83;46;41;0;11;0;0;;;
;;;;;;;;;;;;;;;;;;;;;;;;;;;;;;;
;Obs: följ en rad högerut för att se vad problemet ORSAKAS av;;;;;;;;;;;;;;;;;;;;;;;;;;;;;;
;Följ en kolumn neråt för att se vad problemen i översta raden LEDER TILL;;;;;;;;;;;;;;;;;;;;;;;;;;;;;;
