﻿892353;;Unkn;Äter mindre;Tränar inte;Somnar sent;Vilar;Bråkar;Sjukdomsoro;Fokuserar inte;Sociala medier;Stannar hemma;Skjuter upp;Alkohol/droger;Självskadar;Självmordstankar;Äter mer;Tvångar;Ältar;Orostankar;Flashbacks;Panikångest;Smärta;Social ångest;Ensam/ledsen;Trött;Stressad;Uttråkad;Arg;Modify?;Painful?;
;Relev?;;1;1;;;;;1;1;;1;1;;;1;;;;;;;;1;1;;;1;;;
Äter mindre;1;100;;0;;;;;0;0;;0;0;;;0;;;;;;;;0;0;;;0;79;21;Äter mindre
Tränar inte;1;17;0;;;;;;0;0;;0;0;;;0;;;;;;;;0;83;;;0;80;87;Tränar inte
Somnar sent;;;;;;;;;;;;;;;;;;;;;;;;;;;;;;;Somnar sent
Vilar;;;;;;;;;;;;;;;;;;;;;;;;;;;;;;;Vilar
Bråkar;;;;;;;;;;;;;;;;;;;;;;;;;;;;;;;Bråkar
Sjukdomstankar;;;;;;;;;;;;;;;;;;;;;;;;;;;;;;;Sjukdomsoro
Fokuserar inte;1;17;0;0;;;;;;0;;0;0;;;0;;;;;;;;0;83;;;0;81;89;Fokuserar inte
Sociala medier;1;0;0;0;;;;;49;;;0;0;;;0;;;;;;;;0;51;;;0;81;49;Sociala medier
Stannar hemma;;;;;;;;;;;;;;;;;;;;;;;;;;;;;;;Stannar hemma
Skjuter upp;1;0;0;0;;;;;50;0;;;0;;;0;;;;;;;;0;50;;;0;80;73;Skjuter upp
Alkohol/droger;1;100;0;0;;;;;0;0;;0;;;;0;;;;;;;;0;0;;;0;78;81;Alkohol/droger
Självskadar;;;;;;;;;;;;;;;;;;;;;;;;;;;;;;;Självskadar
Självmordstankar;;;;;;;;;;;;;;;;;;;;;;;;;;;;;;;Självmordstankar
Äter mer;1;0;0;0;;;;;32;0;;0;0;;;;;;;;;;;0;32;;;36;80;49;Äter mer
Tvångar;;;;;;;;;;;;;;;;;;;;;;;;;;;;;;;Tvångar
Ältar;;;;;;;;;;;;;;;;;;;;;;;;;;;;;;;Ältar
Orostankar;;;;;;;;;;;;;;;;;;;;;;;;;;;;;;;Oro
Flashbacks;;;;;;;;;;;;;;;;;;;;;;;;;;;;;;;Flashbacks
Panikångest;;;;;;;;;;;;;;;;;;;;;;;;;;;;;;;Panikångest
Smärta;;;;;;;;;;;;;;;;;;;;;;;;;;;;;;;Smärta
Social ångest;;;;;;;;;;;;;;;;;;;;;;;;;;;;;;;Social ångest
Ensam/ledsen;1;100;0;0;;;;;0;0;;0;0;;;0;;;;;;;;;;;;;80;69;Ensam/ledsen
Trött;1;100;0;0;;;;;0;0;;0;0;;;0;;;;;;;;;;;;;80;90;Trött
Stressad;;;;;;;;;;;;;;;;;;;;;;;;;;;;;;;Stressad
Uttråkad;;;;;;;;;;;;;;;;;;;;;;;;;;;;;;;Uttråkad
Arg;1;73;0;0;;;;;27;0;;0;0;;;0;;;;;;;;;;;;;80;90;Arg
SUMMA;;;0;0;0;0;0;0;158;0;0;0;0;0;0;0;0;0;0;0;0;0;0;0;299;0;0;36;;;
;;;;;;;;;;;;;;;;;;;;;;;;;;;;;;;
;Obs: följ en rad högerut för att se vad problemet ORSAKAS av;;;;;;;;;;;;;;;;;;;;;;;;;;;;;;
;Följ en kolumn neråt för att se vad problemen i översta raden LEDER TILL;;;;;;;;;;;;;;;;;;;;;;;;;;;;;;
