﻿895308;;Unkn;Äter mindre;Tränar inte;Somnar sent;Vilar;Bråkar;Sjukdomsoro;Fokuserar inte;Sociala medier;Stannar hemma;Skjuter upp;Alkohol/droger;Självskadar;Självmordstankar;Äter mer;Tvångar;Ältar;Orostankar;Flashbacks;Panikångest;Smärta;Social ångest;Ensam/ledsen;Trött;Stressad;Uttråkad;Arg;Modify?;Painful?;
;Relev?;;;1;1;1;;;;1;;1;;;;;;1;1;;;1;1;;1;1;1;;;;
Äter mindre;;;;;;;;;;;;;;;;;;;;;;;;;;;;;;;Äter mindre
Tränar inte;1;0;;;0;0;;;;0;;0;;;;;;0;0;;;11;14;;75;0;0;;77;50;Tränar inte
Somnar sent;1;17;;0;;12;;;;0;;26;;;;;;0;45;;;0;0;;0;0;0;;57;74;Somnar sent
Vilar;1;0;;0;25;;;;;0;;0;;;;;;0;0;;;0;0;;75;0;0;;68;18;Vilar
Bråkar;;;;;;;;;;;;;;;;;;;;;;;;;;;;;;;Bråkar
Sjukdomstankar;;;;;;;;;;;;;;;;;;;;;;;;;;;;;;;Sjukdomsoro
Fokuserar inte;;;;;;;;;;;;;;;;;;;;;;;;;;;;;;;Fokuserar inte
Sociala medier;1;0;;0;0;0;;;;;;22;;;;;;0;50;;;0;28;;0;0;0;;55;59;Sociala medier
Stannar hemma;;;;;;;;;;;;;;;;;;;;;;;;;;;;;;;Stannar hemma
Skjuter upp;1;0;;0;0;0;;;;0;;;;;;;;0;16;;;0;0;;60;24;0;;64;71;Skjuter upp
Alkohol/droger;;;;;;;;;;;;;;;;;;;;;;;;;;;;;;;Alkohol/droger
Självskadar;;;;;;;;;;;;;;;;;;;;;;;;;;;;;;;Självskadar
Självmordstankar;;;;;;;;;;;;;;;;;;;;;;;;;;;;;;;Självmordstankar
Äter mer;;;;;;;;;;;;;;;;;;;;;;;;;;;;;;;Äter mer
Tvångar;;;;;;;;;;;;;;;;;;;;;;;;;;;;;;;Tvångar
Ältar;1;0;;0;15;0;;;;55;;0;;;;;;;30;;;0;0;;0;0;0;;51;81;Ältar
Orostankar;1;26;;0;0;0;;;;0;;0;;;;;;53;;;;0;21;;0;0;0;;58;80;Oro
Flashbacks;;;;;;;;;;;;;;;;;;;;;;;;;;;;;;;Flashbacks
Panikångest;;;;;;;;;;;;;;;;;;;;;;;;;;;;;;;Panikångest
Smärta;1;57;;27;16;0;;;;0;;0;;;;;;0;0;;;;;;;;;;23;57;Smärta
Social ångest;1;20;;0;0;0;;;;0;;0;;;;;;0;80;;;;;;;;;;71;75;Social ångest
Ensam/ledsen;;;;;;;;;;;;;;;;;;;;;;;;;;;;;;;Ensam/ledsen
Trött;1;69;;0;31;0;;;;0;;0;;;;;;0;0;;;;;;;;;;7;92;Trött
Stressad;1;0;;0;0;0;;;;22;;56;;;;;;0;22;;;;;;;;;;53;39;Stressad
Uttråkad;1;35;;36;0;0;;;;29;;0;;;;;;0;0;;;;;;;;;;91;25;Uttråkad
Arg;;;;;;;;;;;;;;;;;;;;;;;;;;;;;;;Arg
SUMMA;;;0;63;87;12;0;0;0;106;0;104;0;0;0;0;0;53;243;0;0;11;63;0;210;24;0;0;;;
;;;;;;;;;;;;;;;;;;;;;;;;;;;;;;;
;Obs: följ en rad högerut för att se vad problemet ORSAKAS av;;;;;;;;;;;;;;;;;;;;;;;;;;;;;;
;Följ en kolumn neråt för att se vad problemen i översta raden LEDER TILL;;;;;;;;;;;;;;;;;;;;;;;;;;;;;;
