﻿897744;;Unkn;Äter mindre;Tränar inte;Somnar sent;Vilar;Bråkar;Sjukdomsoro;Fokuserar inte;Sociala medier;Stannar hemma;Skjuter upp;Alkohol/droger;Självskadar;Självmordstankar;Äter mer;Tvångar;Ältar;Oro;Flashbacks;Panikångest;Smärta;Social ångest;Ensam/ledsen;Trött;Stressad;Uttråkad;Arg;Modify?;Painful?;
;Relev?;;1;1;1;;;;1;;;1;;;;1;;1;1;;1;;1;1;;1;1;1;;;
Äter mindre;1;0;;0;0;;;;0;;;52;;;;20;;0;28;;0;;0;0;;0;0;0;100;0;Äter mindre
Tränar inte;1;0;0;;0;;;;0;;;38;;;;0;;0;0;;31;;31;0;;0;0;0;50;25;Tränar inte
Somnar sent;1;33;0;0;;;;;0;;;10;;;;0;;0;20;;37;;0;0;;0;0;0;60;48;Somnar sent
Vilar;;;;;;;;;;;;;;;;;;;;;;;;;;;;;;;Vilar
Bråkar;;;;;;;;;;;;;;;;;;;;;;;;;;;;;;;Bråkar
Sjukdomsoro;;;;;;;;;;;;;;;;;;;;;;;;;;;;;;;Sjukdomsoro
Fokuserar inte;1;45;0;0;0;;;;;;;0;;;;0;;0;20;;20;;0;0;;0;0;15;30;80;Fokuserar inte
Sociala medier;;;;;;;;;;;;;;;;;;;;;;;;;;;;;;;Sociala medier
Stannar hemma;;;;;;;;;;;;;;;;;;;;;;;;;;;;;;;Stannar hemma
Skjuter upp;1;0;0;0;0;;;;0;;;;;;;0;;0;26;;59;;15;0;;0;0;0;75;80;Skjuter upp
Alkohol/droger;;;;;;;;;;;;;;;;;;;;;;;;;;;;;;;Alkohol/droger
Självskadar;;;;;;;;;;;;;;;;;;;;;;;;;;;;;;;Självskadar
Självmordstankar;;;;;;;;;;;;;;;;;;;;;;;;;;;;;;;Självmordstankar
Äter mer;1;0;0;0;0;;;;0;;;0;;;;;;29;40;;0;;0;0;;0;31;0;50;54;Äter mer
Tvångar;;;;;;;;;;;;;;;;;;;;;;;;;;;;;;;Tvångar
Ältar;1;100;0;0;0;;;;0;;;0;;;;0;;;0;;0;;0;0;;0;0;0;30;100;Ältar
Oro;1;100;0;0;0;;;;0;;;0;;;;0;;0;;;0;;0;0;;0;0;0;30;100;Oro
Flashbacks;;;;;;;;;;;;;;;;;;;;;;;;;;;;;;;Flashbacks
Panikångest;1;22;0;0;0;;;;0;;;19;;;;0;;23;36;;;;;;;;;;60;100;Panikångest
Smärta;;;;;;;;;;;;;;;;;;;;;;;;;;;;;;;Smärta
Social ångest;1;71;0;0;0;;;;0;;;0;;;;0;;29;0;;;;;;;;;;80;100;Social ångest
Ensam/ledsen;1;37;0;0;0;;;;0;;;0;;;;0;;42;21;;;;;;;;;;75;100;Ensam/ledsen
Trött;;;;;;;;;;;;;;;;;;;;;;;;;;;;;;;Trött
Stressad;1;39;0;0;0;;;;0;;;0;;;;0;;30;31;;;;;;;;;;66;85;Stressad
Uttråkad;1;0;0;0;0;;;;29;;;0;;;;0;;29;42;;;;;;;;;;75;100;Uttråkad
Arg;1;0;33;0;0;;;;20;;;0;;;;0;;0;47;;;;;;;;;;80;85;Arg
SUMMA;;;33;0;0;0;0;0;49;0;0;119;0;0;0;20;0;182;311;0;147;0;46;0;0;0;31;15;;;
;;;;;;;;;;;;;;;;;;;;;;;;;;;;;;;
;Obs: följ en rad högerut för att se vad problemet ORSAKAS av;;;;;;;;;;;;;;;;;;;;;;;;;;;;;;
;Följ en kolumn neråt för att se vad problemen i översta raden LEDER TILL;;;;;;;;;;;;;;;;;;;;;;;;;;;;;;
