﻿898884;;Unkn;Äter mindre;Tränar inte;Somnar sent;Vilar;Bråkar;Sjukdomsoro;Fokuserar inte;Sociala medier;Stannar hemma;Skjuter upp;Alkohol/droger;Självskadar;Självmordstankar;Äter mer;Tvångar;Ältar;Oro;Flashbacks;Panikångest;Smärta;Social ångest;Ensam/ledsen;Trött;Stressad;Uttråkad;Arg;Modify?;Painful?;
;Relev?;;;1;1;1;;;1;1;;1;1;;1;;;;;;;;;1;1;;1;1;;;
Äter mindre;;;;;;;;;;;;;;;;;;;;;;;;;;;;;;;Äter mindre
Tränar inte;1;0;;0;0;0;;;20;0;;20;60;;0;;;;;;;;;0;0;;0;0;86;22;Tränar inte
Somnar sent;1;0;;56;0;0;;;0;0;;0;44;;0;;;;;;;;;0;0;;0;0;71;37;Somnar sent
Vilar;1;0;;0;31;0;;;0;0;;0;32;;0;;;;;;;;;37;0;;0;0;89;9;Vilar
Bråkar;;;;;;;;;;;;;;;;;;;;;;;;;;;;;;;Bråkar
Sjukdomsoro;;;;;;;;;;;;;;;;;;;;;;;;;;;;;;;Sjukdomsoro
Fokuserar inte;1;0;;0;0;0;;;0;0;;0;42;;0;;;;;;;;;58;0;;0;0;67;57;Fokuserar inte
Sociala medier;1;0;;0;0;0;;;0;0;;0;76;;0;;;;;;;;;24;0;;0;0;70;13;Sociala medier
Stannar hemma;;;;;;;;;;;;;;;;;;;;;;;;;;;;;;;Stannar hemma
Skjuter upp;1;0;;0;0;0;;;23;0;;0;44;;0;;;;;;;;;33;0;;0;0;42;72;Skjuter upp
Alkohol/droger;1;0;;0;0;0;;;0;0;;0;0;;19;;;;;;;;;52;0;;29;0;65;87;Alkohol/droger
Självskadar;;;;;;;;;;;;;;;;;;;;;;;;;;;;;;;Självskadar
Självmordstankar;1;0;;17;0;0;;;0;0;;0;28;;0;;;;;;;;;55;0;;0;0;48;33;Självmordstankar
Äter mer;;;;;;;;;;;;;;;;;;;;;;;;;;;;;;;Äter mer
Tvångar;;;;;;;;;;;;;;;;;;;;;;;;;;;;;;;Tvångar
Ältar;;;;;;;;;;;;;;;;;;;;;;;;;;;;;;;Ältar
Oro;;;;;;;;;;;;;;;;;;;;;;;;;;;;;;;Oro
Flashbacks;;;;;;;;;;;;;;;;;;;;;;;;;;;;;;;Flashbacks
Panikångest;;;;;;;;;;;;;;;;;;;;;;;;;;;;;;;Panikångest
Smärta;;;;;;;;;;;;;;;;;;;;;;;;;;;;;;;Smärta
Social ångest;;;;;;;;;;;;;;;;;;;;;;;;;;;;;;;Social ångest
Ensam/ledsen;1;0;;26;0;0;;;0;0;;34;40;;0;;;;;;;;;0;0;;0;0;17;90;Ensam/ledsen
Trött;1;0;;57;0;0;;;0;0;;0;43;;0;;;;;;;;;0;0;;0;0;87;68;Trött
Stressad;;;;;;;;;;;;;;;;;;;;;;;;;;;;;;;Stressad
Uttråkad;1;0;;31;0;0;;;0;0;;32;37;;0;;;;;;;;;0;0;;0;0;38;28;Uttråkad
Arg;1;0;;43;23;0;;;0;0;;0;34;;0;;;;;;;;;0;0;;0;0;70;71;Arg
SUMMA;;;0;230;54;0;0;0;43;0;0;86;480;0;19;0;0;0;0;0;0;0;0;259;0;0;29;0;;;
;;;;;;;;;;;;;;;;;;;;;;;;;;;;;;;
;Obs: följ en rad högerut för att se vad problemet ORSAKAS av;;;;;;;;;;;;;;;;;;;;;;;;;;;;;;
;Följ en kolumn neråt för att se vad problemen i översta raden LEDER TILL;;;;;;;;;;;;;;;;;;;;;;;;;;;;;;
