﻿912689;;Unkn;Äter mindre;Tränar inte;Somnar sent;Vilar;Bråkar;Sjukdomsoro;Fokuserar inte;Sociala medier;Stannar hemma;Skjuter upp;Alkohol/droger;Självskadar;Självmordstankar;Äter mer;Tvångar;Ältar;Orostankar;Flashbacks;Panikångest;Smärta;Social ångest;Ensam/ledsen;Trött;Stressad;Uttråkad;Arg;Modify?;Painful?;
;Relev?;;;1;1;;;1;1;1;;1;;;;;;1;;;;1;;;1;1;1;1;;;
Äter mindre;;;;;;;;;;;;;;;;;;;;;;;;;;;;;;;Äter mindre
Tränar inte;1;0;;;0;;;65;0;0;;0;;;;;;0;;;;0;;;35;0;0;0;77;21;Tränar inte
Somnar sent;1;0;;0;;;;24;0;44;;0;;;;;;32;;;;0;;;0;0;0;0;100;43;Somnar sent
Vilar;;;;;;;;;;;;;;;;;;;;;;;;;;;;;;;Vilar
Bråkar;;;;;;;;;;;;;;;;;;;;;;;;;;;;;;;Bråkar
Sjukdomstankar;1;0;;12;0;;;;0;0;;0;;;;;;51;;;;37;;;0;0;0;0;41;62;Sjukdomsoro
Fokuserar inte;1;0;;0;0;;;0;;0;;29;;;;;;0;;;;0;;;37;34;0;0;82;45;Fokuserar inte
Sociala medier;1;0;;0;0;;;0;45;;;0;;;;;;0;;;;0;;;13;0;42;0;69;55;Sociala medier
Stannar hemma;;;;;;;;;;;;;;;;;;;;;;;;;;;;;;;Stannar hemma
Skjuter upp;1;0;;0;0;;;0;0;33;;;;;;;;0;;;;45;;;22;0;0;0;78;61;Skjuter upp
Alkohol/droger;;;;;;;;;;;;;;;;;;;;;;;;;;;;;;;Alkohol/droger
Självskadar;;;;;;;;;;;;;;;;;;;;;;;;;;;;;;;Självskadar
Självmordstankar;;;;;;;;;;;;;;;;;;;;;;;;;;;;;;;Självmordstankar
Äter mer;;;;;;;;;;;;;;;;;;;;;;;;;;;;;;;Äter mer
Tvångar;;;;;;;;;;;;;;;;;;;;;;;;;;;;;;;Tvångar
Ältar;1;0;;0;0;;;53;0;0;;0;;;;;;;;;;29;;;0;18;0;0;38;78;Ältar
Orostankar;;;;;;;;;;;;;;;;;;;;;;;;;;;;;;;Oro
Flashbacks;;;;;;;;;;;;;;;;;;;;;;;;;;;;;;;Flashbacks
Panikångest;;;;;;;;;;;;;;;;;;;;;;;;;;;;;;;Panikångest
Smärta;1;0;;0;55;;;19;0;0;;0;;;;;;26;;;;;;;;;;;16;43;Smärta
Social ångest;;;;;;;;;;;;;;;;;;;;;;;;;;;;;;;Social ångest
Ensam/ledsen;;;;;;;;;;;;;;;;;;;;;;;;;;;;;;;Ensam/ledsen
Trött;1;0;;30;54;;;0;0;16;;0;;;;;;0;;;;;;;;;;;94;63;Trött
Stressad;1;0;;31;40;;;0;0;0;;29;;;;;;0;;;;;;;;;;;71;55;Stressad
Uttråkad;1;0;;0;35;;;0;45;0;;0;;;;;;20;;;;;;;;;;;51;22;Uttråkad
Arg;1;0;;36;28;;;0;36;0;;0;;;;;;0;;;;;;;;;;;76;29;Arg
SUMMA;;;0;109;212;0;0;161;126;93;0;58;0;0;0;0;0;129;0;0;0;111;0;0;107;52;42;0;;;
;;;;;;;;;;;;;;;;;;;;;;;;;;;;;;;
;Obs: följ en rad högerut för att se vad problemet ORSAKAS av;;;;;;;;;;;;;;;;;;;;;;;;;;;;;;
;Följ en kolumn neråt för att se vad problemen i översta raden LEDER TILL;;;;;;;;;;;;;;;;;;;;;;;;;;;;;;
