﻿917697;;Unkn;Äter mindre;Tränar inte;Somnar sent;Vilar;Bråkar;Sjukdomsoro;Fokuserar inte;Sociala medier;Stannar hemma;Skjuter upp;Alkohol/droger;Självskadar;Självmordstankar;Äter mer;Tvångar;Ältar;Orostankar;Flashbacks;Panikångest;Smärta;Social ångest;Ensam/ledsen;Trött;Stressad;Uttråkad;Arg;Modify?;Painful?;
;Relev?;;1;1;;1;;;1;;;1;;;;;;1;1;1;;1;;;1;1;1;;;;
Äter mindre;1;100;;0;;0;;;0;;;0;;;;;;0;0;0;;0;;;0;0;0;;41;0;Äter mindre
Tränar inte;1;0;0;;;50;;;0;;;0;;;;;;0;0;0;;0;;;0;50;0;;29;30;Tränar inte
Somnar sent;;;;;;;;;;;;;;;;;;;;;;;;;;;;;;;Somnar sent
Vilar;1;25;0;0;;;;;0;;;0;;;;;;25;25;25;;0;;;0;0;0;;57;3;Vilar
Bråkar;;;;;;;;;;;;;;;;;;;;;;;;;;;;;;;Bråkar
Sjukdomstankar;;;;;;;;;;;;;;;;;;;;;;;;;;;;;;;Sjukdomsoro
Fokuserar inte;1;0;0;0;;50;;;;;;0;;;;;;0;25;0;;0;;;25;0;0;;67;71;Fokuserar inte
Sociala medier;;;;;;;;;;;;;;;;;;;;;;;;;;;;;;;Sociala medier
Stannar hemma;;;;;;;;;;;;;;;;;;;;;;;;;;;;;;;Stannar hemma
Skjuter upp;1;0;0;0;;0;;;25;;;;;;;;;0;0;0;;0;;;50;25;0;;51;80;Skjuter upp
Alkohol/droger;;;;;;;;;;;;;;;;;;;;;;;;;;;;;;;Alkohol/droger
Självskadar;;;;;;;;;;;;;;;;;;;;;;;;;;;;;;;Självskadar
Självmordstankar;;;;;;;;;;;;;;;;;;;;;;;;;;;;;;;Självmordstankar
Äter mer;;;;;;;;;;;;;;;;;;;;;;;;;;;;;;;Äter mer
Tvångar;;;;;;;;;;;;;;;;;;;;;;;;;;;;;;;Tvångar
Ältar;1;100;0;0;;0;;;0;;;0;;;;;;;0;0;;0;;;0;0;0;;78;79;Ältar
Orostankar;1;100;0;0;;0;;;0;;;0;;;;;;0;;0;;0;;;0;0;0;;90;99;Oro
Flashbacks;1;100;0;0;;0;;;0;;;0;;;;;;0;0;;;;;;;;;;72;98;Flashbacks
Panikångest;;;;;;;;;;;;;;;;;;;;;;;;;;;;;;;Panikångest
Smärta;1;0;0;0;;0;;;0;;;0;;;;;;50;50;;;;;;;;;;21;23;Smärta
Social ångest;;;;;;;;;;;;;;;;;;;;;;;;;;;;;;;Social ångest
Ensam/ledsen;;;;;;;;;;;;;;;;;;;;;;;;;;;;;;;Ensam/ledsen
Trött;1;0;0;0;;0;;;0;;;0;;;;;;50;50;;;;;;;;;;52;98;Trött
Stressad;1;100;0;0;;0;;;0;;;0;;;;;;0;0;;;;;;;;;;56;99;Stressad
Uttråkad;1;100;0;0;;0;;;0;;;0;;;;;;0;0;;;;;;;;;;7;28;Uttråkad
Arg;;;;;;;;;;;;;;;;;;;;;;;;;;;;;;;Arg
SUMMA;;;0;0;0;100;0;0;25;0;0;0;0;0;0;0;0;125;150;25;0;0;0;0;75;75;0;0;;;
;;;;;;;;;;;;;;;;;;;;;;;;;;;;;;;
;Obs: följ en rad högerut för att se vad problemet ORSAKAS av;;;;;;;;;;;;;;;;;;;;;;;;;;;;;;
;Följ en kolumn neråt för att se vad problemen i översta raden LEDER TILL;;;;;;;;;;;;;;;;;;;;;;;;;;;;;;
