﻿925841;;Unkn;Äter mindre;Tränar inte;Somnar sent;Vilar;Bråkar;Sjukdomsoro;Fokuserar inte;Sociala medier;Stannar hemma;Skjuter upp;Alkohol/droger;Självskadar;Självmordstankar;Äter mer;Tvångar;Ältar;Orostankar;Flashbacks;Panikångest;Smärta;Social ångest;Ensam/ledsen;Trött;Stressad;Uttråkad;Arg;Modify?;Painful?;
;Relev?;;;1;1;1;;;1;;1;1;;;;;;1;1;;1;1;1;1;;1;;1;;;
Äter mindre;;;;;;;;;;;;;;;;;;;;;;;;;;;;;;;Äter mindre
Tränar inte;1;0;;;0;0;;;36;;0;0;;;;;;0;0;;0;0;33;0;;31;;0;85;95;Tränar inte
Somnar sent;1;0;;0;;0;;;0;;0;0;;;;;;34;36;;0;0;0;0;;30;;0;60;30;Somnar sent
Vilar;1;0;;0;0;;;;33;;0;0;;;;;;0;0;;0;0;30;37;;0;;0;50;75;Vilar
Bråkar;;;;;;;;;;;;;;;;;;;;;;;;;;;;;;;Bråkar
Sjukdomstankar;;;;;;;;;;;;;;;;;;;;;;;;;;;;;;;Sjukdomsoro
Fokuserar inte;1;0;;0;0;0;;;;;0;0;;;;;;0;16;;0;0;63;0;;21;;0;40;91;Fokuserar inte
Sociala medier;;;;;;;;;;;;;;;;;;;;;;;;;;;;;;;Sociala medier
Stannar hemma;1;0;;0;0;0;;;0;;;0;;;;;;0;0;;71;0;29;0;;0;;0;42;80;Stannar hemma
Skjuter upp;1;0;;0;0;0;;;34;;0;;;;;;;0;0;;66;0;0;0;;0;;0;78;50;Skjuter upp
Alkohol/droger;;;;;;;;;;;;;;;;;;;;;;;;;;;;;;;Alkohol/droger
Självskadar;;;;;;;;;;;;;;;;;;;;;;;;;;;;;;;Självskadar
Självmordstankar;;;;;;;;;;;;;;;;;;;;;;;;;;;;;;;Självmordstankar
Äter mer;;;;;;;;;;;;;;;;;;;;;;;;;;;;;;;Äter mer
Tvångar;;;;;;;;;;;;;;;;;;;;;;;;;;;;;;;Tvångar
Ältar;1;32;;0;0;0;;;0;;0;0;;;;;;;0;;0;0;38;30;;0;;0;40;80;Ältar
Orostankar;1;0;;0;0;0;;;0;;0;0;;;;;;0;;;0;0;19;68;;0;;13;26;76;Oro
Flashbacks;;;;;;;;;;;;;;;;;;;;;;;;;;;;;;;Flashbacks
Panikångest;1;0;;0;0;0;;;0;;61;0;;;;;;0;39;;;;;;;;;;54;67;Panikångest
Smärta;1;0;;48;0;0;;;0;;52;0;;;;;;0;0;;;;;;;;;;49;22;Smärta
Social ångest;1;0;;0;0;0;;;0;;0;0;;;;;;48;52;;;;;;;;;;26;78;Social ångest
Ensam/ledsen;1;47;;0;0;0;;;0;;0;0;;;;;;53;0;;;;;;;;;;20;76;Ensam/ledsen
Trött;;;;;;;;;;;;;;;;;;;;;;;;;;;;;;;Trött
Stressad;1;0;;23;0;0;;;44;;0;33;;;;;;0;0;;;;;;;;;;20;80;Stressad
Uttråkad;;;;;;;;;;;;;;;;;;;;;;;;;;;;;;;Uttråkad
Arg;1;0;;0;0;0;;;33;;67;0;;;;;;0;0;;;;;;;;;;50;79;Arg
SUMMA;;;0;71;0;0;0;0;180;0;180;33;0;0;0;0;0;135;143;0;137;0;212;135;0;82;0;13;;;
;;;;;;;;;;;;;;;;;;;;;;;;;;;;;;;
;Obs: följ en rad högerut för att se vad problemet ORSAKAS av;;;;;;;;;;;;;;;;;;;;;;;;;;;;;;
;Följ en kolumn neråt för att se vad problemen i översta raden LEDER TILL;;;;;;;;;;;;;;;;;;;;;;;;;;;;;;
