﻿926782;;Unkn;Äter mindre;Tränar inte;Somnar sent;Vilar;Bråkar;Sjukdomsoro;Fokuserar inte;Sociala medier;Stannar hemma;Skjuter upp;Alkohol/droger;Självskadar;Självmordstankar;Äter mer;Tvångar;Ältar;Oro;Flashbacks;Panikångest;Smärta;Social ångest;Ensam/ledsen;Trött;Stressad;Uttråkad;Arg;Modify?;Painful?;
;Relev?;;1;1;;;1;;1;1;;1;;;1;;;1;1;1;1;;;1;;1;;1;;;
Äter mindre;1;0;;0;;;0;;0;0;;0;;;33;;;0;0;0;17;;;50;;0;;0;80;50;Äter mindre
Tränar inte;1;0;40;;;;0;;0;0;;0;;;20;;;0;0;0;0;;;40;;0;;0;80;70;Tränar inte
Somnar sent;;;;;;;;;;;;;;;;;;;;;;;;;;;;;;;Somnar sent
Vilar;;;;;;;;;;;;;;;;;;;;;;;;;;;;;;;Vilar
Bråkar;1;0;0;0;;;;;0;0;;0;;;0;;;0;0;0;20;;;5;;0;;75;90;90;Bråkar
Sjukdomsoro;;;;;;;;;;;;;;;;;;;;;;;;;;;;;;;Sjukdomsoro
Fokuserar inte;1;0;0;0;;;0;;;0;;0;;;0;;;34;33;0;0;;;33;;0;;0;50;80;Fokuserar inte
Sociala medier;1;0;0;0;;;0;;5;;;0;;;45;;;0;0;0;0;;;50;;0;;0;80;90;Sociala medier
Stannar hemma;;;;;;;;;;;;;;;;;;;;;;;;;;;;;;;Stannar hemma
Skjuter upp;1;0;0;0;;;0;;0;0;;;;;34;;;0;0;0;0;;;33;;0;;33;80;50;Skjuter upp
Alkohol/droger;;;;;;;;;;;;;;;;;;;;;;;;;;;;;;;Alkohol/droger
Självskadar;;;;;;;;;;;;;;;;;;;;;;;;;;;;;;;Självskadar
Självmordstankar;1;0;0;0;;;0;;0;0;;0;;;;;;33;0;33;0;;;34;;0;;0;90;100;Självmordstankar
Äter mer;;;;;;;;;;;;;;;;;;;;;;;;;;;;;;;Äter mer
Tvångar;;;;;;;;;;;;;;;;;;;;;;;;;;;;;;;Tvångar
Ältar;1;0;0;0;;;0;;0;0;;0;;;0;;;;0;40;20;;;40;;0;;0;90;100;Ältar
Oro;1;0;0;0;;;0;;0;0;;0;;;0;;;0;;0;0;;;34;;33;;33;90;100;Oro
Flashbacks;1;0;0;0;;;10;;0;0;;0;;;0;;;45;45;;;;;;;;;;50;100;Flashbacks
Panikångest;1;0;0;0;;;34;;0;0;;0;;;0;;;33;33;;;;;;;;;;80;90;Panikångest
Smärta;;;;;;;;;;;;;;;;;;;;;;;;;;;;;;;Smärta
Social ångest;;;;;;;;;;;;;;;;;;;;;;;;;;;;;;;Social ångest
Ensam/ledsen;1;100;0;0;;;0;;0;0;;0;;;0;;;0;0;;;;;;;;;;90;100;Ensam/ledsen
Trött;;;;;;;;;;;;;;;;;;;;;;;;;;;;;;;Trött
Stressad;1;0;0;40;;;45;;0;0;;0;;;0;;;0;15;;;;;;;;;;80;50;Stressad
Uttråkad;;;;;;;;;;;;;;;;;;;;;;;;;;;;;;;Uttråkad
Arg;1;0;0;0;;;15;;0;0;;0;;;0;;;40;45;;;;;;;;;;50;85;Arg
SUMMA;;;40;40;0;0;104;0;5;0;0;0;0;0;132;0;0;185;171;73;57;0;0;319;0;33;0;141;;;
;;;;;;;;;;;;;;;;;;;;;;;;;;;;;;;
;Obs: följ en rad högerut för att se vad problemet ORSAKAS av;;;;;;;;;;;;;;;;;;;;;;;;;;;;;;
;Följ en kolumn neråt för att se vad problemen i översta raden LEDER TILL;;;;;;;;;;;;;;;;;;;;;;;;;;;;;;
