﻿928186;;Unkn;Äter mindre;Tränar inte;Somnar sent;Vilar;Bråkar;Sjukdomsoro;Fokuserar inte;Sociala medier;Stannar hemma;Skjuter upp;Alkohol/droger;Självskadar;Självmordstankar;Äter mer;Tvångar;Ältar;Oro;Flashbacks;Panikångest;Smärta;Social ångest;Ensam/ledsen;Trött;Stressad;Uttråkad;Arg;Modify?;Painful?;
;Relev?;;1;;;;;1;1;;;1;;;1;1;;;1;;1;1;;1;1;;;;;;
Äter mindre;1;0;;;;;;0;0;;;0;;;0;77;;;0;;0;23;;0;0;;;;70;8;Äter mindre
Tränar inte;;;;;;;;;;;;;;;;;;;;;;;;;;;;;;;Tränar inte
Somnar sent;;;;;;;;;;;;;;;;;;;;;;;;;;;;;;;Somnar sent
Vilar;;;;;;;;;;;;;;;;;;;;;;;;;;;;;;;Vilar
Bråkar;;;;;;;;;;;;;;;;;;;;;;;;;;;;;;;Bråkar
Sjukdomsoro;1;0;0;;;;;;0;;;0;;;0;0;;;97;;0;3;;0;0;;;;67;27;Sjukdomsoro
Fokuserar inte;1;0;0;;;;;0;;;;0;;;0;0;;;86;;0;0;;0;14;;;;34;100;Fokuserar inte
Sociala medier;;;;;;;;;;;;;;;;;;;;;;;;;;;;;;;Sociala medier
Stannar hemma;;;;;;;;;;;;;;;;;;;;;;;;;;;;;;;Stannar hemma
Skjuter upp;1;0;0;;;;;0;46;;;;;;0;0;;;54;;0;0;;0;0;;;;73;100;Skjuter upp
Alkohol/droger;;;;;;;;;;;;;;;;;;;;;;;;;;;;;;;Alkohol/droger
Självskadar;;;;;;;;;;;;;;;;;;;;;;;;;;;;;;;Självskadar
Självmordstankar;1;0;0;;;;;0;0;;;0;;;;0;;;95;;0;0;;0;5;;;;100;100;Självmordstankar
Äter mer;1;0;0;;;;;0;17;;;0;;;0;;;;0;;0;0;;0;83;;;;63;55;Äter mer
Tvångar;;;;;;;;;;;;;;;;;;;;;;;;;;;;;;;Tvångar
Ältar;;;;;;;;;;;;;;;;;;;;;;;;;;;;;;;Ältar
Oro;1;0;0;;;;;0;16;;;75;;;0;0;;;;;0;0;;0;9;;;;61;100;Oro
Flashbacks;;;;;;;;;;;;;;;;;;;;;;;;;;;;;;;Flashbacks
Panikångest;1;0;0;;;;;0;10;;;47;;;0;0;;;43;;;;;;;;;;90;52;Panikångest
Smärta;1;0;29;;;;;0;0;;;0;;;0;0;;;71;;;;;;;;;;20;52;Smärta
Social ångest;;;;;;;;;;;;;;;;;;;;;;;;;;;;;;;Social ångest
Ensam/ledsen;1;0;0;;;;;0;0;;;87;;;0;0;;;13;;;;;;;;;;18;33;Ensam/ledsen
Trött;1;0;0;;;;;0;31;;;37;;;0;0;;;32;;;;;;;;;;4;95;Trött
Stressad;;;;;;;;;;;;;;;;;;;;;;;;;;;;;;;Stressad
Uttråkad;;;;;;;;;;;;;;;;;;;;;;;;;;;;;;;Uttråkad
Arg;;;;;;;;;;;;;;;;;;;;;;;;;;;;;;;Arg
SUMMA;;;29;0;0;0;0;0;120;0;0;246;0;0;0;77;0;0;491;0;0;26;0;0;111;0;0;0;;;
;;;;;;;;;;;;;;;;;;;;;;;;;;;;;;;
;Obs: följ en rad högerut för att se vad problemet ORSAKAS av;;;;;;;;;;;;;;;;;;;;;;;;;;;;;;
;Följ en kolumn neråt för att se vad problemen i översta raden LEDER TILL;;;;;;;;;;;;;;;;;;;;;;;;;;;;;;
