﻿931831;;Unkn;Äter mindre;Tränar inte;Somnar sent;Vilar;Bråkar;Sjukdomsoro;Fokuserar inte;Sociala medier;Stannar hemma;Skjuter upp;Alkohol/droger;Självskadar;Självmordstankar;Äter mer;Tvångar;Ältar;Orostankar;Flashbacks;Panikångest;Smärta;Social ångest;Ensam/ledsen;Trött;Stressad;Uttråkad;Arg;Modify?;Painful?;
;Relev?;;1;;;1;1;;1;;1;1;;;;;;1;1;;;1;;1;1;1;1;1;;;
Äter mindre;1;70;;;;5;0;;0;;0;25;;;;;;0;0;;;0;;0;0;0;0;0;90;20;Äter mindre
Tränar inte;;;;;;;;;;;;;;;;;;;;;;;;;;;;;;;Tränar inte
Somnar sent;;;;;;;;;;;;;;;;;;;;;;;;;;;;;;;Somnar sent
Vilar;1;0;0;;;;0;;0;;0;0;;;;;;0;0;;;0;;31;57;0;12;0;70;0;Vilar
Bråkar;1;40;0;;;0;;;0;;0;0;;;;;;0;20;;;0;;0;0;0;0;40;30;30;Bråkar
Sjukdomstankar;;;;;;;;;;;;;;;;;;;;;;;;;;;;;;;Sjukdomsoro
Fokuserar inte;1;100;0;;;0;0;;;;0;0;;;;;;0;0;;;0;;0;0;0;0;0;70;40;Fokuserar inte
Sociala medier;;;;;;;;;;;;;;;;;;;;;;;;;;;;;;;Sociala medier
Stannar hemma;1;0;0;;;0;0;;0;;;0;;;;;;0;0;;;20;;35;45;0;0;0;45;40;Stannar hemma
Skjuter upp;1;100;0;;;0;0;;0;;0;;;;;;;0;0;;;0;;0;0;0;0;0;65;43;Skjuter upp
Alkohol/droger;;;;;;;;;;;;;;;;;;;;;;;;;;;;;;;Alkohol/droger
Självskadar;;;;;;;;;;;;;;;;;;;;;;;;;;;;;;;Självskadar
Självmordstankar;;;;;;;;;;;;;;;;;;;;;;;;;;;;;;;Självmordstankar
Äter mer;;;;;;;;;;;;;;;;;;;;;;;;;;;;;;;Äter mer
Tvångar;;;;;;;;;;;;;;;;;;;;;;;;;;;;;;;Tvångar
Ältar;1;0;0;;;0;0;;0;;0;0;;;;;;;10;;;0;;90;0;0;0;0;50;90;Ältar
Orostankar;1;0;0;;;0;10;;0;;0;0;;;;;;0;;;;0;;0;0;20;0;70;30;85;Oro
Flashbacks;;;;;;;;;;;;;;;;;;;;;;;;;;;;;;;Flashbacks
Panikångest;;;;;;;;;;;;;;;;;;;;;;;;;;;;;;;Panikångest
Smärta;1;100;0;;;0;0;;0;;0;0;;;;;;0;0;;;;;;;;;;80;60;Smärta
Social ångest;;;;;;;;;;;;;;;;;;;;;;;;;;;;;;;Social ångest
Ensam/ledsen;1;35;0;;;0;0;;0;;0;0;;;;;;65;0;;;;;;;;;;55;80;Ensam/ledsen
Trött;1;100;0;;;0;0;;0;;0;0;;;;;;0;0;;;;;;;;;;80;40;Trött
Stressad;1;20;0;;;0;0;;0;;0;0;;;;;;45;35;;;;;;;;;;50;54;Stressad
Uttråkad;1;15;0;;;0;0;;0;;0;0;;;;;;30;55;;;;;;;;;;60;51;Uttråkad
Arg;1;30;0;;;0;30;;0;;0;0;;;;;;0;40;;;;;;;;;;70;36;Arg
SUMMA;;;0;0;0;5;40;0;0;0;0;25;0;0;0;0;0;140;160;0;0;20;0;156;102;20;12;110;;;
;;;;;;;;;;;;;;;;;;;;;;;;;;;;;;;
;Obs: följ en rad högerut för att se vad problemet ORSAKAS av;;;;;;;;;;;;;;;;;;;;;;;;;;;;;;
;Följ en kolumn neråt för att se vad problemen i översta raden LEDER TILL;;;;;;;;;;;;;;;;;;;;;;;;;;;;;;
