﻿938110;;Unkn;Äter mindre;Tränar inte;Somnar sent;Vilar;Bråkar;Sjukdomsoro;Fokuserar inte;Sociala medier;Stannar hemma;Skjuter upp;Alkohol/droger;Självskadar;Självmordstankar;Äter mer;Tvångar;Ältar;Orostankar;Flashbacks;Panikångest;Smärta;Social ångest;Ensam/ledsen;Trött;Stressad;Uttråkad;Arg;Modify?;Painful?;
;Relev?;;;;1;1;;;1;;;1;;;;;;1;1;;;1;1;;1;1;1;1;;;
Äter mindre;;;;;;;;;;;;;;;;;;;;;;;;;;;;;;;Äter mindre
Tränar inte;;;;;;;;;;;;;;;;;;;;;;;;;;;;;;;Tränar inte
Somnar sent;1;0;;;;0;;;0;;;35;;;;;;32;33;;;0;0;;0;0;0;0;100;54;Somnar sent
Vilar;1;50;;;50;;;;0;;;0;;;;;;0;0;;;0;0;;0;0;0;0;90;12;Vilar
Bråkar;;;;;;;;;;;;;;;;;;;;;;;;;;;;;;;Bråkar
Sjukdomstankar;;;;;;;;;;;;;;;;;;;;;;;;;;;;;;;Sjukdomsoro
Fokuserar inte;1;0;;;0;0;;;;;;0;;;;;;0;19;;;0;21;;0;60;0;0;90;61;Fokuserar inte
Sociala medier;;;;;;;;;;;;;;;;;;;;;;;;;;;;;;;Sociala medier
Stannar hemma;;;;;;;;;;;;;;;;;;;;;;;;;;;;;;;Stannar hemma
Skjuter upp;1;0;;;0;0;;;31;;;;;;;;;0;0;;;0;52;;0;0;0;17;90;68;Skjuter upp
Alkohol/droger;;;;;;;;;;;;;;;;;;;;;;;;;;;;;;;Alkohol/droger
Självskadar;;;;;;;;;;;;;;;;;;;;;;;;;;;;;;;Självskadar
Självmordstankar;;;;;;;;;;;;;;;;;;;;;;;;;;;;;;;Självmordstankar
Äter mer;;;;;;;;;;;;;;;;;;;;;;;;;;;;;;;Äter mer
Tvångar;;;;;;;;;;;;;;;;;;;;;;;;;;;;;;;Tvångar
Ältar;1;0;;;0;0;;;24;;;0;;;;;;;0;;;0;28;;0;48;0;0;90;69;Ältar
Orostankar;1;0;;;0;0;;;33;;;0;;;;;;0;;;;0;11;;0;56;0;0;80;31;Oro
Flashbacks;;;;;;;;;;;;;;;;;;;;;;;;;;;;;;;Flashbacks
Panikångest;;;;;;;;;;;;;;;;;;;;;;;;;;;;;;;Panikångest
Smärta;1;100;;;0;0;;;0;;;0;;;;;;0;0;;;;;;;;;;51;10;Smärta
Social ångest;1;15;;;0;0;;;85;;;0;;;;;;0;0;;;;;;;;;;80;60;Social ångest
Ensam/ledsen;;;;;;;;;;;;;;;;;;;;;;;;;;;;;;;Ensam/ledsen
Trött;1;0;;;80;13;;;0;;;7;;;;;;0;0;;;;;;;;;;80;50;Trött
Stressad;1;0;;;0;0;;;41;;;28;;;;;;0;31;;;;;;;;;;85;63;Stressad
Uttråkad;1;25;;;0;0;;;0;;;0;;;;;;34;41;;;;;;;;;;60;24;Uttråkad
Arg;1;0;;;0;0;;;23;;;0;;;;;;45;32;;;;;;;;;;80;51;Arg
SUMMA;;;0;0;130;13;0;0;237;0;0;70;0;0;0;0;0;111;156;0;0;0;112;0;0;164;0;17;;;
;;;;;;;;;;;;;;;;;;;;;;;;;;;;;;;
;Obs: följ en rad högerut för att se vad problemet ORSAKAS av;;;;;;;;;;;;;;;;;;;;;;;;;;;;;;
;Följ en kolumn neråt för att se vad problemen i översta raden LEDER TILL;;;;;;;;;;;;;;;;;;;;;;;;;;;;;;
