﻿941809;;Unkn;Äter mindre;Tränar inte;Somnar sent;Vilar;Bråkar;Sjukdomsoro;Fokuserar inte;Sociala medier;Stannar hemma;Skjuter upp;Alkohol/droger;Självskadar;Självmordstankar;Äter mer;Tvångar;Ältar;Orostankar;Flashbacks;Panikångest;Smärta;Social ångest;Ensam/ledsen;Trött;Stressad;Uttråkad;Arg;Modify?;Painful?;
;Relev?;;1;;;1;;;1;;;;;1;;;;;;1;1;;1;1;1;1;1;;;;
Äter mindre;1;0;;;;0;;;0;;;;;0;;;;;;0;0;;99;0;0;1;0;;69;25;Äter mindre
Tränar inte;;;;;;;;;;;;;;;;;;;;;;;;;;;;;;;Tränar inte
Somnar sent;;;;;;;;;;;;;;;;;;;;;;;;;;;;;;;Somnar sent
Vilar;1;0;0;;;;;;0;;;;;0;;;;;;0;0;;0;0;88;12;0;;73;35;Vilar
Bråkar;;;;;;;;;;;;;;;;;;;;;;;;;;;;;;;Bråkar
Sjukdomstankar;;;;;;;;;;;;;;;;;;;;;;;;;;;;;;;Sjukdomsoro
Fokuserar inte;1;0;0;;;0;;;;;;;;0;;;;;;50;20;;0;0;0;30;0;;77;41;Fokuserar inte
Sociala medier;;;;;;;;;;;;;;;;;;;;;;;;;;;;;;;Sociala medier
Stannar hemma;;;;;;;;;;;;;;;;;;;;;;;;;;;;;;;Stannar hemma
Skjuter upp;;;;;;;;;;;;;;;;;;;;;;;;;;;;;;;Skjuter upp
Alkohol/droger;;;;;;;;;;;;;;;;;;;;;;;;;;;;;;;Alkohol/droger
Självskadar;1;0;0;;;0;;;0;;;;;;;;;;;48;52;;0;0;0;0;0;;93;61;Självskadar
Självmordstankar;;;;;;;;;;;;;;;;;;;;;;;;;;;;;;;Självmordstankar
Äter mer;;;;;;;;;;;;;;;;;;;;;;;;;;;;;;;Äter mer
Tvångar;;;;;;;;;;;;;;;;;;;;;;;;;;;;;;;Tvångar
Ältar;;;;;;;;;;;;;;;;;;;;;;;;;;;;;;;Ältar
Orostankar;;;;;;;;;;;;;;;;;;;;;;;;;;;;;;;Oro
Flashbacks;1;100;0;;;0;;;0;;;;;0;;;;;;;;;;;;;;;66;86;Flashbacks
Panikångest;1;100;0;;;0;;;0;;;;;0;;;;;;;;;;;;;;;35;82;Panikångest
Smärta;;;;;;;;;;;;;;;;;;;;;;;;;;;;;;;Smärta
Social ångest;1;100;0;;;0;;;0;;;;;0;;;;;;;;;;;;;;;24;81;Social ångest
Ensam/ledsen;1;100;0;;;0;;;0;;;;;0;;;;;;;;;;;;;;;65;71;Ensam/ledsen
Trött;1;100;0;;;0;;;0;;;;;0;;;;;;;;;;;;;;;75;54;Trött
Stressad;1;100;0;;;0;;;0;;;;;0;;;;;;;;;;;;;;;14;78;Stressad
Uttråkad;1;100;0;;;0;;;0;;;;;0;;;;;;;;;;;;;;;74;30;Uttråkad
Arg;;;;;;;;;;;;;;;;;;;;;;;;;;;;;;;Arg
SUMMA;;;0;0;0;0;0;0;0;0;0;0;0;0;0;0;0;0;0;98;72;0;99;0;88;43;0;0;;;
;;;;;;;;;;;;;;;;;;;;;;;;;;;;;;;
;Obs: följ en rad högerut för att se vad problemet ORSAKAS av;;;;;;;;;;;;;;;;;;;;;;;;;;;;;;
;Följ en kolumn neråt för att se vad problemen i översta raden LEDER TILL;;;;;;;;;;;;;;;;;;;;;;;;;;;;;;
