﻿943680;;Unkn;Äter mindre;Tränar inte;Somnar sent;Vilar;Bråkar;Sjukdomsoro;Fokuserar inte;Sociala medier;Stannar hemma;Skjuter upp;Alkohol/droger;Självskadar;Självmordstankar;Äter mer;Tvångar;Ältar;Oro;Flashbacks;Panikångest;Smärta;Social ångest;Ensam/ledsen;Trött;Stressad;Uttråkad;Arg;Modify?;Painful?;
;Relev?;;;1;1;1;;1;1;;1;1;1;;;;;1;1;;;1;;1;1;1;1;;;;
Äter mindre;;;;;;;;;;;;;;;;;;;;;;;;;;;;;;;Äter mindre
Tränar inte;1;0;;;0;0;;0;0;;0;0;0;;;;;10;90;;;0;;0;0;0;0;;100;1;Tränar inte
Somnar sent;1;0;;0;;0;;0;0;;0;0;0;;;;;12;13;;;0;;75;0;0;0;;100;10;Somnar sent
Vilar;1;0;;0;50;;;0;0;;0;0;0;;;;;0;0;;;0;;0;50;0;0;;100;1;Vilar
Bråkar;;;;;;;;;;;;;;;;;;;;;;;;;;;;;;;Bråkar
Sjukdomsoro;1;0;;0;0;0;;;0;;0;0;0;;;;;0;0;;;100;;0;0;0;0;;100;1;Sjukdomsoro
Fokuserar inte;1;100;;0;0;0;;0;;;0;0;0;;;;;0;0;;;0;;0;0;0;0;;50;60;Fokuserar inte
Sociala medier;;;;;;;;;;;;;;;;;;;;;;;;;;;;;;;Sociala medier
Stannar hemma;1;0;;0;0;0;;0;0;;;0;0;;;;;0;30;;;0;;70;0;0;0;;99;50;Stannar hemma
Skjuter upp;1;0;;0;0;0;;0;0;;0;;0;;;;;0;0;;;0;;100;0;0;0;;72;25;Skjuter upp
Alkohol/droger;1;0;;0;0;0;;0;0;;0;0;;;;;;0;35;;;0;;60;0;0;5;;50;30;Alkohol/droger
Självskadar;;;;;;;;;;;;;;;;;;;;;;;;;;;;;;;Självskadar
Självmordstankar;;;;;;;;;;;;;;;;;;;;;;;;;;;;;;;Självmordstankar
Äter mer;;;;;;;;;;;;;;;;;;;;;;;;;;;;;;;Äter mer
Tvångar;;;;;;;;;;;;;;;;;;;;;;;;;;;;;;;Tvångar
Ältar;1;0;;0;0;0;;0;0;;0;0;0;;;;;;50;;;0;;50;0;0;0;;72;50;Ältar
Oro;1;70;;0;0;0;;0;0;;0;0;0;;;;;0;;;;0;;30;0;0;0;;51;70;Oro
Flashbacks;;;;;;;;;;;;;;;;;;;;;;;;;;;;;;;Flashbacks
Panikångest;;;;;;;;;;;;;;;;;;;;;;;;;;;;;;;Panikångest
Smärta;1;100;;0;0;0;;0;0;;0;0;0;;;;;0;0;;;;;;;;;;51;30;Smärta
Social ångest;;;;;;;;;;;;;;;;;;;;;;;;;;;;;;;Social ångest
Ensam/ledsen;1;100;;0;0;0;;0;0;;0;0;0;;;;;0;0;;;;;;;;;;51;60;Ensam/ledsen
Trött;1;50;;0;50;0;;0;0;;0;0;0;;;;;0;0;;;;;;;;;;72;1;Trött
Stressad;1;50;;0;0;0;;0;0;;0;0;0;;;;;0;50;;;;;;;;;;52;1;Stressad
Uttråkad;1;50;;0;0;0;;0;0;;0;0;0;;;;;0;50;;;;;;;;;;71;50;Uttråkad
Arg;;;;;;;;;;;;;;;;;;;;;;;;;;;;;;;Arg
SUMMA;;;0;0;100;0;0;0;0;0;0;0;0;0;0;0;0;22;318;0;0;100;0;385;50;0;5;0;;;
;;;;;;;;;;;;;;;;;;;;;;;;;;;;;;;
;Obs: följ en rad högerut för att se vad problemet ORSAKAS av;;;;;;;;;;;;;;;;;;;;;;;;;;;;;;
;Följ en kolumn neråt för att se vad problemen i översta raden LEDER TILL;;;;;;;;;;;;;;;;;;;;;;;;;;;;;;
