﻿945731;;Unkn;Äter mindre;Tränar inte;Somnar sent;Vilar;Bråkar;Sjukdomsoro;Fokuserar inte;Sociala medier;Stannar hemma;Skjuter upp;Alkohol/droger;Självskadar;Självmordstankar;Äter mer;Tvångar;Ältar;Orostankar;Flashbacks;Panikångest;Smärta;Social ångest;Ensam/ledsen;Trött;Stressad;Uttråkad;Arg;Modify?;Painful?;
;Relev?;;;1;;1;;;;1;;1;;;;;;1;;;;1;1;1;1;1;1;;;;
Äter mindre;;;;;;;;;;;;;;;;;;;;;;;;;;;;;;;Äter mindre
Tränar inte;1;18;;;;77;;;;5;;0;;;;;;0;;;;0;0;0;0;0;0;;45;40;Tränar inte
Somnar sent;;;;;;;;;;;;;;;;;;;;;;;;;;;;;;;Somnar sent
Vilar;1;0;;0;;;;;;0;;0;;;;;;0;;;;0;0;0;100;0;0;;25;48;Vilar
Bråkar;;;;;;;;;;;;;;;;;;;;;;;;;;;;;;;Bråkar
Sjukdomstankar;;;;;;;;;;;;;;;;;;;;;;;;;;;;;;;Sjukdomsoro
Fokuserar inte;;;;;;;;;;;;;;;;;;;;;;;;;;;;;;;Fokuserar inte
Sociala medier;1;0;;0;;0;;;;;;0;;;;;;0;;;;0;0;0;33;67;0;;77;19;Sociala medier
Stannar hemma;;;;;;;;;;;;;;;;;;;;;;;;;;;;;;;Stannar hemma
Skjuter upp;1;0;;0;;100;;;;0;;;;;;;;0;;;;0;0;0;0;0;0;;84;24;Skjuter upp
Alkohol/droger;;;;;;;;;;;;;;;;;;;;;;;;;;;;;;;Alkohol/droger
Självskadar;;;;;;;;;;;;;;;;;;;;;;;;;;;;;;;Självskadar
Självmordstankar;;;;;;;;;;;;;;;;;;;;;;;;;;;;;;;Självmordstankar
Äter mer;;;;;;;;;;;;;;;;;;;;;;;;;;;;;;;Äter mer
Tvångar;;;;;;;;;;;;;;;;;;;;;;;;;;;;;;;Tvångar
Ältar;1;0;;0;;0;;;;0;;0;;;;;;;;;;31;0;56;0;13;0;;64;89;Ältar
Orostankar;;;;;;;;;;;;;;;;;;;;;;;;;;;;;;;Oro
Flashbacks;;;;;;;;;;;;;;;;;;;;;;;;;;;;;;;Flashbacks
Panikångest;;;;;;;;;;;;;;;;;;;;;;;;;;;;;;;Panikångest
Smärta;1;21;;79;;0;;;;0;;0;;;;;;0;;;;;;;;;;;16;55;Smärta
Social ångest;1;68;;23;;0;;;;0;;9;;;;;;0;;;;;;;;;;;49;19;Social ångest
Ensam/ledsen;1;0;;0;;0;;;;0;;0;;;;;;100;;;;;;;;;;;44;79;Ensam/ledsen
Trött;1;100;;0;;0;;;;0;;0;;;;;;0;;;;;;;;;;;18;56;Trött
Stressad;1;44;;0;;56;;;;0;;0;;;;;;0;;;;;;;;;;;47;86;Stressad
Uttråkad;1;100;;0;;0;;;;0;;0;;;;;;0;;;;;;;;;;;50;43;Uttråkad
Arg;;;;;;;;;;;;;;;;;;;;;;;;;;;;;;;Arg
SUMMA;;;0;102;0;233;0;0;0;5;0;9;0;0;0;0;0;100;0;0;0;31;0;56;133;80;0;0;;;
;;;;;;;;;;;;;;;;;;;;;;;;;;;;;;;
;Obs: följ en rad högerut för att se vad problemet ORSAKAS av;;;;;;;;;;;;;;;;;;;;;;;;;;;;;;
;Följ en kolumn neråt för att se vad problemen i översta raden LEDER TILL;;;;;;;;;;;;;;;;;;;;;;;;;;;;;;
