﻿947159;;Unkn;Äter mindre;Tränar inte;Somnar sent;Vilar;Bråkar;Sjukdomsoro;Fokuserar inte;Sociala medier;Stannar hemma;Skjuter upp;Alkohol/droger;Självskadar;Självmordstankar;Äter mer;Tvångar;Ältar;Oro;Flashbacks;Panikångest;Smärta;Social ångest;Ensam/ledsen;Trött;Stressad;Uttråkad;Arg;Modify?;Painful?;
;Relev?;;1;1;1;;;;;1;1;;;;;;;1;1;;1;1;1;1;;1;1;1;;;
Äter mindre;1;0;;0;0;;;;;0;0;;;;;;;0;0;;0;50;0;0;;50;0;0;85;18;Äter mindre
Tränar inte;1;0;0;;0;;;;;30;0;;;;;;;0;0;;0;30;0;0;;40;0;0;85;48;Tränar inte
Somnar sent;1;0;0;0;;;;;;0;0;;;;;;;50;20;;0;0;0;30;;0;0;0;89;51;Somnar sent
Vilar;;;;;;;;;;;;;;;;;;;;;;;;;;;;;;;Vilar
Bråkar;;;;;;;;;;;;;;;;;;;;;;;;;;;;;;;Bråkar
Sjukdomsoro;;;;;;;;;;;;;;;;;;;;;;;;;;;;;;;Sjukdomsoro
Fokuserar inte;;;;;;;;;;;;;;;;;;;;;;;;;;;;;;;Fokuserar inte
Sociala medier;1;0;0;0;0;;;;;;0;;;;;;;50;10;;0;0;0;0;;0;40;0;94;88;Sociala medier
Stannar hemma;1;0;0;0;0;;;;;0;;;;;;;;0;0;;20;0;60;0;;20;0;0;80;88;Stannar hemma
Skjuter upp;;;;;;;;;;;;;;;;;;;;;;;;;;;;;;;Skjuter upp
Alkohol/droger;;;;;;;;;;;;;;;;;;;;;;;;;;;;;;;Alkohol/droger
Självskadar;;;;;;;;;;;;;;;;;;;;;;;;;;;;;;;Självskadar
Självmordstankar;;;;;;;;;;;;;;;;;;;;;;;;;;;;;;;Självmordstankar
Äter mer;;;;;;;;;;;;;;;;;;;;;;;;;;;;;;;Äter mer
Tvångar;;;;;;;;;;;;;;;;;;;;;;;;;;;;;;;Tvångar
Ältar;1;0;0;0;0;;;;;0;0;;;;;;;;56;;20;0;0;0;;0;0;24;50;98;Ältar
Oro;1;0;0;0;0;;;;;0;0;;;;;;;40;;;0;0;0;31;;29;0;0;50;93;Oro
Flashbacks;;;;;;;;;;;;;;;;;;;;;;;;;;;;;;;Flashbacks
Panikångest;1;0;0;31;0;;;;;0;0;;;;;;;37;32;;;;;;;;;;59;85;Panikångest
Smärta;1;0;35;35;30;;;;;0;0;;;;;;;0;0;;;;;;;;;;63;21;Smärta
Social ångest;1;0;0;33;0;;;;;0;38;;;;;;;29;0;;;;;;;;;;57;97;Social ångest
Ensam/ledsen;1;0;0;0;0;;;;;39;0;;;;;;;32;29;;;;;;;;;;96;29;Ensam/ledsen
Trött;;;;;;;;;;;;;;;;;;;;;;;;;;;;;;;Trött
Stressad;1;0;0;0;0;;;;;0;32;;;;;;;35;33;;;;;;;;;;88;28;Stressad
Uttråkad;1;0;0;0;0;;;;;35;0;;;;;;;31;34;;;;;;;;;;76;21;Uttråkad
Arg;1;0;0;0;0;;;;;0;37;;;;;;;35;28;;;;;;;;;;73;61;Arg
SUMMA;;;35;99;30;0;0;0;0;104;107;0;0;0;0;0;0;339;242;0;40;80;60;61;0;139;40;24;;;
;;;;;;;;;;;;;;;;;;;;;;;;;;;;;;;
;Obs: följ en rad högerut för att se vad problemet ORSAKAS av;;;;;;;;;;;;;;;;;;;;;;;;;;;;;;
;Följ en kolumn neråt för att se vad problemen i översta raden LEDER TILL;;;;;;;;;;;;;;;;;;;;;;;;;;;;;;
