﻿961602;;Unkn;Äter mindre;Tränar inte;Somnar sent;Vilar;Bråkar;Sjukdomsoro;Fokuserar inte;Sociala medier;Stannar hemma;Skjuter upp;Alkohol/droger;Självskadar;Självmordstankar;Äter mer;Tvångar;Ältar;Oro;Flashbacks;Panikångest;Smärta;Social ångest;Ensam/ledsen;Trött;Stressad;Uttråkad;Arg;Modify?;Painful?;
;Relev?;;1;1;1;;;;;1;;;1;;1;;1;1;1;;;;1;;;1;1;;;;
Äter mindre;1;0;;0;0;;;;;0;;;0;;0;;50;42;8;;;;0;;;0;0;;19;35;Äter mindre
Tränar inte;1;0;0;;0;;;;;0;;;0;;0;;51;49;0;;;;0;;;0;0;;18;36;Tränar inte
Somnar sent;1;0;0;0;;;;;;0;;;0;;0;;39;40;21;;;;0;;;0;0;;27;48;Somnar sent
Vilar;;;;;;;;;;;;;;;;;;;;;;;;;;;;;;;Vilar
Bråkar;;;;;;;;;;;;;;;;;;;;;;;;;;;;;;;Bråkar
Sjukdomsoro;;;;;;;;;;;;;;;;;;;;;;;;;;;;;;;Sjukdomsoro
Fokuserar inte;;;;;;;;;;;;;;;;;;;;;;;;;;;;;;;Fokuserar inte
Sociala medier;1;0;0;0;0;;;;;;;;0;;0;;76;24;0;;;;0;;;0;0;;81;54;Sociala medier
Stannar hemma;;;;;;;;;;;;;;;;;;;;;;;;;;;;;;;Stannar hemma
Skjuter upp;;;;;;;;;;;;;;;;;;;;;;;;;;;;;;;Skjuter upp
Alkohol/droger;1;0;0;0;0;;;;;0;;;;;0;;54;27;0;;;;0;;;19;0;;28;41;Alkohol/droger
Självskadar;;;;;;;;;;;;;;;;;;;;;;;;;;;;;;;Självskadar
Självmordstankar;1;0;0;0;0;;;;;0;;;0;;;;19;47;34;;;;0;;;0;0;;75;63;Självmordstankar
Äter mer;;;;;;;;;;;;;;;;;;;;;;;;;;;;;;;Äter mer
Tvångar;1;0;0;0;0;;;;;0;;;0;;0;;;54;30;;;;16;;;0;0;;89;100;Tvångar
Ältar;1;0;0;0;0;;;;;0;;;0;;0;;36;;64;;;;0;;;0;0;;82;100;Ältar
Oro;1;0;0;0;0;;;;;0;;;0;;0;;100;0;;;;;0;;;0;0;;75;100;Oro
Flashbacks;;;;;;;;;;;;;;;;;;;;;;;;;;;;;;;Flashbacks
Panikångest;;;;;;;;;;;;;;;;;;;;;;;;;;;;;;;Panikångest
Smärta;;;;;;;;;;;;;;;;;;;;;;;;;;;;;;;Smärta
Social ångest;1;0;0;0;0;;;;;0;;;0;;0;;28;72;0;;;;;;;;;;25;49;Social ångest
Ensam/ledsen;;;;;;;;;;;;;;;;;;;;;;;;;;;;;;;Ensam/ledsen
Trött;;;;;;;;;;;;;;;;;;;;;;;;;;;;;;;Trött
Stressad;1;0;0;0;0;;;;;0;;;0;;0;;100;0;0;;;;;;;;;;23;45;Stressad
Uttråkad;1;0;0;0;0;;;;;0;;;0;;0;;31;69;0;;;;;;;;;;25;50;Uttråkad
Arg;;;;;;;;;;;;;;;;;;;;;;;;;;;;;;;Arg
SUMMA;;;0;0;0;0;0;0;0;0;0;0;0;0;0;0;584;424;157;0;0;0;16;0;0;19;0;0;;;
;;;;;;;;;;;;;;;;;;;;;;;;;;;;;;;
;Obs: följ en rad högerut för att se vad problemet ORSAKAS av;;;;;;;;;;;;;;;;;;;;;;;;;;;;;;
;Följ en kolumn neråt för att se vad problemen i översta raden LEDER TILL;;;;;;;;;;;;;;;;;;;;;;;;;;;;;;
