﻿969699;;Unkn;Äter mindre;Tränar inte;Somnar sent;Vilar;Bråkar;Sjukdomsoro;Fokuserar inte;Sociala medier;Stannar hemma;Skjuter upp;Alkohol/droger;Självskadar;Självmordstankar;Äter mer;Tvångar;Ältar;Oro;Flashbacks;Panikångest;Smärta;Social ångest;Ensam/ledsen;Trött;Stressad;Uttråkad;Arg;Modify?;Painful?;
;Relev?;;1;1;1;;;;1;1;;1;;;1;1;;1;1;;;1;;;1;1;;1;;;
Äter mindre;1;0;;0;0;;;;50;0;;0;;;0;12;;0;0;;;0;;;0;0;;38;80;10;Äter mindre
Tränar inte;1;0;22;;0;;;;0;10;;0;;;0;0;;68;0;;;0;;;0;0;;0;70;1;Tränar inte
Somnar sent;1;0;0;0;;;;;0;0;;0;;;0;0;;68;32;;;0;;;0;0;;0;30;85;Somnar sent
Vilar;;;;;;;;;;;;;;;;;;;;;;;;;;;;;;;Vilar
Bråkar;;;;;;;;;;;;;;;;;;;;;;;;;;;;;;;Bråkar
Sjukdomsoro;;;;;;;;;;;;;;;;;;;;;;;;;;;;;;;Sjukdomsoro
Fokuserar inte;1;0;16;0;44;;;;;0;;0;;;0;0;;0;0;;;0;;;0;40;;0;69;62;Fokuserar inte
Sociala medier;1;0;0;0;0;;;;0;;;54;;;0;0;;46;0;;;0;;;0;0;;0;74;9;Sociala medier
Stannar hemma;;;;;;;;;;;;;;;;;;;;;;;;;;;;;;;Stannar hemma
Skjuter upp;1;0;0;0;13;;;;73;0;;;;;0;0;;0;14;;;0;;;0;0;;0;70;10;Skjuter upp
Alkohol/droger;;;;;;;;;;;;;;;;;;;;;;;;;;;;;;;Alkohol/droger
Självskadar;;;;;;;;;;;;;;;;;;;;;;;;;;;;;;;Självskadar
Självmordstankar;1;0;0;0;0;;;;0;0;;0;;;;0;;67;29;;;0;;;0;0;;4;73;95;Självmordstankar
Äter mer;1;0;63;0;0;;;;0;0;;0;;;0;;;24;0;;;0;;;0;13;;0;30;68;Äter mer
Tvångar;;;;;;;;;;;;;;;;;;;;;;;;;;;;;;;Tvångar
Ältar;1;0;0;0;6;;;;45;0;;0;;;0;0;;;49;;;0;;;0;0;;0;61;88;Ältar
Oro;1;0;0;0;10;;;;0;0;;0;;;29;0;;61;;;;0;;;0;0;;0;29;93;Oro
Flashbacks;;;;;;;;;;;;;;;;;;;;;;;;;;;;;;;Flashbacks
Panikångest;;;;;;;;;;;;;;;;;;;;;;;;;;;;;;;Panikångest
Smärta;1;0;54;0;46;;;;0;0;;0;;;0;0;;0;0;;;;;;;;;;2;21;Smärta
Social ångest;;;;;;;;;;;;;;;;;;;;;;;;;;;;;;;Social ångest
Ensam/ledsen;;;;;;;;;;;;;;;;;;;;;;;;;;;;;;;Ensam/ledsen
Trött;1;0;0;15;51;;;;0;0;;34;;;0;0;;0;0;;;;;;;;;;15;51;Trött
Stressad;1;0;0;0;18;;;;9;0;;0;;;0;0;;73;0;;;;;;;;;;6;84;Stressad
Uttråkad;;;;;;;;;;;;;;;;;;;;;;;;;;;;;;;Uttråkad
Arg;1;0;0;0;0;;;;14;0;;0;;;0;0;;66;20;;;;;;;;;;61;76;Arg
SUMMA;;;155;15;188;0;0;0;191;10;0;88;0;0;29;12;0;473;144;0;0;0;0;0;0;53;0;42;;;
;;;;;;;;;;;;;;;;;;;;;;;;;;;;;;;
;Obs: följ en rad högerut för att se vad problemet ORSAKAS av;;;;;;;;;;;;;;;;;;;;;;;;;;;;;;
;Följ en kolumn neråt för att se vad problemen i översta raden LEDER TILL;;;;;;;;;;;;;;;;;;;;;;;;;;;;;;
