﻿977793;;Unkn;Äter mindre;Tränar inte;Somnar sent;Vilar;Bråkar;Sjukdomsoro;Fokuserar inte;Sociala medier;Stannar hemma;Skjuter upp;Alkohol/droger;Självskadar;Självmordstankar;Äter mer;Tvångar;Ältar;Oro;Flashbacks;Panikångest;Smärta;Social ångest;Ensam/ledsen;Trött;Stressad;Uttråkad;Arg;Modify?;Painful?;
;Relev?;;1;;;;1;1;1;;;;;;;1;;1;1;;;;1;;1;1;;1;;;
Äter mindre;1;0;0;;;;0;5;0;;;;;;;81;;14;0;;;;0;;0;0;;0;80;30;Äter mindre
Tränar inte;;;;;;;;;;;;;;;;;;;;;;;;;;;;;;;Tränar inte
Somnar sent;;;;;;;;;;;;;;;;;;;;;;;;;;;;;;;Somnar sent
Vilar;;;;;;;;;;;;;;;;;;;;;;;;;;;;;;;Vilar
Bråkar;1;0;0;;;;0;0;14;;;;;;;0;;0;60;;;;0;;26;0;;0;30;90;Bråkar
Sjukdomsoro;1;0;0;;;;0;0;0;;;;;;;0;;5;81;;;;0;;0;14;;0;50;50;Sjukdomsoro
Fokuserar inte;1;0;0;;;;8;0;0;;;;;;;0;;0;71;;;;21;;0;0;;0;30;70;Fokuserar inte
Sociala medier;;;;;;;;;;;;;;;;;;;;;;;;;;;;;;;Sociala medier
Stannar hemma;;;;;;;;;;;;;;;;;;;;;;;;;;;;;;;Stannar hemma
Skjuter upp;;;;;;;;;;;;;;;;;;;;;;;;;;;;;;;Skjuter upp
Alkohol/droger;;;;;;;;;;;;;;;;;;;;;;;;;;;;;;;Alkohol/droger
Självskadar;;;;;;;;;;;;;;;;;;;;;;;;;;;;;;;Självskadar
Självmordstankar;;;;;;;;;;;;;;;;;;;;;;;;;;;;;;;Självmordstankar
Äter mer;1;0;75;;;;0;0;16;;;;;;;0;;0;0;;;;0;;9;0;;0;35;80;Äter mer
Tvångar;;;;;;;;;;;;;;;;;;;;;;;;;;;;;;;Tvångar
Ältar;1;0;0;;;;0;0;0;;;;;;;0;;0;50;;;;29;;0;21;;0;30;50;Ältar
Oro;1;0;0;;;;18;51;31;;;;;;;0;;0;0;;;;0;;0;0;;0;50;85;Oro
Flashbacks;;;;;;;;;;;;;;;;;;;;;;;;;;;;;;;Flashbacks
Panikångest;;;;;;;;;;;;;;;;;;;;;;;;;;;;;;;Panikångest
Smärta;;;;;;;;;;;;;;;;;;;;;;;;;;;;;;;Smärta
Social ångest;1;0;0;;;;39;0;0;;;;;;;0;;30;31;;;;0;;0;0;;0;50;75;Social ångest
Ensam/ledsen;;;;;;;;;;;;;;;;;;;;;;;;;;;;;;;Ensam/ledsen
Trött;1;0;40;;;;0;0;0;;;;;;;40;;0;20;;;;0;;0;0;;0;100;30;Trött
Stressad;1;0;17;;;;49;0;0;;;;;;;0;;0;34;;;;0;;0;0;;0;90;50;Stressad
Uttråkad;;;;;;;;;;;;;;;;;;;;;;;;;;;;;;;Uttråkad
Arg;1;0;0;;;;41;0;24;;;;;;;0;;0;35;;;;0;;0;0;;0;50;91;Arg
SUMMA;;;132;0;0;0;155;56;85;0;0;0;0;0;0;121;0;49;382;0;0;0;50;0;35;35;0;0;;;
;;;;;;;;;;;;;;;;;;;;;;;;;;;;;;;
;Obs: följ en rad högerut för att se vad problemet ORSAKAS av;;;;;;;;;;;;;;;;;;;;;;;;;;;;;;
;Följ en kolumn neråt för att se vad problemen i översta raden LEDER TILL;;;;;;;;;;;;;;;;;;;;;;;;;;;;;;
