﻿980930;;Unkn;Äter mindre;Tränar inte;Somnar sent;Vilar;Bråkar;Sjukdomsoro;Fokuserar inte;Sociala medier;Stannar hemma;Skjuter upp;Alkohol/droger;Självskadar;Självmordstankar;Äter mer;Tvångar;Ältar;Orostankar;Flashbacks;Panikångest;Smärta;Social ångest;Ensam/ledsen;Trött;Stressad;Uttråkad;Arg;Modify?;Painful?;
;Relev?;;1;;;;;;1;;;1;1;;1;;;1;1;1;1;1;1;;1;1;1;1;;;
Äter mindre;1;100;;;;;;;0;;;0;0;;0;;;0;0;0;0;0;0;;0;0;0;0;49;3;Äter mindre
Tränar inte;;;;;;;;;;;;;;;;;;;;;;;;;;;;;;;Tränar inte
Somnar sent;;;;;;;;;;;;;;;;;;;;;;;;;;;;;;;Somnar sent
Vilar;;;;;;;;;;;;;;;;;;;;;;;;;;;;;;;Vilar
Bråkar;;;;;;;;;;;;;;;;;;;;;;;;;;;;;;;Bråkar
Sjukdomstankar;;;;;;;;;;;;;;;;;;;;;;;;;;;;;;;Sjukdomsoro
Fokuserar inte;1;0;0;;;;;;;;;0;0;;0;;;30;0;30;40;0;0;;0;0;0;0;5;76;Fokuserar inte
Sociala medier;;;;;;;;;;;;;;;;;;;;;;;;;;;;;;;Sociala medier
Stannar hemma;;;;;;;;;;;;;;;;;;;;;;;;;;;;;;;Stannar hemma
Skjuter upp;1;0;0;;;;;;28;;;;0;;0;;;0;0;21;51;0;0;;0;0;0;0;50;7;Skjuter upp
Alkohol/droger;1;0;0;;;;;;0;;;0;;;0;;;0;0;33;35;0;32;;0;0;0;0;99;1;Alkohol/droger
Självskadar;;;;;;;;;;;;;;;;;;;;;;;;;;;;;;;Självskadar
Självmordstankar;1;100;0;;;;;;0;;;0;0;;;;;0;0;0;0;0;0;;0;0;0;0;2;5;Självmordstankar
Äter mer;;;;;;;;;;;;;;;;;;;;;;;;;;;;;;;Äter mer
Tvångar;;;;;;;;;;;;;;;;;;;;;;;;;;;;;;;Tvångar
Ältar;1;0;0;;;;;;0;;;0;0;;0;;;;48;47;5;0;0;;0;0;0;0;3;86;Ältar
Orostankar;1;0;0;;;;;;0;;;0;0;;0;;;45;;28;27;0;0;;0;0;0;0;3;93;Oro
Flashbacks;1;100;0;;;;;;0;;;0;0;;0;;;0;0;;;;;;;;;;1;95;Flashbacks
Panikångest;1;100;0;;;;;;0;;;0;0;;0;;;0;0;;;;;;;;;;32;91;Panikångest
Smärta;1;100;0;;;;;;0;;;0;0;;0;;;0;0;;;;;;;;;;50;6;Smärta
Social ångest;1;66;0;;;;;;34;;;0;0;;0;;;0;0;;;;;;;;;;12;85;Social ångest
Ensam/ledsen;;;;;;;;;;;;;;;;;;;;;;;;;;;;;;;Ensam/ledsen
Trött;1;11;0;;;;;;0;;;0;0;;0;;;63;26;;;;;;;;;;4;4;Trött
Stressad;1;73;0;;;;;;0;;;0;0;;0;;;27;0;;;;;;;;;;6;6;Stressad
Uttråkad;1;31;0;;;;;;0;;;0;0;;0;;;69;0;;;;;;;;;;2;88;Uttråkad
Arg;1;100;0;;;;;;0;;;0;0;;0;;;0;0;;;;;;;;;;89;1;Arg
SUMMA;;;0;0;0;0;0;0;62;0;0;0;0;0;0;0;0;234;74;159;158;0;32;0;0;0;0;0;;;
;;;;;;;;;;;;;;;;;;;;;;;;;;;;;;;
;Obs: följ en rad högerut för att se vad problemet ORSAKAS av;;;;;;;;;;;;;;;;;;;;;;;;;;;;;;
;Följ en kolumn neråt för att se vad problemen i översta raden LEDER TILL;;;;;;;;;;;;;;;;;;;;;;;;;;;;;;
