﻿981454;;Unkn;Äter mindre;Tränar inte;Somnar sent;Vilar;Bråkar;Sjukdomsoro;Fokuserar inte;Sociala medier;Stannar hemma;Skjuter upp;Alkohol/droger;Självskadar;Självmordstankar;Äter mer;Tvångar;Ältar;Oro;Flashbacks;Panikångest;Smärta;Social ångest;Ensam/ledsen;Trött;Stressad;Uttråkad;Arg;Modify?;Painful?;
;Relev?;;1;;;;1;;1;;1;1;;;;;;;1;;1;1;1;1;1;1;1;1;;;
Äter mindre;1;0;;;;;0;;62;;0;0;;;;;;;28;;0;10;0;0;0;0;0;0;48;12;Äter mindre
Tränar inte;;;;;;;;;;;;;;;;;;;;;;;;;;;;;;;Tränar inte
Somnar sent;;;;;;;;;;;;;;;;;;;;;;;;;;;;;;;Somnar sent
Vilar;;;;;;;;;;;;;;;;;;;;;;;;;;;;;;;Vilar
Bråkar;1;100;0;;;;;;0;;0;0;;;;;;;0;;0;0;0;0;0;0;0;0;81;52;Bråkar
Sjukdomsoro;;;;;;;;;;;;;;;;;;;;;;;;;;;;;;;Sjukdomsoro
Fokuserar inte;1;0;0;;;;0;;;;0;0;;;;;;;0;;22;0;0;0;41;37;0;0;70;40;Fokuserar inte
Sociala medier;;;;;;;;;;;;;;;;;;;;;;;;;;;;;;;Sociala medier
Stannar hemma;1;0;0;;;;0;;47;;;0;;;;;;;38;;0;0;0;0;0;15;0;0;53;68;Stannar hemma
Skjuter upp;1;0;0;;;;0;;0;;0;;;;;;;;0;;30;0;0;0;48;22;0;0;67;27;Skjuter upp
Alkohol/droger;;;;;;;;;;;;;;;;;;;;;;;;;;;;;;;Alkohol/droger
Självskadar;;;;;;;;;;;;;;;;;;;;;;;;;;;;;;;Självskadar
Självmordstankar;;;;;;;;;;;;;;;;;;;;;;;;;;;;;;;Självmordstankar
Äter mer;;;;;;;;;;;;;;;;;;;;;;;;;;;;;;;Äter mer
Tvångar;;;;;;;;;;;;;;;;;;;;;;;;;;;;;;;Tvångar
Ältar;;;;;;;;;;;;;;;;;;;;;;;;;;;;;;;Ältar
Oro;1;100;0;;;;0;;0;;0;0;;;;;;;;;0;0;0;0;0;0;0;0;79;74;Oro
Flashbacks;;;;;;;;;;;;;;;;;;;;;;;;;;;;;;;Flashbacks
Panikångest;1;0;0;;;;0;;0;;0;0;;;;;;;100;;;;;;;;;;66;52;Panikångest
Smärta;1;0;34;;;;0;;40;;0;0;;;;;;;26;;;;;;;;;;47;64;Smärta
Social ångest;1;0;0;;;;0;;51;;0;0;;;;;;;49;;;;;;;;;;54;56;Social ångest
Ensam/ledsen;1;0;0;;;;0;;50;;0;0;;;;;;;50;;;;;;;;;;76;77;Ensam/ledsen
Trött;1;100;0;;;;0;;0;;0;0;;;;;;;0;;;;;;;;;;49;71;Trött
Stressad;1;0;0;;;;33;;39;;0;0;;;;;;;28;;;;;;;;;;73;52;Stressad
Uttråkad;1;0;0;;;;0;;40;;0;10;;;;;;;50;;;;;;;;;;79;54;Uttråkad
Arg;1;100;0;;;;0;;0;;0;0;;;;;;;0;;;;;;;;;;47;51;Arg
SUMMA;;;34;0;0;0;33;0;329;0;0;10;0;0;0;0;0;0;369;0;52;10;0;0;89;74;0;0;;;
;;;;;;;;;;;;;;;;;;;;;;;;;;;;;;;
;Obs: följ en rad högerut för att se vad problemet ORSAKAS av;;;;;;;;;;;;;;;;;;;;;;;;;;;;;;
;Följ en kolumn neråt för att se vad problemen i översta raden LEDER TILL;;;;;;;;;;;;;;;;;;;;;;;;;;;;;;
