﻿995565;;Unkn;Äter mindre;Tränar inte;Somnar sent;Vilar;Bråkar;Sjukdomsoro;Fokuserar inte;Sociala medier;Stannar hemma;Skjuter upp;Alkohol/droger;Självskadar;Självmordstankar;Äter mer;Tvångar;Ältar;Orostankar;Flashbacks;Panikångest;Smärta;Social ångest;Ensam/ledsen;Trött;Stressad;Uttråkad;Arg;Modify?;Painful?;
;Relev?;;1;1;1;;;;;1;1;;1;;;;;;;;1;;;;1;1;1;;;;
Äter mindre;1;18;;25;39;;;;;0;0;;0;;;;;;;;0;;;;18;0;0;;77;17;Äter mindre
Tränar inte;1;0;0;;47;;;;;0;46;;0;;;;;;;;0;;;;7;0;0;;75;56;Tränar inte
Somnar sent;1;0;0;39;;;;;;0;0;;9;;;;;;;;0;;;;0;52;0;;52;82;Somnar sent
Vilar;;;;;;;;;;;;;;;;;;;;;;;;;;;;;;;Vilar
Bråkar;;;;;;;;;;;;;;;;;;;;;;;;;;;;;;;Bråkar
Sjukdomstankar;;;;;;;;;;;;;;;;;;;;;;;;;;;;;;;Sjukdomsoro
Fokuserar inte;;;;;;;;;;;;;;;;;;;;;;;;;;;;;;;Fokuserar inte
Sociala medier;1;0;0;0;0;;;;;;0;;0;;;;;;;;12;;;;41;47;0;;75;37;Sociala medier
Stannar hemma;1;0;0;0;34;;;;;0;;;0;;;;;;;;0;;;;33;33;0;;49;54;Stannar hemma
Skjuter upp;;;;;;;;;;;;;;;;;;;;;;;;;;;;;;;Skjuter upp
Alkohol/droger;1;0;0;0;0;;;;;0;0;;;;;;;;;;32;;;;11;57;0;;48;36;Alkohol/droger
Självskadar;;;;;;;;;;;;;;;;;;;;;;;;;;;;;;;Självskadar
Självmordstankar;;;;;;;;;;;;;;;;;;;;;;;;;;;;;;;Självmordstankar
Äter mer;;;;;;;;;;;;;;;;;;;;;;;;;;;;;;;Äter mer
Tvångar;;;;;;;;;;;;;;;;;;;;;;;;;;;;;;;Tvångar
Ältar;;;;;;;;;;;;;;;;;;;;;;;;;;;;;;;Ältar
Orostankar;;;;;;;;;;;;;;;;;;;;;;;;;;;;;;;Oro
Flashbacks;;;;;;;;;;;;;;;;;;;;;;;;;;;;;;;Flashbacks
Panikångest;1;0;0;50;50;;;;;0;0;;0;;;;;;;;;;;;;;;;62;56;Panikångest
Smärta;;;;;;;;;;;;;;;;;;;;;;;;;;;;;;;Smärta
Social ångest;;;;;;;;;;;;;;;;;;;;;;;;;;;;;;;Social ångest
Ensam/ledsen;;;;;;;;;;;;;;;;;;;;;;;;;;;;;;;Ensam/ledsen
Trött;1;3;0;38;59;;;;;0;0;;0;;;;;;;;;;;;;;;;51;80;Trött
Stressad;1;47;0;16;37;;;;;0;0;;0;;;;;;;;;;;;;;;;55;74;Stressad
Uttråkad;1;0;0;18;58;;;;;24;0;;0;;;;;;;;;;;;;;;;52;59;Uttråkad
Arg;;;;;;;;;;;;;;;;;;;;;;;;;;;;;;;Arg
SUMMA;;;0;186;324;0;0;0;0;24;46;0;9;0;0;0;0;0;0;0;44;0;0;0;110;189;0;0;;;
;;;;;;;;;;;;;;;;;;;;;;;;;;;;;;;
;Obs: följ en rad högerut för att se vad problemet ORSAKAS av;;;;;;;;;;;;;;;;;;;;;;;;;;;;;;
;Följ en kolumn neråt för att se vad problemen i översta raden LEDER TILL;;;;;;;;;;;;;;;;;;;;;;;;;;;;;;
