﻿995551;;Unkn;Äter mindre;Tränar inte;Somnar sent;Vilar;Bråkar;Sjukdomsoro;Fokuserar inte;Sociala medier;Stannar hemma;Skjuter upp;Alkohol/droger;Självskadar;Självmordstankar;Äter mer;Tvångar;Ältar;Orostankar;Flashbacks;Panikångest;Smärta;Social ångest;Ensam/ledsen;Trött;Stressad;Uttråkad;Arg;Modify?;Painful?;
;Relev?;;;1;;;;;1;;;1;;;;1;;1;;;;;;1;;;1;;;;
Äter mindre;;;;;;;;;;;;;;;;;;;;;;;;;;;;;;;Äter mindre
Tränar inte;1;35;;;;;;;0;;;0;;;;0;;33;;;;;;0;;;32;;80;20;Tränar inte
Somnar sent;;;;;;;;;;;;;;;;;;;;;;;;;;;;;;;Somnar sent
Vilar;;;;;;;;;;;;;;;;;;;;;;;;;;;;;;;Vilar
Bråkar;;;;;;;;;;;;;;;;;;;;;;;;;;;;;;;Bråkar
Sjukdomstankar;;;;;;;;;;;;;;;;;;;;;;;;;;;;;;;Sjukdomsoro
Fokuserar inte;1;0;;0;;;;;;;;26;;;;0;;0;;;;;;50;;;24;;50;25;Fokuserar inte
Sociala medier;;;;;;;;;;;;;;;;;;;;;;;;;;;;;;;Sociala medier
Stannar hemma;;;;;;;;;;;;;;;;;;;;;;;;;;;;;;;Stannar hemma
Skjuter upp;1;0;;0;;;;;0;;;;;;;0;;34;;;;;;39;;;27;;55;40;Skjuter upp
Alkohol/droger;;;;;;;;;;;;;;;;;;;;;;;;;;;;;;;Alkohol/droger
Självskadar;;;;;;;;;;;;;;;;;;;;;;;;;;;;;;;Självskadar
Självmordstankar;;;;;;;;;;;;;;;;;;;;;;;;;;;;;;;Självmordstankar
Äter mer;1;0;;0;;;;;0;;;0;;;;;;0;;;;;;42;;;58;;75;4;Äter mer
Tvångar;;;;;;;;;;;;;;;;;;;;;;;;;;;;;;;Tvångar
Ältar;1;0;;0;;;;;0;;;0;;;;0;;;;;;;;68;;;32;;20;66;Ältar
Orostankar;;;;;;;;;;;;;;;;;;;;;;;;;;;;;;;Oro
Flashbacks;;;;;;;;;;;;;;;;;;;;;;;;;;;;;;;Flashbacks
Panikångest;;;;;;;;;;;;;;;;;;;;;;;;;;;;;;;Panikångest
Smärta;;;;;;;;;;;;;;;;;;;;;;;;;;;;;;;Smärta
Social ångest;;;;;;;;;;;;;;;;;;;;;;;;;;;;;;;Social ångest
Ensam/ledsen;1;100;;0;;;;;0;;;0;;;;0;;0;;;;;;;;;;;10;80;Ensam/ledsen
Trött;;;;;;;;;;;;;;;;;;;;;;;;;;;;;;;Trött
Stressad;;;;;;;;;;;;;;;;;;;;;;;;;;;;;;;Stressad
Uttråkad;1;100;;0;;;;;0;;;0;;;;0;;0;;;;;;;;;;;10;81;Uttråkad
Arg;;;;;;;;;;;;;;;;;;;;;;;;;;;;;;;Arg
SUMMA;;;0;0;0;0;0;0;0;0;0;26;0;0;0;0;0;67;0;0;0;0;0;199;0;0;173;0;;;
;;;;;;;;;;;;;;;;;;;;;;;;;;;;;;;
;Obs: följ en rad högerut för att se vad problemet ORSAKAS av;;;;;;;;;;;;;;;;;;;;;;;;;;;;;;
;Följ en kolumn neråt för att se vad problemen i översta raden LEDER TILL;;;;;;;;;;;;;;;;;;;;;;;;;;;;;;
