﻿999219;;Unkn;Äter mindre;Tränar inte;Somnar sent;Vilar;Bråkar;Sjukdomsoro;Fokuserar inte;Sociala medier;Stannar hemma;Skjuter upp;Alkohol/droger;Självskadar;Självmordstankar;Äter mer;Tvångar;Ältar;Orostankar;Flashbacks;Panikångest;Smärta;Social ångest;Ensam/ledsen;Trött;Stressad;Uttråkad;Arg;Modify?;Painful?;
;Relev?;;1;;1;1;;;;1;;1;;;;1;;1;;;1;1;;1;1;1;1;;;;
Äter mindre;1;0;;;0;32;;;;0;;0;;;;61;;7;;;0;0;;0;0;0;0;;70;29;Äter mindre
Tränar inte;;;;;;;;;;;;;;;;;;;;;;;;;;;;;;;Tränar inte
Somnar sent;1;0;0;;;0;;;;50;;0;;;;0;;0;;;0;25;;25;0;0;0;;80;29;Somnar sent
Vilar;1;0;0;;0;;;;;0;;0;;;;0;;0;;;0;0;;0;100;0;0;;62;4;Vilar
Bråkar;;;;;;;;;;;;;;;;;;;;;;;;;;;;;;;Bråkar
Sjukdomstankar;;;;;;;;;;;;;;;;;;;;;;;;;;;;;;;Sjukdomsoro
Fokuserar inte;;;;;;;;;;;;;;;;;;;;;;;;;;;;;;;Fokuserar inte
Sociala medier;1;0;0;;50;0;;;;;;0;;;;0;;0;;;0;0;;0;0;0;50;;78;11;Sociala medier
Stannar hemma;;;;;;;;;;;;;;;;;;;;;;;;;;;;;;;Stannar hemma
Skjuter upp;1;0;0;;52;0;;;;0;;;;;;0;;0;;;0;48;;0;0;0;0;;70;16;Skjuter upp
Alkohol/droger;;;;;;;;;;;;;;;;;;;;;;;;;;;;;;;Alkohol/droger
Självskadar;;;;;;;;;;;;;;;;;;;;;;;;;;;;;;;Självskadar
Självmordstankar;;;;;;;;;;;;;;;;;;;;;;;;;;;;;;;Självmordstankar
Äter mer;1;0;100;;0;0;;;;0;;0;;;;;;0;;;0;0;;0;0;0;0;;72;36;Äter mer
Tvångar;;;;;;;;;;;;;;;;;;;;;;;;;;;;;;;Tvångar
Ältar;1;0;0;;100;0;;;;0;;0;;;;0;;;;;0;0;;0;0;0;0;;78;42;Ältar
Orostankar;;;;;;;;;;;;;;;;;;;;;;;;;;;;;;;Oro
Flashbacks;;;;;;;;;;;;;;;;;;;;;;;;;;;;;;;Flashbacks
Panikångest;1;0;0;;0;0;;;;0;;0;;;;0;;100;;;;;;;;;;;76;54;Panikångest
Smärta;1;0;100;;0;0;;;;0;;0;;;;0;;0;;;;;;;;;;;77;33;Smärta
Social ångest;;;;;;;;;;;;;;;;;;;;;;;;;;;;;;;Social ångest
Ensam/ledsen;1;0;0;;0;0;;;;100;;0;;;;0;;0;;;;;;;;;;;69;63;Ensam/ledsen
Trött;1;0;0;;100;0;;;;0;;0;;;;0;;0;;;;;;;;;;;83;35;Trött
Stressad;1;0;0;;0;0;;;;0;;59;;;;0;;41;;;;;;;;;;;78;35;Stressad
Uttråkad;1;0;0;;0;0;;;;0;;50;;;;0;;50;;;;;;;;;;;57;55;Uttråkad
Arg;;;;;;;;;;;;;;;;;;;;;;;;;;;;;;;Arg
SUMMA;;;200;0;302;32;0;0;0;150;0;109;0;0;0;61;0;198;0;0;0;73;0;25;100;0;50;0;;;
;;;;;;;;;;;;;;;;;;;;;;;;;;;;;;;
;Obs: följ en rad högerut för att se vad problemet ORSAKAS av;;;;;;;;;;;;;;;;;;;;;;;;;;;;;;
;Följ en kolumn neråt för att se vad problemen i översta raden LEDER TILL;;;;;;;;;;;;;;;;;;;;;;;;;;;;;;
